t, hrl, hpl, kl, wl, hrl_fb, hpl_fb, kl_fb, wl_fb
0.002,0.0523599,0.261799,-0.563811,0,0.0523599,0.261799,-0.563811,-6.59574e-10
0.004,0.0523599,0.261799,-0.563811,0,0.0523599,0.261799,-0.563811,-2.19523e-09
0.006,0.0523599,0.261799,-0.563811,0,0.0523599,0.261799,-0.563811,-4.08316e-09
0.008,0.0523599,0.261799,-0.563811,0,0.0523599,0.261799,-0.56381,-5.97216e-09
0.01,0.0523599,0.261799,-0.563811,0,0.0523598,0.261799,-0.56381,-7.63775e-09
0.012,0.0523599,0.261799,-0.563811,0,0.0523598,0.261799,-0.56381,-8.94728e-09
0.014,0.0523599,0.261799,-0.563811,0,0.0523598,0.261799,-0.56381,-9.83345e-09
0.016,0.0523599,0.261799,-0.563811,0,0.0523597,0.261799,-0.563809,-1.02745e-08
0.018,0.0523599,0.261799,-0.563811,0,0.0523597,0.261799,-0.563809,-1.02791e-08
0.02,0.0523599,0.261799,-0.563811,0,0.0523597,0.261799,-0.563808,-9.87612e-09
0.022,0.0523599,0.261799,-0.563811,0,0.0523638,0.261858,-0.563963,8.00707e-05
0.024,0.0523599,0.261799,-0.563811,0,0.0523793,0.262062,-0.56455,0.000386544
0.026,-0.0193048,0.412137,-0.266996,0,0.0524041,0.26236,-0.565518,0.00090197
0.028,-0.0193048,0.412137,-0.266996,0,0.0524337,0.262805,-0.566738,0.00145975
0.03,-0.0193048,0.412137,-0.266996,0,0.0524638,0.263442,-0.568083,0.0019159
0.032,-0.0193048,0.412137,-0.266996,0,0.0524932,0.264213,-0.569517,0.00228604
0.034,-0.0193048,0.412137,-0.266996,0,0.0525212,0.265074,-0.571009,0.00258312
0.036,-0.0193048,0.412137,-0.266996,0,0.0525471,0.26599,-0.572532,0.00281783
0.038,-0.0193048,0.412137,-0.266996,0,0.0525702,0.266939,-0.574068,0.00299732
0.04,-0.0193048,0.412137,-0.266996,0,0.0525902,0.267902,-0.575598,0.00311983
0.042,-0.0557811,0.423405,-0.147146,0,0.0526072,0.268868,-0.57711,0.00318075
0.044,-0.0557811,0.423405,-0.147146,0,0.0526212,0.269824,-0.578561,0.00311322
0.046,-0.0557811,0.423405,-0.147146,0,0.0526321,0.270763,-0.579916,0.00285416
0.048,-0.0557811,0.423405,-0.147146,0,0.0526402,0.271685,-0.581171,0.00240661
0.05,-0.0557811,0.423405,-0.147146,0,0.0526457,0.272589,-0.582326,0.00177377
0.052,-0.0557811,0.423405,-0.147146,0,0.0526485,0.273478,-0.583379,0.000959016
0.054,-0.0557811,0.423405,-0.147146,0,0.0526485,0.274352,-0.584329,-3.41021e-05
0.056,-0.0557811,0.423405,-0.147146,0,0.0526457,0.275213,-0.585178,-0.00120192
0.058,-0.0557811,0.423405,-0.147146,0,0.0526401,0.276062,-0.585927,-0.00254064
0.06,-0.0557811,0.423405,-0.147146,0,0.052632,0.276901,-0.586575,-0.00404626
0.062,-0.0359377,0.385137,-0.19026,0,0.0526218,0.27773,-0.587127,-0.00571462
0.064,-0.0359377,0.385137,-0.19026,0,0.0526112,0.278532,-0.587595,-0.00752949
0.066,-0.0359377,0.385137,-0.19026,0,0.0526023,0.279291,-0.587993,-0.00947619
0.068,-0.0359377,0.385137,-0.19026,0,0.0525947,0.280015,-0.588325,-0.0115538
0.07,-0.0359377,0.385137,-0.19026,0,0.0525879,0.280714,-0.588595,-0.0137598
0.072,-0.0359377,0.385137,-0.19026,0,0.0525821,0.281396,-0.588811,-0.0160906
0.074,-0.0359377,0.385137,-0.19026,0,0.0525773,0.282065,-0.588973,-0.0185443
0.076,-0.0359377,0.385137,-0.19026,0,0.0525732,0.282722,-0.589084,-0.0211192
0.078,-0.0359377,0.385137,-0.19026,0,0.0525697,0.28337,-0.589145,-0.0238136
0.08,-0.0359377,0.385137,-0.19026,0,0.0525667,0.284008,-0.589155,-0.0266258
0.082,-0.0228258,0.373416,-0.228408,0,0.0525642,0.284639,-0.589117,-0.029554
0.084,-0.0228258,0.373416,-0.228408,0,0.0525623,0.285266,-0.589045,-0.032586
0.086,-0.0228258,0.373416,-0.228408,0,0.0525612,0.285891,-0.588953,-0.03571
0.088,-0.0228258,0.373416,-0.228408,0,0.0525608,0.286513,-0.588839,-0.0389253
0.09,-0.0228258,0.373416,-0.228408,0,0.0525609,0.287131,-0.588705,-0.0422315
0.092,-0.0228258,0.373416,-0.228408,0,0.0525614,0.287745,-0.588549,-0.045628
0.094,-0.0228258,0.373416,-0.228408,0,0.0525623,0.288354,-0.588372,-0.0491147
0.096,-0.0228258,0.373416,-0.228408,0,0.0525634,0.288956,-0.588184,-0.0526443
0.098,-0.0228258,0.373416,-0.228408,0,0.0525646,0.289543,-0.588004,-0.0561269
0.1,-0.0228258,0.373416,-0.228408,0,0.0525659,0.290115,-0.587829,-0.0595713
0.102,-0.0175797,0.378897,-0.249979,0,0.0525672,0.290673,-0.587655,-0.0629858
0.104,-0.0175797,0.378897,-0.249979,0,0.0525686,0.291232,-0.587487,-0.0663736
0.106,-0.0175797,0.378897,-0.249979,0,0.0525703,0.291803,-0.587331,-0.0697363
0.108,-0.0175797,0.378897,-0.249979,0,0.0525722,0.292382,-0.587184,-0.0730788
0.11,-0.0175797,0.378897,-0.249979,0,0.0525743,0.292964,-0.587042,-0.0764057
0.112,-0.0175797,0.378897,-0.249979,0,0.0525764,0.293549,-0.586902,-0.079721
0.114,-0.0175797,0.378897,-0.249979,0,0.0525786,0.294132,-0.586764,-0.0830289
0.116,-0.0175797,0.378897,-0.249979,0,0.0525809,0.294713,-0.586624,-0.0863328
0.118,-0.0175797,0.378897,-0.249979,0,0.0525832,0.295292,-0.586483,-0.0896362
0.12,-0.0175797,0.378897,-0.249979,0,0.0525855,0.295867,-0.586339,-0.0929423
0.122,-0.0177693,0.384473,-0.255662,0,0.0525878,0.296437,-0.586191,-0.0962541
0.124,-0.0177693,0.384473,-0.255662,0,0.0525901,0.29701,-0.586041,-0.0995686
0.126,-0.0177693,0.384473,-0.255662,0,0.0525925,0.297592,-0.585893,-0.102882
0.128,-0.0177693,0.384473,-0.255662,0,0.0525951,0.298181,-0.585744,-0.106198
0.13,-0.0177693,0.384473,-0.255662,0,0.0525977,0.298773,-0.585595,-0.109517
0.132,-0.0177693,0.384473,-0.255662,0,0.0526006,0.299366,-0.585443,-0.112842
0.134,-0.0177693,0.384473,-0.255662,0,0.0526036,0.29996,-0.58529,-0.116175
0.136,-0.0177693,0.384473,-0.255662,0,0.0526068,0.300553,-0.585134,-0.119518
0.138,-0.0177693,0.384473,-0.255662,0,0.0526102,0.301144,-0.584975,-0.122874
0.14,-0.0177693,0.384473,-0.255662,0,0.0526139,0.301732,-0.584813,-0.126243
0.142,-0.0195131,0.388618,-0.256154,0,0.0526178,0.302317,-0.584648,-0.129629
0.144,-0.0195131,0.388618,-0.256154,0,0.0526219,0.302901,-0.584482,-0.133023
0.146,-0.0195131,0.388618,-0.256154,0,0.0526262,0.303485,-0.584315,-0.136417
0.148,-0.0195131,0.388618,-0.256154,0,0.0526306,0.304069,-0.584148,-0.139815
0.15,-0.0195131,0.388618,-0.256154,0,0.0526352,0.30465,-0.583981,-0.143217
0.152,-0.0195131,0.388618,-0.256154,0,0.0526399,0.30523,-0.583813,-0.146626
0.154,-0.0195131,0.388618,-0.256154,0,0.0526448,0.305806,-0.583645,-0.150045
0.156,-0.0195131,0.388618,-0.256154,0,0.0526498,0.306379,-0.583477,-0.153476
0.158,-0.0195131,0.388618,-0.256154,0,0.0526549,0.306949,-0.583308,-0.15692
0.16,-0.0195131,0.388618,-0.256154,0,0.0526602,0.307516,-0.583138,-0.16038
0.162,-0.0225431,0.393349,-0.253629,0,0.0526657,0.30808,-0.582967,-0.163858
0.164,-0.0225431,0.393349,-0.253629,0,0.0526713,0.308641,-0.582797,-0.167343
0.166,-0.0225431,0.393349,-0.253629,0,0.0526768,0.309201,-0.582628,-0.170824
0.168,-0.0225431,0.393349,-0.253629,0,0.0526824,0.309759,-0.582461,-0.174304
0.17,-0.0225431,0.393349,-0.253629,0,0.0526881,0.310314,-0.582295,-0.177787
0.172,-0.0225431,0.393349,-0.253629,0,0.052694,0.310867,-0.582131,-0.181274
0.174,-0.0225431,0.393349,-0.253629,0,0.0526999,0.311416,-0.581968,-0.184767
0.176,-0.0225431,0.393349,-0.253629,0,0.0527061,0.311961,-0.581806,-0.18827
0.178,-0.0225431,0.393349,-0.253629,0,0.0527125,0.312503,-0.581645,-0.191785
0.18,-0.0225431,0.393349,-0.253629,0,0.0527191,0.31304,-0.581486,-0.195313
0.182,-0.0273116,0.399692,-0.248146,0,0.0527259,0.313571,-0.581325,-0.19886
0.184,-0.0273116,0.399692,-0.248146,0,0.052733,0.314098,-0.581162,-0.202411
0.186,-0.0273116,0.399692,-0.248146,0,0.0527401,0.314623,-0.580998,-0.205957
0.188,-0.0273116,0.399692,-0.248146,0,0.0527474,0.315143,-0.580842,-0.209457
0.19,-0.0273116,0.399692,-0.248146,0,0.0527547,0.315653,-0.580712,-0.212831
0.192,-0.0273116,0.399692,-0.248146,0,0.0527619,0.316152,-0.580605,-0.21609
0.194,-0.0273116,0.399692,-0.248146,0,0.052769,0.31664,-0.580516,-0.219243
0.196,-0.0273116,0.399692,-0.248146,0,0.0527758,0.317118,-0.580443,-0.2223
0.198,-0.0273116,0.399692,-0.248146,0,0.0527824,0.317585,-0.580383,-0.225269
0.2,-0.0273116,0.399692,-0.248146,0,0.0527888,0.318044,-0.580333,-0.228158
0.202,-0.0358301,0.403106,-0.238191,0,0.052795,0.318494,-0.580292,-0.230975
0.204,-0.0358301,0.403106,-0.238191,0,0.052801,0.318934,-0.580255,-0.233713
0.206,-0.0358301,0.403106,-0.238191,0,0.0528066,0.319364,-0.580221,-0.236368
0.208,-0.0358301,0.403106,-0.238191,0,0.0528119,0.319785,-0.580186,-0.238946
0.21,-0.0358301,0.403106,-0.238191,0,0.052817,0.320197,-0.580152,-0.241454
0.212,-0.0358301,0.403106,-0.238191,0,0.0528219,0.320603,-0.580115,-0.243896
0.214,-0.0358301,0.403106,-0.238191,0,0.0528265,0.321002,-0.580077,-0.246278
0.216,-0.0358301,0.403106,-0.238191,0,0.0528311,0.321395,-0.580036,-0.248605
0.218,-0.0358301,0.403106,-0.238191,0,0.0528355,0.321782,-0.579992,-0.25088
0.22,-0.0358301,0.403106,-0.238191,0,0.0528398,0.322166,-0.579944,-0.253109
0.222,-0.0437481,0.399667,-0.230173,0,0.052844,0.322544,-0.579893,-0.255293
0.224,-0.0437481,0.399667,-0.230173,0,0.0528479,0.322911,-0.579834,-0.257426
0.226,-0.0437481,0.399667,-0.230173,0,0.0528516,0.323259,-0.579766,-0.2595
0.228,-0.0437481,0.399667,-0.230173,0,0.0528549,0.323591,-0.579688,-0.261518
0.23,-0.0437481,0.399667,-0.230173,0,0.0528581,0.323911,-0.579603,-0.263487
0.232,-0.0437481,0.399667,-0.230173,0,0.052861,0.32422,-0.57951,-0.265408
0.234,-0.0437481,0.399667,-0.230173,0,0.0528638,0.324519,-0.579411,-0.267286
0.236,-0.0437481,0.399667,-0.230173,0,0.0528665,0.324812,-0.579305,-0.269123
0.238,-0.0437481,0.399667,-0.230173,0,0.0528691,0.325098,-0.579194,-0.270924
0.24,-0.0437481,0.399667,-0.230173,0,0.0528715,0.325378,-0.579078,-0.27269
0.242,-0.0506558,0.394092,-0.229103,0,0.0528739,0.325655,-0.578957,-0.274424
0.244,-0.0506558,0.394092,-0.229103,0,0.0528761,0.325919,-0.57883,-0.276117
0.246,-0.0506558,0.394092,-0.229103,0,0.052878,0.326165,-0.578696,-0.27776
0.248,-0.0506558,0.394092,-0.229103,0,0.0528797,0.326397,-0.578556,-0.279358
0.25,-0.0506558,0.394092,-0.229103,0,0.0528813,0.326617,-0.578411,-0.280914
0.252,-0.0506558,0.394092,-0.229103,0,0.0528826,0.326827,-0.578261,-0.282431
0.254,-0.0506558,0.394092,-0.229103,0,0.0528838,0.32703,-0.578107,-0.283912
0.256,-0.0506558,0.394092,-0.229103,0,0.0528849,0.327226,-0.577949,-0.285359
0.258,-0.0506558,0.394092,-0.229103,0,0.052886,0.327418,-0.577788,-0.286775
0.26,-0.0506558,0.394092,-0.229103,0,0.0528869,0.327605,-0.577624,-0.288162
0.262,-0.0569552,0.39045,-0.232142,0,0.0528877,0.327789,-0.577457,-0.289522
0.264,-0.0569552,0.39045,-0.232142,0,0.0528884,0.327965,-0.577288,-0.290848
0.266,-0.0569552,0.39045,-0.232142,0,0.0528889,0.328133,-0.577116,-0.292132
0.268,-0.0569552,0.39045,-0.232142,0,0.0528893,0.328293,-0.576944,-0.293376
0.27,-0.0569552,0.39045,-0.232142,0,0.0528895,0.328447,-0.57677,-0.294584
0.272,-0.0569552,0.39045,-0.232142,0,0.0528895,0.328596,-0.576595,-0.295758
0.274,-0.0569552,0.39045,-0.232142,0,0.0528895,0.328741,-0.576419,-0.296901
0.276,-0.0569552,0.39045,-0.232142,0,0.0528894,0.328882,-0.576243,-0.298013
0.278,-0.0569552,0.39045,-0.232142,0,0.0528893,0.32902,-0.576066,-0.299098
0.28,-0.0569552,0.39045,-0.232142,0,0.052889,0.329157,-0.575888,-0.300157
0.282,-0.0626699,0.389585,-0.235872,0,0.0528888,0.329291,-0.575709,-0.301192
0.284,-0.0626699,0.389585,-0.235872,0,0.0528884,0.329424,-0.575532,-0.302196
0.286,-0.0626699,0.389585,-0.235872,0,0.0528878,0.329556,-0.575356,-0.303165
0.288,-0.0626699,0.389585,-0.235872,0,0.0528872,0.329687,-0.575181,-0.304101
0.29,-0.0626699,0.389585,-0.235872,0,0.0528863,0.329817,-0.575008,-0.305004
0.292,-0.0626699,0.389585,-0.235872,0,0.0528854,0.329946,-0.574836,-0.305878
0.294,-0.0626699,0.389585,-0.235872,0,0.0528845,0.330075,-0.574665,-0.306723
0.296,-0.0626699,0.389585,-0.235872,0,0.0528834,0.330203,-0.574496,-0.307542
0.298,-0.0626699,0.389585,-0.235872,0,0.0528823,0.330331,-0.574327,-0.308336
0.3,-0.0626699,0.389585,-0.235872,0,0.0528811,0.330457,-0.574159,-0.309106
0.302,-0.067483,0.390357,-0.239027,0,0.0528798,0.330583,-0.573992,-0.309853
0.304,-0.067483,0.390357,-0.239027,0,0.0528785,0.330711,-0.573828,-0.310573
0.306,-0.067483,0.390357,-0.239027,0,0.052877,0.330842,-0.573666,-0.311263
0.308,-0.067483,0.390357,-0.239027,0,0.0528755,0.330976,-0.573508,-0.311923
0.31,-0.067483,0.390357,-0.239027,0,0.0528738,0.331113,-0.573352,-0.312555
0.312,-0.067483,0.390357,-0.239027,0,0.052872,0.331251,-0.573199,-0.31316
0.314,-0.067483,0.390357,-0.239027,0,0.0528701,0.331389,-0.573048,-0.31374
0.316,-0.067483,0.390357,-0.239027,0,0.0528682,0.331529,-0.572899,-0.314294
0.318,-0.067483,0.390357,-0.239027,0,0.0528661,0.331669,-0.572751,-0.314826
0.32,-0.067483,0.390357,-0.239027,0,0.052864,0.331808,-0.572606,-0.315335
0.322,-0.0713213,0.392013,-0.240872,0,0.0528618,0.331947,-0.572461,-0.315823
0.324,-0.0713213,0.392013,-0.240872,0,0.0528595,0.332089,-0.57232,-0.316287
0.326,-0.0713213,0.392013,-0.240872,0,0.0528571,0.332237,-0.572182,-0.316723
0.328,-0.0713213,0.392013,-0.240872,0,0.0528546,0.332389,-0.572048,-0.317132
0.33,-0.0713213,0.392013,-0.240872,0,0.0528519,0.332543,-0.571917,-0.317516
0.332,-0.0713213,0.392013,-0.240872,0,0.0528492,0.3327,-0.571789,-0.317876
0.334,-0.0713213,0.392013,-0.240872,0,0.0528463,0.332859,-0.571663,-0.318211
0.336,-0.0713213,0.392013,-0.240872,0,0.0528434,0.333018,-0.571539,-0.318524
0.338,-0.0713213,0.392013,-0.240872,0,0.0528404,0.33318,-0.571417,-0.318815
0.34,-0.0713213,0.392013,-0.240872,0,0.0528375,0.333345,-0.571296,-0.319085
0.342,-0.0739214,0.395793,-0.241367,0,0.0528344,0.333515,-0.571176,-0.319335
0.344,-0.0739214,0.395793,-0.241367,0,0.0528314,0.333691,-0.571059,-0.319564
0.346,-0.0739214,0.395793,-0.241367,0,0.0528282,0.333876,-0.570943,-0.319771
0.348,-0.0739214,0.395793,-0.241367,0,0.0528251,0.334069,-0.570828,-0.319956
0.35,-0.0739214,0.395793,-0.241367,0,0.0528219,0.33427,-0.570713,-0.320119
0.352,-0.0739214,0.395793,-0.241367,0,0.0528186,0.334477,-0.5706,-0.320261
0.354,-0.0739214,0.395793,-0.241367,0,0.0528153,0.334691,-0.570485,-0.320385
0.356,-0.0739214,0.395793,-0.241367,0,0.0528119,0.33491,-0.570371,-0.320493
0.358,-0.0739214,0.395793,-0.241367,0,0.0528084,0.335135,-0.570255,-0.320588
0.36,-0.0739214,0.395793,-0.241367,0,0.0528049,0.335364,-0.570137,-0.320673
0.362,-0.0748157,0.400926,-0.239802,0,0.0528011,0.335597,-0.57002,-0.320748
0.364,-0.0748157,0.400926,-0.239802,0,0.0527972,0.335831,-0.569901,-0.320815
0.366,-0.0748157,0.400926,-0.239802,0,0.0527931,0.336065,-0.569781,-0.320875
0.368,-0.0748157,0.400926,-0.239802,0,0.0527889,0.336299,-0.569659,-0.320929
0.37,-0.0748157,0.400926,-0.239802,0,0.0527846,0.336531,-0.569536,-0.320977
0.372,-0.0748157,0.400926,-0.239802,0,0.0527801,0.336763,-0.56941,-0.321022
0.374,-0.0748157,0.400926,-0.239802,0,0.0527756,0.336993,-0.569282,-0.321063
0.376,-0.0748157,0.400926,-0.239802,0,0.0527709,0.337223,-0.569153,-0.3211
0.378,-0.0748157,0.400926,-0.239802,0,0.0527661,0.337451,-0.569021,-0.321135
0.38,-0.0748157,0.400926,-0.239802,0,0.0527612,0.337677,-0.568888,-0.321168
0.382,-0.0777388,0.398707,-0.240747,0,0.0527562,0.337902,-0.568752,-0.321199
0.384,-0.0777388,0.398707,-0.240747,0,0.052751,0.338127,-0.568616,-0.321227
0.386,-0.0777388,0.398707,-0.240747,0,0.0527455,0.338352,-0.568479,-0.321252
0.388,-0.0777388,0.398707,-0.240747,0,0.0527397,0.338577,-0.568342,-0.321274
0.39,-0.0777388,0.398707,-0.240747,0,0.0527336,0.338803,-0.568205,-0.321293
0.392,-0.0777388,0.398707,-0.240747,0,0.0527272,0.339028,-0.568066,-0.321311
0.394,-0.0777388,0.398707,-0.240747,0,0.0527206,0.339252,-0.567927,-0.321326
0.396,-0.0777388,0.398707,-0.240747,0,0.0527139,0.339475,-0.567788,-0.32134
0.398,-0.0777388,0.398707,-0.240747,0,0.0527069,0.339697,-0.567648,-0.321353
0.4,-0.0777388,0.398707,-0.240747,0,0.0526997,0.339918,-0.567507,-0.321364
0.402,-0.080939,0.401402,-0.24404,0,0.0526924,0.340137,-0.567365,-0.321374
0.404,-0.080939,0.401402,-0.24404,0,0.0526848,0.340361,-0.567225,-0.321382
0.406,-0.080939,0.401402,-0.24404,0,0.0526769,0.340591,-0.567087,-0.321388
0.408,-0.080939,0.401402,-0.24404,0,0.0526686,0.340828,-0.566953,-0.321391
0.41,-0.080939,0.401402,-0.24404,0,0.0526601,0.341069,-0.56682,-0.321392
0.412,-0.080939,0.401402,-0.24404,0,0.0526514,0.341314,-0.566689,-0.321392
0.414,-0.080939,0.401402,-0.24404,0,0.0526424,0.34156,-0.566559,-0.32139
0.416,-0.080939,0.401402,-0.24404,0,0.0526331,0.341808,-0.56643,-0.321386
0.418,-0.080939,0.401402,-0.24404,0,0.0526237,0.342057,-0.566302,-0.321381
0.42,-0.080939,0.401402,-0.24404,0,0.0526141,0.342305,-0.566176,-0.321375
0.422,-0.0855235,0.40588,-0.246588,0,0.0526042,0.342553,-0.566049,-0.321368
0.424,-0.0855235,0.40588,-0.246588,0,0.0525941,0.342807,-0.565926,-0.321359
0.426,-0.0855235,0.40588,-0.246588,0,0.0525834,0.343072,-0.565807,-0.321347
0.428,-0.0855235,0.40588,-0.246588,0,0.0525723,0.343348,-0.56569,-0.321333
0.43,-0.0855235,0.40588,-0.246588,0,0.0525609,0.34363,-0.565576,-0.321316
0.432,-0.0855235,0.40588,-0.246588,0,0.052549,0.343918,-0.565464,-0.321298
0.434,-0.0855235,0.40588,-0.246588,0,0.0525368,0.34421,-0.565353,-0.321277
0.436,-0.0855235,0.40588,-0.246588,0,0.0525243,0.344505,-0.565243,-0.321256
0.438,-0.0855235,0.40588,-0.246588,0,0.0525114,0.344802,-0.565134,-0.321232
0.44,-0.0855235,0.40588,-0.246588,0,0.0524983,0.345099,-0.565026,-0.321208
0.442,-0.091356,0.410809,-0.24804,0,0.0524848,0.345397,-0.564918,-0.321182
0.444,-0.091356,0.410809,-0.24804,0,0.0524709,0.3457,-0.564812,-0.321154
0.446,-0.091356,0.410809,-0.24804,0,0.0524563,0.346016,-0.564709,-0.321123
0.448,-0.091356,0.410809,-0.24804,0,0.0524412,0.346341,-0.56461,-0.321089
0.45,-0.091356,0.410809,-0.24804,0,0.0524255,0.346673,-0.564513,-0.321052
0.452,-0.091356,0.410809,-0.24804,0,0.0524092,0.347009,-0.564418,-0.321013
0.454,-0.091356,0.410809,-0.24804,0,0.0523926,0.347349,-0.564324,-0.32097
0.456,-0.091356,0.410809,-0.24804,0,0.0523754,0.34769,-0.564231,-0.320924
0.458,-0.091356,0.410809,-0.24804,0,0.0523579,0.348032,-0.56414,-0.320874
0.46,-0.091356,0.410809,-0.24804,0,0.0523399,0.348374,-0.564049,-0.320819
0.462,-0.0983826,0.415578,-0.248931,0,0.0523216,0.348714,-0.563959,-0.320759
0.464,-0.0983826,0.415578,-0.248931,0,0.0523026,0.349057,-0.563872,-0.320685
0.466,-0.0983826,0.415578,-0.248931,0,0.0522828,0.349408,-0.563789,-0.320588
0.468,-0.0983826,0.415578,-0.248931,0,0.0522623,0.349764,-0.56371,-0.320469
0.47,-0.0983826,0.415578,-0.248931,0,0.0522412,0.350123,-0.563634,-0.320327
0.472,-0.0983826,0.415578,-0.248931,0,0.0522194,0.350483,-0.563562,-0.320163
0.474,-0.0983826,0.415578,-0.248931,0,0.052197,0.350842,-0.563491,-0.319977
0.476,-0.0983826,0.415578,-0.248931,0,0.052174,0.3512,-0.563423,-0.31977
0.478,-0.0983826,0.415578,-0.248931,0,0.0521505,0.351555,-0.563356,-0.319541
0.48,-0.0983826,0.415578,-0.248931,0,0.0521265,0.351908,-0.563291,-0.319291
0.482,-0.105899,0.418471,-0.24744,0,0.052102,0.352256,-0.563227,-0.31902
0.484,-0.105899,0.418471,-0.24744,0,0.0520767,0.352605,-0.563166,-0.318719
0.486,-0.105899,0.418471,-0.24744,0,0.0520505,0.352956,-0.56311,-0.318378
0.488,-0.105899,0.418471,-0.24744,0,0.0520234,0.353308,-0.563056,-0.317998
0.49,-0.105899,0.418471,-0.24744,0,0.0519955,0.353659,-0.563006,-0.317581
0.492,-0.105899,0.418471,-0.24744,0,0.0519669,0.354009,-0.562959,-0.317126
0.494,-0.105899,0.418471,-0.24744,0,0.0519376,0.354356,-0.562913,-0.316634
0.496,-0.105899,0.418471,-0.24744,0,0.0519076,0.354701,-0.56287,-0.316107
0.498,-0.105899,0.418471,-0.24744,0,0.0518771,0.355041,-0.562829,-0.315544
0.5,-0.105899,0.418471,-0.24744,0,0.051846,0.355378,-0.562789,-0.314947
0.502,-0.112316,0.41948,-0.243227,0,0.0518143,0.35571,-0.56275,-0.314316
0.504,-0.112316,0.41948,-0.243227,0,0.0517819,0.356038,-0.562713,-0.313641
0.506,-0.112316,0.41948,-0.243227,0,0.0517486,0.356363,-0.562677,-0.312914
0.508,-0.112316,0.41948,-0.243227,0,0.0517145,0.356683,-0.562643,-0.312136
0.51,-0.112316,0.41948,-0.243227,0,0.0516797,0.357,-0.562609,-0.311309
0.512,-0.112316,0.41948,-0.243227,0,0.0516442,0.357313,-0.562576,-0.310432
0.514,-0.112316,0.41948,-0.243227,0,0.0516081,0.357621,-0.562544,-0.309507
0.516,-0.112316,0.41948,-0.243227,0,0.0515713,0.357924,-0.562512,-0.308536
0.518,-0.112316,0.41948,-0.243227,0,0.051534,0.358222,-0.56248,-0.307517
0.52,-0.112316,0.41948,-0.243227,0,0.0514961,0.358516,-0.562448,-0.306454
0.522,-0.116789,0.417921,-0.236689,0,0.0514577,0.358804,-0.562416,-0.305345
0.524,-0.116789,0.417921,-0.236689,0,0.0514187,0.359083,-0.562382,-0.304182
0.526,-0.116789,0.417921,-0.236689,0,0.0513789,0.359351,-0.562345,-0.302957
0.528,-0.116789,0.417921,-0.236689,0,0.0513384,0.35961,-0.562305,-0.301672
0.53,-0.116789,0.417921,-0.236689,0,0.0512973,0.359859,-0.562263,-0.300327
0.532,-0.116789,0.417921,-0.236689,0,0.0512557,0.360099,-0.562218,-0.298924
0.534,-0.116789,0.417921,-0.236689,0,0.0512135,0.360333,-0.562171,-0.297464
0.536,-0.116789,0.417921,-0.236689,0,0.0511707,0.360559,-0.562121,-0.295948
0.538,-0.116789,0.417921,-0.236689,0,0.0511275,0.360779,-0.562068,-0.294376
0.54,-0.116789,0.417921,-0.236689,0,0.0510834,0.361003,-0.562017,-0.292786
0.542,-0.118688,0.415177,-0.229844,0,0.0510377,0.361248,-0.561977,-0.291249
0.544,-0.118688,0.415177,-0.229844,0,0.0509913,0.361504,-0.561945,-0.289753
0.546,-0.118688,0.415177,-0.229844,0,0.050945,0.361763,-0.561918,-0.288283
0.548,-0.118688,0.415177,-0.229844,0,0.0508987,0.362025,-0.561895,-0.286837
0.55,-0.118688,0.415177,-0.229844,0,0.0508526,0.362289,-0.561874,-0.285413
0.552,-0.118688,0.415177,-0.229844,0,0.0508066,0.362556,-0.561856,-0.284006
0.554,-0.118688,0.415177,-0.229844,0,0.0507609,0.362825,-0.561838,-0.282615
0.556,-0.118688,0.415177,-0.229844,0,0.0507152,0.363096,-0.56182,-0.281238
0.558,-0.118688,0.415177,-0.229844,0,0.0506697,0.363368,-0.561801,-0.279872
0.56,-0.118688,0.415177,-0.229844,0,0.0506242,0.363641,-0.56178,-0.278516
0.562,-0.119292,0.431975,-0.23302,0,0.0505785,0.363915,-0.561756,-0.277169
0.564,-0.119292,0.431975,-0.23302,0,0.050533,0.364189,-0.561729,-0.275819
0.566,-0.119292,0.431975,-0.23302,0,0.0504881,0.364464,-0.561702,-0.27446
0.568,-0.119292,0.431975,-0.23302,0,0.0504437,0.36474,-0.561673,-0.273089
0.57,-0.119292,0.431975,-0.23302,0,0.0503994,0.365017,-0.561641,-0.271706
0.572,-0.119292,0.431975,-0.23302,0,0.0503553,0.365295,-0.561606,-0.27031
0.574,-0.119292,0.431975,-0.23302,0,0.0503113,0.365575,-0.561568,-0.268901
0.576,-0.119292,0.431975,-0.23302,0,0.0502671,0.365858,-0.561527,-0.267476
0.578,-0.119292,0.431975,-0.23302,0,0.050223,0.366144,-0.561482,-0.266036
0.58,-0.119292,0.431975,-0.23302,0,0.0501787,0.366434,-0.561434,-0.264578
0.582,-0.121484,0.437468,-0.232699,0,0.0501343,0.366728,-0.561382,-0.263102
0.584,-0.121484,0.437468,-0.232699,0,0.0500905,0.367026,-0.561328,-0.261593
0.586,-0.121484,0.437468,-0.232699,0,0.0500478,0.367328,-0.561272,-0.260036
0.588,-0.121484,0.437468,-0.232699,0,0.0500059,0.367633,-0.561215,-0.258433
0.59,-0.121484,0.437468,-0.232699,0,0.0499644,0.367942,-0.561155,-0.256783
0.592,-0.121484,0.437468,-0.232699,0,0.0499236,0.368248,-0.561092,-0.255086
0.594,-0.121484,0.437468,-0.232699,0,0.0498846,0.368538,-0.561024,-0.253341
0.596,-0.121484,0.437468,-0.232699,0,0.0498479,0.368813,-0.560951,-0.251548
0.598,-0.121484,0.437468,-0.232699,0,0.0498141,0.369073,-0.560873,-0.249709
0.6,-0.121484,0.437468,-0.232699,0,0.0497835,0.369316,-0.56079,-0.247824
0.602,-0.125863,0.42821,-0.226711,0,0.0497562,0.369546,-0.560701,-0.245892
0.604,-0.125863,0.42821,-0.226711,0,0.0497307,0.369752,-0.560605,-0.243897
0.606,-0.125863,0.42821,-0.226711,0,0.0497055,0.36993,-0.560501,-0.241823
0.608,-0.125863,0.42821,-0.226711,0,0.0496812,0.370083,-0.56039,-0.239672
0.61,-0.125863,0.42821,-0.226711,0,0.049658,0.370214,-0.560272,-0.237445
0.612,-0.125863,0.42821,-0.226711,0,0.049636,0.370326,-0.560148,-0.235144
0.614,-0.125863,0.42821,-0.226711,0,0.0496153,0.370421,-0.560018,-0.232771
0.616,-0.125863,0.42821,-0.226711,0,0.0495957,0.3705,-0.559882,-0.230326
0.618,-0.125863,0.42821,-0.226711,0,0.0495771,0.370567,-0.55974,-0.227812
0.62,-0.125863,0.42821,-0.226711,0,0.0495592,0.370623,-0.559593,-0.225229
0.622,-0.128642,0.414278,-0.216974,0,0.049542,0.370669,-0.559441,-0.22258
0.624,-0.128642,0.414278,-0.216974,0,0.0495245,0.370707,-0.559282,-0.219854
0.626,-0.128642,0.414278,-0.216974,0,0.0495064,0.370735,-0.559118,-0.217042
0.628,-0.128642,0.414278,-0.216974,0,0.049488,0.370756,-0.558948,-0.214145
0.63,-0.128642,0.414278,-0.216974,0,0.0494695,0.37077,-0.558773,-0.211163
0.632,-0.128642,0.414278,-0.216974,0,0.0494511,0.370778,-0.558592,-0.208098
0.634,-0.128642,0.414278,-0.216974,0,0.0494328,0.37078,-0.558407,-0.20495
0.636,-0.128642,0.414278,-0.216974,0,0.0494146,0.370778,-0.558215,-0.201719
0.638,-0.128642,0.414278,-0.216974,0,0.0493966,0.370772,-0.558019,-0.198405
0.64,-0.128642,0.414278,-0.216974,0,0.049375,0.370783,-0.557843,-0.19506
0.642,-0.124922,0.406075,-0.20458,0,0.0493476,0.370818,-0.557698,-0.191708
0.644,-0.124922,0.406075,-0.20458,0,0.0493143,0.370861,-0.557573,-0.188335
0.646,-0.124922,0.406075,-0.20458,0,0.049276,0.370897,-0.557462,-0.18493
0.648,-0.124922,0.406075,-0.20458,0,0.0492339,0.370927,-0.557362,-0.181494
0.65,-0.124922,0.406075,-0.20458,0,0.0491886,0.370953,-0.557269,-0.178026
0.652,-0.124922,0.406075,-0.20458,0,0.049141,0.370976,-0.557181,-0.174524
0.654,-0.124922,0.406075,-0.20458,0,0.0490914,0.370995,-0.557095,-0.170989
0.656,-0.124922,0.406075,-0.20458,0,0.0490405,0.371012,-0.55701,-0.167419
0.658,-0.124922,0.406075,-0.20458,0,0.0489886,0.371027,-0.556923,-0.163813
0.66,-0.124922,0.406075,-0.20458,0,0.0489358,0.37104,-0.556834,-0.16017
0.662,-0.119324,0.420311,-0.200394,0,0.0488817,0.37105,-0.556738,-0.156494
0.664,-0.119324,0.420311,-0.200394,0,0.0488308,0.371057,-0.556638,-0.152779
0.666,-0.119324,0.420311,-0.200394,0,0.0487867,0.371061,-0.556531,-0.149019
0.668,-0.119324,0.420311,-0.200394,0,0.0487483,0.371059,-0.556417,-0.145213
0.67,-0.119324,0.420311,-0.200394,0,0.0487144,0.371051,-0.556293,-0.141359
0.672,-0.119324,0.420311,-0.200394,0,0.0486845,0.371035,-0.556158,-0.137457
0.674,-0.119324,0.420311,-0.200394,0,0.0486577,0.371012,-0.556012,-0.133505
0.676,-0.119324,0.420311,-0.200394,0,0.0486334,0.37098,-0.555853,-0.129502
0.678,-0.119324,0.420311,-0.200394,0,0.0486114,0.37094,-0.555681,-0.125446
0.68,-0.119324,0.420311,-0.200394,0,0.048591,0.370893,-0.555495,-0.121337
0.682,-0.123724,0.395727,-0.191552,0,0.0485721,0.370838,-0.555295,-0.117172
0.684,-0.123724,0.395727,-0.191552,0,0.0485535,0.370759,-0.555078,-0.112927
0.686,-0.123724,0.395727,-0.191552,0,0.0485342,0.370642,-0.554842,-0.108581
0.688,-0.123724,0.395727,-0.191552,0,0.0485144,0.370493,-0.554588,-0.104133
0.69,-0.123724,0.395727,-0.191552,0,0.0484942,0.370318,-0.554316,-0.0995857
0.692,-0.123724,0.395727,-0.191552,0,0.0484737,0.370122,-0.554027,-0.0949393
0.694,-0.123724,0.395727,-0.191552,0,0.0484529,0.369907,-0.553722,-0.0901942
0.696,-0.123724,0.395727,-0.191552,0,0.0484322,0.369713,-0.553442,-0.0854083
0.698,-0.123724,0.395727,-0.191552,0,0.0484115,0.369553,-0.553199,-0.080609
0.7,-0.123724,0.395727,-0.191552,0,0.0483905,0.369422,-0.552987,-0.0757935
0.702,-0.122087,0.390272,-0.189443,0,0.0483691,0.369313,-0.552799,-0.0709591
0.704,-0.122087,0.390272,-0.189443,0,0.0483471,0.369205,-0.552627,-0.066088
0.706,-0.122087,0.390272,-0.189443,0,0.0483244,0.36908,-0.552465,-0.0611635
0.708,-0.122087,0.390272,-0.189443,0,0.0483007,0.368943,-0.552309,-0.056186
0.71,-0.122087,0.390272,-0.189443,0,0.0482751,0.368794,-0.552156,-0.0511551
0.712,-0.122087,0.390272,-0.189443,0,0.0482471,0.36863,-0.552,-0.04607
0.714,-0.122087,0.390272,-0.189443,0,0.0482182,0.368452,-0.55184,-0.04093
0.716,-0.122087,0.390272,-0.189443,0,0.0481895,0.368257,-0.551672,-0.0357341
0.718,-0.122087,0.390272,-0.189443,0,0.0481615,0.368045,-0.551494,-0.0304813
0.72,-0.122087,0.390272,-0.189443,0,0.0481342,0.367816,-0.551303,-0.0251706
0.722,-0.124963,0.38609,-0.189064,0,0.0481074,0.36757,-0.551098,-0.0198007
0.724,-0.124963,0.38609,-0.189064,0,0.048081,0.367298,-0.550876,-0.0143536
0.726,-0.124963,0.38609,-0.189064,0,0.0480548,0.366991,-0.550637,-0.00881244
0.728,-0.124963,0.38609,-0.189064,0,0.0480287,0.366655,-0.55038,-0.00317805
0.73,-0.124963,0.38609,-0.189064,0,0.0480029,0.366294,-0.550105,0.00254916
0.732,-0.124963,0.38609,-0.189064,0,0.0479772,0.365911,-0.54981,0.00836913
0.734,-0.124963,0.38609,-0.189064,0,0.0479518,0.365512,-0.549497,0.0142821
0.736,-0.124963,0.38609,-0.189064,0,0.0479265,0.365097,-0.549164,0.0202888
0.738,-0.124963,0.38609,-0.189064,0,0.0479016,0.364692,-0.548836,0.0263639
0.74,-0.124963,0.38609,-0.189064,0,0.0478771,0.364331,-0.548556,0.032457
0.742,-0.125361,0.378458,-0.188049,0,0.0478526,0.364009,-0.548316,0.0385711
0.744,-0.125361,0.378458,-0.188049,0,0.0478277,0.363701,-0.548106,0.0447271
0.746,-0.125361,0.378458,-0.188049,0,0.0478017,0.363392,-0.547917,0.0509445
0.748,-0.125361,0.378458,-0.188049,0,0.0477735,0.36308,-0.547744,0.0572233
0.75,-0.125361,0.378458,-0.188049,0,0.0477419,0.362765,-0.547579,0.0635638
0.752,-0.125361,0.378458,-0.188049,0,0.0477067,0.362443,-0.547418,0.0699672
0.754,-0.125361,0.378458,-0.188049,0,0.0476695,0.36211,-0.547254,0.0764343
0.756,-0.125361,0.378458,-0.188049,0,0.0476316,0.361763,-0.547083,0.0829662
0.758,-0.125361,0.378458,-0.188049,0,0.0475944,0.361402,-0.546902,0.0895642
0.76,-0.125361,0.378458,-0.188049,0,0.0475585,0.361024,-0.546707,0.0962297
0.762,-0.126257,0.376818,-0.189011,0,0.0475242,0.360632,-0.546495,0.102964
0.764,-0.126257,0.376818,-0.189011,0,0.0474912,0.360216,-0.546265,0.109786
0.766,-0.126257,0.376818,-0.189011,0,0.0474593,0.35977,-0.546015,0.116713
0.768,-0.126257,0.376818,-0.189011,0,0.0474284,0.359299,-0.545743,0.123745
0.77,-0.126257,0.376818,-0.189011,0,0.0473983,0.358806,-0.545449,0.130882
0.772,-0.126257,0.376818,-0.189011,0,0.047369,0.358295,-0.54513,0.138124
0.774,-0.126257,0.376818,-0.189011,0,0.0473405,0.357792,-0.544817,0.145449
0.776,-0.126257,0.376818,-0.189011,0,0.0473127,0.357338,-0.544561,0.152811
0.778,-0.126257,0.376818,-0.189011,0,0.0472853,0.356923,-0.544351,0.160214
0.78,-0.126257,0.376818,-0.189011,0,0.0472578,0.356538,-0.544176,0.16766
0.782,-0.123052,0.373943,-0.191784,0,0.0472296,0.356173,-0.544025,0.175151
0.784,-0.123052,0.373943,-0.191784,0,0.0472009,0.355814,-0.543892,0.182707
0.786,-0.123052,0.373943,-0.191784,0,0.0471725,0.355445,-0.54377,0.190349
0.788,-0.123052,0.373943,-0.191784,0,0.0471446,0.355061,-0.543649,0.198074
0.79,-0.123052,0.373943,-0.191784,0,0.0471172,0.354661,-0.543523,0.205884
0.792,-0.123052,0.373943,-0.191784,0,0.0470904,0.354241,-0.543386,0.213778
0.794,-0.123052,0.373943,-0.191784,0,0.0470641,0.353802,-0.543234,0.221757
0.796,-0.123052,0.373943,-0.191784,0,0.0470384,0.353342,-0.543061,0.229821
0.798,-0.123052,0.373943,-0.191784,0,0.0470131,0.352858,-0.542865,0.237972
0.8,-0.123052,0.373943,-0.191784,0,0.0469882,0.352348,-0.542642,0.24621
0.802,-0.124856,0.362102,-0.193672,0,0.0469636,0.35181,-0.542389,0.254537
0.804,-0.124856,0.362102,-0.193672,0,0.0469389,0.351237,-0.542106,0.262974
0.806,-0.124856,0.362102,-0.193672,0,0.0469126,0.350675,-0.541857,0.271496
0.808,-0.124856,0.362102,-0.193672,0,0.0468832,0.350143,-0.541663,0.280081
0.81,-0.124856,0.362102,-0.193672,0,0.0468486,0.34963,-0.541511,0.288728
0.812,-0.124856,0.362102,-0.193672,0,0.0468111,0.34913,-0.541388,0.297441
0.814,-0.124856,0.362102,-0.193672,0,0.0467755,0.348635,-0.541286,0.306225
0.816,-0.124856,0.362102,-0.193672,0,0.0467417,0.348136,-0.541194,0.315081
0.818,-0.124856,0.362102,-0.193672,0,0.0467091,0.34763,-0.541105,0.32401
0.82,-0.124856,0.362102,-0.193672,0,0.0466769,0.347112,-0.541009,0.333014
0.822,-0.124772,0.363851,-0.199125,0,0.0466455,0.34658,-0.540902,0.342093
0.824,-0.124772,0.363851,-0.199125,0,0.0466152,0.346029,-0.540779,0.351265
0.826,-0.124772,0.363851,-0.199125,0,0.0465858,0.345457,-0.540638,0.360545
0.828,-0.124772,0.363851,-0.199125,0,0.0465573,0.344865,-0.540474,0.369932
0.83,-0.124772,0.363851,-0.199125,0,0.0465296,0.344255,-0.540283,0.379427
0.832,-0.124772,0.363851,-0.199125,0,0.0465023,0.343654,-0.540098,0.389011
0.834,-0.124772,0.363851,-0.199125,0,0.0464736,0.343107,-0.539979,0.398643
0.836,-0.124772,0.363851,-0.199125,0,0.0464409,0.342603,-0.53991,0.408326
0.838,-0.124772,0.363851,-0.199125,0,0.0464039,0.342128,-0.539874,0.418061
0.84,-0.124772,0.363851,-0.199125,0,0.0463656,0.341666,-0.539855,0.427849
0.842,-0.122573,0.361219,-0.205942,0,0.0463281,0.341208,-0.539841,0.437695
0.844,-0.122573,0.361219,-0.205942,0,0.0462935,0.340742,-0.539828,0.447621
0.846,-0.122573,0.361219,-0.205942,0,0.0462618,0.340259,-0.539811,0.457646
0.848,-0.122573,0.361219,-0.205942,0,0.0462323,0.339757,-0.539783,0.467768
0.85,-0.122573,0.361219,-0.205942,0,0.0462044,0.339239,-0.539737,0.477989
0.852,-0.122573,0.361219,-0.205942,0,0.0461777,0.338704,-0.539669,0.488309
0.854,-0.122573,0.361219,-0.205942,0,0.0461521,0.338153,-0.539572,0.498728
0.856,-0.122573,0.361219,-0.205942,0,0.0461274,0.337587,-0.539442,0.509249
0.858,-0.122573,0.361219,-0.205942,0,0.0461032,0.33706,-0.539355,0.519837
0.86,-0.122573,0.361219,-0.205942,0,0.0460775,0.33659,-0.539336,0.530478
0.862,-0.118012,0.355126,-0.21464,0,0.046051,0.336155,-0.539362,0.541172
0.864,-0.118012,0.355126,-0.21464,0,0.0460252,0.33573,-0.539417,0.551936
0.866,-0.118012,0.355126,-0.21464,0,0.0460003,0.335295,-0.539487,0.562786
0.868,-0.118012,0.355126,-0.21464,0,0.0459765,0.334845,-0.539558,0.573721
0.87,-0.118012,0.355126,-0.21464,0,0.0459536,0.334374,-0.53962,0.584742
0.872,-0.118012,0.355126,-0.21464,0,0.0459322,0.333885,-0.539666,0.595852
0.874,-0.118012,0.355126,-0.21464,0,0.0459119,0.33338,-0.539692,0.607053
0.876,-0.118012,0.355126,-0.21464,0,0.0458923,0.33286,-0.539692,0.618347
0.878,-0.118012,0.355126,-0.21464,0,0.0458732,0.332324,-0.53966,0.629734
0.88,-0.118012,0.355126,-0.21464,0,0.0458544,0.331804,-0.539633,0.641201
0.882,-0.113337,0.346822,-0.224306,0,0.0458339,0.331346,-0.539685,0.652719
0.884,-0.113337,0.346822,-0.224306,0,0.0458118,0.330921,-0.539792,0.664302
0.886,-0.113337,0.346822,-0.224306,0,0.0457885,0.330503,-0.539936,0.675963
0.888,-0.113337,0.346822,-0.224306,0,0.045765,0.330079,-0.540096,0.6877
0.89,-0.113337,0.346822,-0.224306,0,0.0457421,0.32964,-0.540257,0.699513
0.892,-0.113337,0.346822,-0.224306,0,0.0457202,0.329182,-0.540406,0.711403
0.894,-0.113337,0.346822,-0.224306,0,0.0456994,0.328703,-0.540533,0.72337
0.896,-0.113337,0.346822,-0.224306,0,0.0456801,0.328204,-0.540633,0.735418
0.898,-0.113337,0.346822,-0.224306,0,0.0456618,0.327691,-0.540702,0.747551
0.9,-0.113337,0.346822,-0.224306,0,0.0456442,0.327163,-0.540733,0.75977
0.902,-0.106515,0.33814,-0.235954,0,0.0456248,0.326679,-0.540812,0.77205
0.904,-0.106515,0.33814,-0.235954,0,0.0456043,0.326238,-0.540963,0.784388
0.906,-0.106515,0.33814,-0.235954,0,0.0455833,0.325811,-0.541163,0.796796
0.908,-0.106515,0.33814,-0.235954,0,0.0455625,0.325381,-0.54139,0.809272
0.91,-0.106515,0.33814,-0.235954,0,0.0455423,0.324939,-0.541624,0.821814
0.912,-0.106515,0.33814,-0.235954,0,0.0455229,0.324479,-0.541851,0.834424
0.914,-0.106515,0.33814,-0.235954,0,0.0455046,0.323996,-0.542056,0.8471
0.916,-0.106515,0.33814,-0.235954,0,0.0454875,0.32349,-0.542231,0.859845
0.918,-0.106515,0.33814,-0.235954,0,0.0454714,0.322966,-0.542371,0.872661
0.92,-0.106515,0.33814,-0.235954,0,0.0454562,0.322428,-0.542473,0.885554
0.922,-0.0970795,0.330702,-0.247217,0,0.0454384,0.321935,-0.542623,0.898501
0.924,-0.0970795,0.330702,-0.247217,0,0.0454195,0.321487,-0.542849,0.911498
0.926,-0.0970795,0.330702,-0.247217,0,0.045401,0.321054,-0.543123,0.924552
0.928,-0.0970795,0.330702,-0.247217,0,0.0453835,0.320619,-0.543422,0.937662
0.93,-0.0970795,0.330702,-0.247217,0,0.0453674,0.320171,-0.543728,0.950828
0.932,-0.0970795,0.330702,-0.247217,0,0.0453528,0.319704,-0.544022,0.964048
0.934,-0.0970795,0.330702,-0.247217,0,0.0453397,0.319215,-0.544293,0.977325
0.936,-0.0970795,0.330702,-0.247217,0,0.0453276,0.3187,-0.544527,0.990658
0.938,-0.0970795,0.330702,-0.247217,0,0.0453151,0.318166,-0.54472,1.00405
0.94,-0.0970795,0.330702,-0.247217,0,0.0453021,0.317647,-0.544917,1.0175
0.942,-0.0858154,0.326162,-0.257238,0,0.0452882,0.317184,-0.545194,1.03098
0.944,-0.0858154,0.326162,-0.257238,0,0.0452753,0.316749,-0.545524,1.04449
0.946,-0.0858154,0.326162,-0.257238,0,0.0452641,0.316314,-0.545886,1.05805
0.948,-0.0858154,0.326162,-0.257238,0,0.0452545,0.31587,-0.546257,1.07164
0.95,-0.0858154,0.326162,-0.257238,0,0.0452461,0.315407,-0.546619,1.08527
0.952,-0.0858154,0.326162,-0.257238,0,0.0452388,0.314921,-0.546959,1.09895
0.954,-0.0858154,0.326162,-0.257238,0,0.0452323,0.314411,-0.547263,1.11266
0.956,-0.0858154,0.326162,-0.257238,0,0.0452261,0.313878,-0.547522,1.12642
0.958,-0.0858154,0.326162,-0.257238,0,0.0452202,0.313329,-0.547734,1.14023
0.96,-0.0858154,0.326162,-0.257238,0,0.0452149,0.312818,-0.547992,1.15407
0.962,-0.0760741,0.318981,-0.264204,0,0.0452102,0.312352,-0.548319,1.16794
0.964,-0.0760741,0.318981,-0.264204,0,0.0452061,0.311906,-0.548691,1.18184
0.966,-0.0760741,0.318981,-0.264204,0,0.0452025,0.311458,-0.549084,1.19578
0.968,-0.0760741,0.318981,-0.264204,0,0.0451994,0.310998,-0.549478,1.20974
0.97,-0.0760741,0.318981,-0.264204,0,0.0451966,0.310521,-0.549856,1.22373
0.972,-0.0760741,0.318981,-0.264204,0,0.0451941,0.310022,-0.550204,1.23776
0.974,-0.0760741,0.318981,-0.264204,0,0.0451915,0.309503,-0.550512,1.25183
0.976,-0.0760741,0.318981,-0.264204,0,0.0451884,0.308967,-0.550772,1.26593
0.978,-0.0760741,0.318981,-0.264204,0,0.0451857,0.308439,-0.55103,1.28007
0.98,-0.0760741,0.318981,-0.264204,0,0.0451833,0.307965,-0.551371,1.29423
0.982,-0.0652197,0.315277,-0.269116,0,0.0451812,0.307522,-0.551766,1.30842
0.984,-0.0652197,0.315277,-0.269116,0,0.0451795,0.307088,-0.55219,1.32263
0.986,-0.0652197,0.315277,-0.269116,0,0.0451783,0.306648,-0.552621,1.33686
0.988,-0.0652197,0.315277,-0.269116,0,0.0451775,0.306193,-0.55304,1.35111
0.99,-0.0652197,0.315277,-0.269116,0,0.0451769,0.30572,-0.553432,1.36539
0.992,-0.0652197,0.315277,-0.269116,0,0.0451762,0.305228,-0.553786,1.37969
0.994,-0.0652197,0.315277,-0.269116,0,0.0451753,0.304717,-0.55409,1.39402
0.996,-0.0652197,0.315277,-0.269116,0,0.0451749,0.304209,-0.554388,1.40837
0.998,-0.0652197,0.315277,-0.269116,0,0.045175,0.303751,-0.554767,1.42273
1,-0.0652197,0.315277,-0.269116,0,0.0451755,0.303322,-0.555199,1.43711
1.002,-0.0550121,0.312954,-0.271086,0,0.0451762,0.302902,-0.555656,1.45151
1.004,-0.0550121,0.312954,-0.271086,0,0.0451772,0.302481,-0.556118,1.46592
1.006,-0.0550121,0.312954,-0.271086,0,0.0451786,0.302049,-0.556564,1.48033
1.008,-0.0550121,0.312954,-0.271086,0,0.0451803,0.301602,-0.556981,1.49476
1.01,-0.0550121,0.312954,-0.271086,0,0.0451815,0.301142,-0.557358,1.5092
1.012,-0.0550121,0.312954,-0.271086,0,0.0451828,0.300659,-0.557681,1.52365
1.014,-0.0550121,0.312954,-0.271086,0,0.0451848,0.300177,-0.557995,1.53811
1.016,-0.0550121,0.312954,-0.271086,0,0.0451875,0.299746,-0.558389,1.55258
1.018,-0.0550121,0.312954,-0.271086,0,0.0451905,0.299344,-0.558834,1.56706
1.02,-0.0550121,0.312954,-0.271086,0,0.0451936,0.298952,-0.559303,1.58154
1.022,-0.0446519,0.311642,-0.270996,0,0.0451968,0.29856,-0.559774,1.59604
1.024,-0.0446519,0.311642,-0.270996,0,0.0452002,0.298159,-0.560228,1.61053
1.026,-0.0446519,0.311642,-0.270996,0,0.0452037,0.297746,-0.560651,1.62502
1.028,-0.0446519,0.311642,-0.270996,0,0.0452069,0.29732,-0.561033,1.63952
1.03,-0.0446519,0.311642,-0.270996,0,0.0452102,0.296872,-0.561359,1.65402
1.032,-0.0446519,0.311642,-0.270996,0,0.0452151,0.296454,-0.561724,1.66851
1.034,-0.0446519,0.311642,-0.270996,0,0.045222,0.29608,-0.562159,1.68299
1.036,-0.0446519,0.311642,-0.270996,0,0.04523,0.295728,-0.562634,1.69747
1.038,-0.0446519,0.311642,-0.270996,0,0.045238,0.295381,-0.563124,1.71195
1.04,-0.0446519,0.311642,-0.270996,0,0.0452456,0.29503,-0.563608,1.72642
1.042,-0.0346392,0.311295,-0.269287,0,0.0452526,0.294667,-0.564068,1.74089
1.044,-0.0346392,0.311295,-0.269287,0,0.0452591,0.294291,-0.564493,1.75536
1.046,-0.0346392,0.311295,-0.269287,0,0.0452662,0.293897,-0.564868,1.76981
1.048,-0.0346392,0.311295,-0.269287,0,0.045276,0.293472,-0.56518,1.78426
1.05,-0.0346392,0.311295,-0.269287,0,0.0452886,0.293073,-0.565529,1.79869
1.052,-0.0346392,0.311295,-0.269287,0,0.0453034,0.292714,-0.565943,1.8131
1.054,-0.0346392,0.311295,-0.269287,0,0.0453198,0.292375,-0.566394,1.82749
1.056,-0.0346392,0.311295,-0.269287,0,0.0453372,0.29204,-0.566858,1.84187
1.058,-0.0346392,0.311295,-0.269287,0,0.0453551,0.291702,-0.567315,1.85624
1.06,-0.0346392,0.311295,-0.269287,0,0.0453725,0.291354,-0.567749,1.8706
1.062,-0.0259591,0.309617,-0.265575,0,0.0453876,0.290996,-0.568149,1.88496
1.064,-0.0259591,0.309617,-0.265575,0,0.0454033,0.290616,-0.568497,1.8993
1.066,-0.0259591,0.309617,-0.265575,0,0.0454213,0.290205,-0.568781,1.91363
1.068,-0.0259591,0.309617,-0.265575,0,0.0454419,0.289819,-0.569101,1.92792
1.07,-0.0259591,0.309617,-0.265575,0,0.0454644,0.289473,-0.569485,1.94219
1.072,-0.0259591,0.309617,-0.265575,0,0.0454881,0.289145,-0.569905,1.95644
1.074,-0.0259591,0.309617,-0.265575,0,0.0455124,0.288822,-0.570338,1.97066
1.076,-0.0259591,0.309617,-0.265575,0,0.0455369,0.288496,-0.570764,1.98486
1.078,-0.0259591,0.309617,-0.265575,0,0.0455608,0.288164,-0.571169,1.99905
1.08,-0.0259591,0.309617,-0.265575,0,0.0455841,0.287822,-0.571539,2.01323
1.082,-0.0181553,0.307811,-0.260697,0,0.0456074,0.287459,-0.57186,2.0274
1.084,-0.0181553,0.307811,-0.260697,0,0.0456335,0.287068,-0.57212,2.04155
1.086,-0.0181553,0.307811,-0.260697,0,0.0456631,0.286703,-0.572416,2.05567
1.088,-0.0181553,0.307811,-0.260697,0,0.0456941,0.286374,-0.572774,2.06974
1.09,-0.0181553,0.307811,-0.260697,0,0.0457255,0.286065,-0.573167,2.08379
1.092,-0.0181553,0.307811,-0.260697,0,0.045757,0.28576,-0.573572,2.0978
1.094,-0.0181553,0.307811,-0.260697,0,0.0457881,0.285452,-0.573969,2.11178
1.096,-0.0181553,0.307811,-0.260697,0,0.0458182,0.285137,-0.574346,2.12574
1.098,-0.0181553,0.307811,-0.260697,0,0.0458472,0.284813,-0.57469,2.13969
1.1,-0.0181553,0.307811,-0.260697,0,0.0458761,0.284466,-0.574983,2.15362
1.102,-0.012591,0.304689,-0.254046,0,0.0459072,0.284093,-0.575219,2.16753
1.104,-0.012591,0.304689,-0.254046,0,0.0459421,0.283746,-0.57549,2.18142
1.106,-0.012591,0.304689,-0.254046,0,0.0459801,0.283437,-0.575822,2.19525
1.108,-0.012591,0.304689,-0.254046,0,0.0460192,0.283146,-0.576187,2.20904
1.11,-0.012591,0.304689,-0.254046,0,0.0460579,0.282859,-0.576562,2.22279
1.112,-0.012591,0.304689,-0.254046,0,0.0460952,0.28257,-0.576929,2.23651
1.114,-0.012591,0.304689,-0.254046,0,0.0461308,0.282274,-0.577276,2.2502
1.116,-0.012591,0.304689,-0.254046,0,0.0461648,0.281967,-0.577588,2.26386
1.118,-0.012591,0.304689,-0.254046,0,0.0461984,0.281639,-0.577852,2.2775
1.12,-0.012591,0.304689,-0.254046,0,0.0462359,0.281284,-0.578061,2.29113
1.122,-0.00829037,0.302886,-0.24722,0,0.0462798,0.280929,-0.578257,2.30473
1.124,-0.00829037,0.302886,-0.24722,0,0.0463281,0.280616,-0.578524,2.31829
1.126,-0.00829037,0.302886,-0.24722,0,0.0463802,0.280329,-0.578831,2.3318
1.128,-0.00829037,0.302886,-0.24722,0,0.0464341,0.280051,-0.579156,2.34527
1.13,-0.00829037,0.302886,-0.24722,0,0.0464865,0.279775,-0.579479,2.35869
1.132,-0.00829037,0.302886,-0.24722,0,0.0465349,0.279494,-0.579785,2.37207
1.134,-0.00829037,0.302886,-0.24722,0,0.0465799,0.279204,-0.580061,2.38543
1.136,-0.00829037,0.302886,-0.24722,0,0.0466229,0.278898,-0.580295,2.39876
1.138,-0.00829037,0.302886,-0.24722,0,0.0466707,0.27857,-0.580479,2.41206
1.14,-0.00829037,0.302886,-0.24722,0,0.0467254,0.278242,-0.580654,2.42534
1.142,-0.00466314,0.305442,-0.241474,0,0.0467835,0.277954,-0.580896,2.43857
1.144,-0.00466314,0.305442,-0.241474,0,0.0468458,0.277691,-0.581179,2.45176
1.146,-0.00466314,0.305442,-0.241474,0,0.0469127,0.277442,-0.58148,2.46488
1.148,-0.00466314,0.305442,-0.241474,0,0.0469809,0.277196,-0.581781,2.47794
1.15,-0.00466314,0.305442,-0.241474,0,0.0470455,0.276948,-0.582066,2.49096
1.152,-0.00466314,0.305442,-0.241474,0,0.0471055,0.276692,-0.582321,2.50394
1.154,-0.00466314,0.305442,-0.241474,0,0.0471613,0.276426,-0.582537,2.51688
1.156,-0.00466314,0.305442,-0.241474,0,0.0472212,0.276142,-0.582708,2.52979
1.158,-0.00466314,0.305442,-0.241474,0,0.0472907,0.275833,-0.582825,2.54267
1.16,-0.00466314,0.305442,-0.241474,0,0.0473697,0.275525,-0.582929,2.55552
1.162,-0.00286836,0.304531,-0.236302,0,0.0474546,0.275256,-0.5831,2.56833
1.164,-0.00286836,0.304531,-0.236302,0,0.0475438,0.275012,-0.583313,2.58108
1.166,-0.00286836,0.304531,-0.236302,0,0.0476359,0.27478,-0.583544,2.59378
1.168,-0.00286836,0.304531,-0.236302,0,0.0477264,0.27455,-0.583775,2.60642
1.17,-0.00286836,0.304531,-0.236302,0,0.0478116,0.274317,-0.583993,2.61902
1.172,-0.00286836,0.304531,-0.236302,0,0.0478913,0.274076,-0.584185,2.63158
1.174,-0.00286836,0.304531,-0.236302,0,0.0479679,0.273826,-0.584342,2.6441
1.176,-0.00286836,0.304531,-0.236302,0,0.0480472,0.273562,-0.584459,2.6566
1.178,-0.00286836,0.304531,-0.236302,0,0.048135,0.273267,-0.584524,2.66907
1.18,-0.00286836,0.304531,-0.236302,0,0.0482287,0.272994,-0.584623,2.6815
1.182,-0.00189103,0.306438,-0.233175,0,0.0483257,0.272757,-0.584781,2.69388
1.184,-0.00189103,0.306438,-0.233175,0,0.0484249,0.27254,-0.584973,2.7062
1.186,-0.00189103,0.306438,-0.233175,0,0.0485257,0.272335,-0.585179,2.71846
1.188,-0.00189103,0.306438,-0.233175,0,0.048625,0.272132,-0.585382,2.73066
1.19,-0.00189103,0.306438,-0.233175,0,0.048719,0.271925,-0.585569,2.74281
1.192,-0.00189103,0.306438,-0.233175,0,0.0488075,0.27171,-0.585729,2.75491
1.194,-0.00189103,0.306438,-0.233175,0,0.0488944,0.271488,-0.585856,2.76698
1.196,-0.00189103,0.306438,-0.233175,0,0.0489847,0.27125,-0.585944,2.77901
1.198,-0.00189103,0.306438,-0.233175,0,0.0490841,0.270975,-0.58598,2.79102
1.2,-0.00189103,0.306438,-0.233175,0,0.0491923,0.270692,-0.586005,2.80299
1.202,-0.00322084,0.305421,-0.230744,0,0.0493044,0.270448,-0.586095,2.8149
1.204,-0.00322084,0.305421,-0.230744,0,0.0494173,0.270232,-0.586226,2.82675
1.206,-0.00322084,0.305421,-0.230744,0,0.0495283,0.270035,-0.586378,2.83854
1.208,-0.00322084,0.305421,-0.230744,0,0.0496362,0.269843,-0.586532,2.85027
1.21,-0.00322084,0.305421,-0.230744,0,0.0497373,0.269652,-0.586674,2.86195
1.212,-0.00322084,0.305421,-0.230744,0,0.0498304,0.269455,-0.586796,2.87357
1.214,-0.00322084,0.305421,-0.230744,0,0.04992,0.269255,-0.586892,2.88516
1.216,-0.00322084,0.305421,-0.230744,0,0.0500081,0.26905,-0.586957,2.89672
1.218,-0.00322084,0.305421,-0.230744,0,0.0500974,0.268825,-0.586979,2.90824
1.22,-0.00322084,0.305421,-0.230744,0,0.0501945,0.268555,-0.586948,2.91974
1.222,-0.00495766,0.306252,-0.229592,0,0.0502969,0.268294,-0.586947,2.9312
1.224,-0.00495766,0.306252,-0.229592,0,0.0504005,0.268063,-0.587003,2.94259
1.226,-0.00495766,0.306252,-0.229592,0,0.0505022,0.267854,-0.587092,2.95391
1.228,-0.00495766,0.306252,-0.229592,0,0.0506006,0.26766,-0.587197,2.96517
1.23,-0.00495766,0.306252,-0.229592,0,0.0506946,0.267473,-0.587301,2.97637
1.232,-0.00495766,0.306252,-0.229592,0,0.0507816,0.26729,-0.587394,2.98751
1.234,-0.00495766,0.306252,-0.229592,0,0.0508624,0.267109,-0.58747,2.99861
1.236,-0.00495766,0.306252,-0.229592,0,0.0509403,0.266928,-0.587523,3.00967
1.238,-0.00495766,0.306252,-0.229592,0,0.0510156,0.266743,-0.587545,3.02069
1.24,-0.00495766,0.306252,-0.229592,0,0.0510885,0.266551,-0.58753,3.03169
1.242,-0.00599085,0.312218,-0.229331,0,0.0511633,0.26635,-0.587508,3.04265
1.244,-0.00599085,0.312218,-0.229331,0,0.0512397,0.266173,-0.587543,3.05353
1.246,-0.00599085,0.312218,-0.229331,0,0.0513173,0.26601,-0.587616,3.06433
1.248,-0.00599085,0.312218,-0.229331,0,0.051395,0.265856,-0.58771,3.07505
1.25,-0.00599085,0.312218,-0.229331,0,0.051472,0.265705,-0.587809,3.08571
1.252,-0.00599085,0.312218,-0.229331,0,0.0515476,0.265554,-0.587902,3.09629
1.254,-0.00599085,0.312218,-0.229331,0,0.0516227,0.265401,-0.587978,3.10682
1.256,-0.00599085,0.312218,-0.229331,0,0.0516978,0.265248,-0.588038,3.11729
1.258,-0.00599085,0.312218,-0.229331,0,0.0517722,0.265092,-0.588073,3.12772
1.26,-0.00599085,0.312218,-0.229331,0,0.0518457,0.264932,-0.588078,3.13811
1.262,-0.010324,0.317375,-0.229704,0,0.0519185,0.264767,-0.588047,3.14847
1.264,-0.010324,0.317375,-0.229704,0,0.0519904,0.264599,-0.587976,3.15879
1.266,-0.010324,0.317375,-0.229704,0,0.0520615,0.264452,-0.587933,3.16904
1.268,-0.010324,0.317375,-0.229704,0,0.0521321,0.264332,-0.58794,3.17921
1.27,-0.010324,0.317375,-0.229704,0,0.0522028,0.264227,-0.58798,3.1893
1.272,-0.010324,0.317375,-0.229704,0,0.0522731,0.264127,-0.588037,3.19932
1.274,-0.010324,0.317375,-0.229704,0,0.0523431,0.264022,-0.588096,3.20928
1.276,-0.010324,0.317375,-0.229704,0,0.0524131,0.263912,-0.588148,3.21918
1.278,-0.010324,0.317375,-0.229704,0,0.0524865,0.263798,-0.588189,3.22902
1.28,-0.010324,0.317375,-0.229704,0,0.052563,0.26368,-0.588214,3.23883
1.282,-0.0163777,0.321964,-0.232284,0,0.052639,0.263557,-0.588216,3.24859
1.284,-0.0163777,0.321964,-0.232284,0,0.0527137,0.263433,-0.588191,3.2583
1.286,-0.0163777,0.321964,-0.232284,0,0.052787,0.263312,-0.588136,3.26797
1.288,-0.0163777,0.321964,-0.232284,0,0.0528594,0.263192,-0.588045,3.27759
1.29,-0.0163777,0.321964,-0.232284,0,0.0529312,0.263107,-0.587988,3.28716
1.292,-0.0163777,0.321964,-0.232284,0,0.0530026,0.263048,-0.587983,3.29666
1.294,-0.0163777,0.321964,-0.232284,0,0.0530737,0.263,-0.588011,3.30611
1.296,-0.0163777,0.321964,-0.232284,0,0.0531447,0.26296,-0.588059,3.31549
1.298,-0.0163777,0.321964,-0.232284,0,0.0532158,0.262924,-0.588115,3.32481
1.3,-0.0163777,0.321964,-0.232284,0,0.053287,0.262882,-0.588168,3.33407
1.302,-0.0222767,0.326558,-0.235525,0,0.0533588,0.262835,-0.588211,3.34329
1.304,-0.0222767,0.326558,-0.235525,0,0.0534315,0.262788,-0.588241,3.35246
1.306,-0.0222767,0.326558,-0.235525,0,0.053504,0.262747,-0.588253,3.36157
1.308,-0.0222767,0.326558,-0.235525,0,0.0535764,0.262711,-0.588243,3.37062
1.31,-0.0222767,0.326558,-0.235525,0,0.0536484,0.262678,-0.588208,3.37964
1.312,-0.0222767,0.326558,-0.235525,0,0.0537203,0.262646,-0.588143,3.38861
1.314,-0.0222767,0.326558,-0.235525,0,0.053792,0.262612,-0.588045,3.39756
1.316,-0.0222767,0.326558,-0.235525,0,0.053863,0.262604,-0.58798,3.40646
1.318,-0.0222767,0.326558,-0.235525,0,0.0539336,0.262616,-0.587965,3.41531
1.32,-0.0222767,0.326558,-0.235525,0,0.0540045,0.262635,-0.587982,3.42412
1.322,-0.0273134,0.329237,-0.237606,0,0.0540755,0.262654,-0.588019,3.43289
1.324,-0.0273134,0.329237,-0.237606,0,0.0541465,0.262671,-0.588063,3.44162
1.326,-0.0273134,0.329237,-0.237606,0,0.054217,0.262687,-0.588105,3.4503
1.328,-0.0273134,0.329237,-0.237606,0,0.0542873,0.2627,-0.58814,3.45892
1.33,-0.0273134,0.329237,-0.237606,0,0.0543578,0.262711,-0.588164,3.4675
1.332,-0.0273134,0.329237,-0.237606,0,0.0544284,0.262718,-0.588172,3.47604
1.334,-0.0273134,0.329237,-0.237606,0,0.054499,0.262722,-0.588159,3.48453
1.336,-0.0273134,0.329237,-0.237606,0,0.0545695,0.262725,-0.588124,3.49298
1.338,-0.0273134,0.329237,-0.237606,0,0.0546398,0.262725,-0.588063,3.50141
1.34,-0.0273134,0.329237,-0.237606,0,0.05471,0.262723,-0.587973,3.50981
1.342,-0.0317247,0.329101,-0.236986,0,0.054779,0.262732,-0.587885,3.51818
1.344,-0.0317247,0.329101,-0.236986,0,0.0548419,0.262772,-0.58785,3.52649
1.346,-0.0317247,0.329101,-0.236986,0,0.0548981,0.262836,-0.587852,3.53474
1.348,-0.0317247,0.329101,-0.236986,0,0.0549488,0.262915,-0.587877,3.54294
1.35,-0.0317247,0.329101,-0.236986,0,0.0549951,0.262999,-0.587912,3.5511
1.352,-0.0317247,0.329101,-0.236986,0,0.0550377,0.263079,-0.587948,3.55921
1.354,-0.0317247,0.329101,-0.236986,0,0.0550794,0.263151,-0.587977,3.56729
1.356,-0.0317247,0.329101,-0.236986,0,0.055124,0.263216,-0.587998,3.57533
1.358,-0.0317247,0.329101,-0.236986,0,0.0551723,0.263271,-0.588005,3.58335
1.36,-0.0317247,0.329101,-0.236986,0,0.0552239,0.263317,-0.587994,3.59135
1.362,-0.0359724,0.333644,-0.238789,0,0.0552781,0.263356,-0.587961,3.59932
1.364,-0.0359724,0.333644,-0.238789,0,0.0553322,0.263388,-0.587904,3.60726
1.366,-0.0359724,0.333644,-0.238789,0,0.0553833,0.263414,-0.587821,3.61517
1.368,-0.0359724,0.333644,-0.238789,0,0.055432,0.263435,-0.58771,3.62305
1.37,-0.0359724,0.333644,-0.238789,0,0.0554789,0.263453,-0.587569,3.63092
1.372,-0.0359724,0.333644,-0.238789,0,0.0555223,0.263498,-0.58746,3.63873
1.374,-0.0359724,0.333644,-0.238789,0,0.0555615,0.26358,-0.587402,3.64649
1.376,-0.0359724,0.333644,-0.238789,0,0.0555975,0.263688,-0.58738,3.6542
1.378,-0.0359724,0.333644,-0.238789,0,0.0556311,0.263812,-0.58738,3.66186
1.38,-0.0359724,0.333644,-0.238789,0,0.0556627,0.263939,-0.587391,3.66949
1.382,-0.0393986,0.33596,-0.241712,0,0.0556928,0.264063,-0.587403,3.67708
1.384,-0.0393986,0.33596,-0.241712,0,0.0557223,0.264186,-0.587412,3.68464
1.386,-0.0393986,0.33596,-0.241712,0,0.0557528,0.264311,-0.587416,3.69215
1.388,-0.0393986,0.33596,-0.241712,0,0.055785,0.264432,-0.587407,3.69963
1.39,-0.0393986,0.33596,-0.241712,0,0.055819,0.264546,-0.587382,3.70708
1.392,-0.0393986,0.33596,-0.241712,0,0.0558548,0.26465,-0.587336,3.71451
1.394,-0.0393986,0.33596,-0.241712,0,0.0558904,0.264745,-0.587267,3.72192
1.396,-0.0393986,0.33596,-0.241712,0,0.0559242,0.26483,-0.587173,3.72931
1.398,-0.0393986,0.33596,-0.241712,0,0.0559559,0.264903,-0.587052,3.73669
1.4,-0.0393986,0.33596,-0.241712,0,0.0559862,0.264964,-0.586904,3.74407
1.402,-0.0421216,0.333309,-0.239492,0,0.056015,0.265051,-0.586788,3.7514
1.404,-0.0421216,0.333309,-0.239492,0,0.0560415,0.26518,-0.586722,3.75868
1.406,-0.0421216,0.333309,-0.239492,0,0.0560655,0.26534,-0.586694,3.76589
1.408,-0.0421216,0.333309,-0.239492,0,0.0560876,0.265518,-0.586689,3.77306
1.41,-0.0421216,0.333309,-0.239492,0,0.0561085,0.2657,-0.586694,3.78018
1.412,-0.0421216,0.333309,-0.239492,0,0.0561285,0.265878,-0.586702,3.78726
1.414,-0.0421216,0.333309,-0.239492,0,0.0561483,0.266049,-0.586707,3.79431
1.416,-0.0421216,0.333309,-0.239492,0,0.0561683,0.266211,-0.586705,3.80132
1.418,-0.0421216,0.333309,-0.239492,0,0.0561883,0.26636,-0.586691,3.80831
1.42,-0.0421216,0.333309,-0.239492,0,0.0562085,0.266493,-0.58666,3.81527
1.422,-0.044677,0.338967,-0.241799,0,0.0562288,0.26661,-0.586608,3.82221
1.424,-0.044677,0.338967,-0.241799,0,0.0562492,0.266717,-0.586534,3.82913
1.426,-0.044677,0.338967,-0.241799,0,0.0562694,0.266825,-0.586439,3.83602
1.428,-0.044677,0.338967,-0.241799,0,0.0562893,0.266931,-0.58632,3.84289
1.43,-0.044677,0.338967,-0.241799,0,0.0563087,0.267034,-0.586179,3.84975
1.432,-0.044677,0.338967,-0.241799,0,0.0563279,0.267133,-0.586012,3.85659
1.434,-0.044677,0.338967,-0.241799,0,0.0563464,0.267262,-0.585876,3.86339
1.436,-0.044677,0.338967,-0.241799,0,0.0563639,0.267431,-0.585789,3.87012
1.438,-0.044677,0.338967,-0.241799,0,0.0563804,0.267629,-0.585739,3.87681
1.44,-0.044677,0.338967,-0.241799,0,0.0563955,0.267849,-0.585716,3.88344
1.442,-0.0449958,0.344004,-0.244801,0,0.05641,0.268078,-0.585708,3.89003
1.444,-0.0449958,0.344004,-0.244801,0,0.0564245,0.268309,-0.585706,3.89657
1.446,-0.0449958,0.344004,-0.244801,0,0.0564396,0.268541,-0.585704,3.90307
1.448,-0.0449958,0.344004,-0.244801,0,0.0564557,0.26877,-0.5857,3.90952
1.45,-0.0449958,0.344004,-0.244801,0,0.0564727,0.268993,-0.585688,3.91593
1.452,-0.0449958,0.344004,-0.244801,0,0.0564904,0.269205,-0.585664,3.92231
1.454,-0.0449958,0.344004,-0.244801,0,0.0565089,0.269403,-0.585624,3.92866
1.456,-0.0449958,0.344004,-0.244801,0,0.0565284,0.269587,-0.585565,3.93498
1.458,-0.0449958,0.344004,-0.244801,0,0.0565488,0.269755,-0.585486,3.94128
1.46,-0.0449958,0.344004,-0.244801,0,0.0565692,0.269911,-0.585385,3.94756
1.462,-0.0485338,0.341921,-0.240961,0,0.0565892,0.270054,-0.585263,3.95383
1.464,-0.0485338,0.341921,-0.240961,0,0.0566085,0.270192,-0.585119,3.96009
1.466,-0.0485338,0.341921,-0.240961,0,0.0566267,0.270329,-0.584953,3.96634
1.468,-0.0485338,0.341921,-0.240961,0,0.0566436,0.270496,-0.584815,3.97254
1.47,-0.0485338,0.341921,-0.240961,0,0.0566591,0.270702,-0.584722,3.97867
1.472,-0.0485338,0.341921,-0.240961,0,0.0566731,0.270937,-0.584664,3.98474
1.474,-0.0485338,0.341921,-0.240961,0,0.0566855,0.271194,-0.584633,3.99076
1.476,-0.0485338,0.341921,-0.240961,0,0.0566963,0.271466,-0.584618,3.99674
1.478,-0.0485338,0.341921,-0.240961,0,0.0567064,0.271741,-0.584612,4.00267
1.48,-0.0485338,0.341921,-0.240961,0,0.0567165,0.272014,-0.584607,4.00856
1.482,-0.0490198,0.35045,-0.245595,0,0.0567269,0.27228,-0.584601,4.01443
1.484,-0.0490198,0.35045,-0.245595,0,0.0567383,0.272543,-0.584592,4.02025
1.486,-0.0490198,0.35045,-0.245595,0,0.0567508,0.272807,-0.584576,4.02604
1.488,-0.0490198,0.35045,-0.245595,0,0.0567641,0.273066,-0.58455,4.03179
1.49,-0.0490198,0.35045,-0.245595,0,0.0567781,0.273316,-0.584509,4.03751
1.492,-0.0490198,0.35045,-0.245595,0,0.0567929,0.273556,-0.584452,4.0432
1.494,-0.0490198,0.35045,-0.245595,0,0.0568081,0.273783,-0.584376,4.04887
1.496,-0.0490198,0.35045,-0.245595,0,0.0568237,0.273999,-0.584281,4.05453
1.498,-0.0490198,0.35045,-0.245595,0,0.0568395,0.274203,-0.584167,4.06017
1.5,-0.0490198,0.35045,-0.245595,0,0.056855,0.274399,-0.584033,4.0658
1.502,-0.0516979,0.347549,-0.240699,0,0.0568704,0.274586,-0.583881,4.07143
1.504,-0.0516979,0.347549,-0.240699,0,0.056885,0.274784,-0.583731,4.07703
1.506,-0.0516979,0.347549,-0.240699,0,0.0568979,0.275023,-0.583626,4.08256
1.508,-0.0516979,0.347549,-0.240699,0,0.0569093,0.275293,-0.583556,4.08803
1.51,-0.0516979,0.347549,-0.240699,0,0.0569192,0.275587,-0.583514,4.09344
1.512,-0.0516979,0.347549,-0.240699,0,0.0569278,0.275899,-0.583491,4.09879
1.514,-0.0516979,0.347549,-0.240699,0,0.056935,0.276222,-0.58348,4.10411
1.516,-0.0516979,0.347549,-0.240699,0,0.0569414,0.276551,-0.583477,4.10938
1.518,-0.0516979,0.347549,-0.240699,0,0.0569476,0.276876,-0.583474,4.11462
1.52,-0.0516979,0.347549,-0.240699,0,0.0569542,0.277195,-0.583469,4.11982
1.522,-0.0522237,0.358015,-0.245538,0,0.0569612,0.277505,-0.583459,4.125
1.524,-0.0522237,0.358015,-0.245538,0,0.056969,0.27781,-0.583442,4.13015
1.526,-0.0522237,0.358015,-0.245538,0,0.0569779,0.278116,-0.583416,4.13527
1.528,-0.0522237,0.358015,-0.245538,0,0.0569876,0.278417,-0.58338,4.14036
1.53,-0.0522237,0.358015,-0.245538,0,0.056998,0.278711,-0.583329,4.14543
1.532,-0.0522237,0.358015,-0.245538,0,0.0570091,0.278996,-0.583263,4.15047
1.534,-0.0522237,0.358015,-0.245538,0,0.0570207,0.279269,-0.58318,4.1555
1.536,-0.0522237,0.358015,-0.245538,0,0.0570326,0.279532,-0.58308,4.16052
1.538,-0.0522237,0.358015,-0.245538,0,0.0570446,0.279785,-0.582962,4.16553
1.54,-0.0522237,0.358015,-0.245538,0,0.0570566,0.280028,-0.582829,4.17054
1.542,-0.0552193,0.354299,-0.24072,0,0.0570684,0.280262,-0.582679,4.17555
1.544,-0.0552193,0.354299,-0.24072,0,0.0570796,0.28049,-0.582513,4.18057
1.546,-0.0552193,0.354299,-0.24072,0,0.0570896,0.280745,-0.582373,4.18555
1.548,-0.0552193,0.354299,-0.24072,0,0.0570983,0.281034,-0.582274,4.19047
1.55,-0.0552193,0.354299,-0.24072,0,0.0571059,0.281349,-0.582208,4.19533
1.552,-0.0552193,0.354299,-0.24072,0,0.0571123,0.281684,-0.582167,4.20015
1.554,-0.0552193,0.354299,-0.24072,0,0.0571177,0.282031,-0.582145,4.20492
1.556,-0.0552193,0.354299,-0.24072,0,0.057122,0.282387,-0.582135,4.20966
1.558,-0.0552193,0.354299,-0.24072,0,0.0571253,0.282748,-0.582133,4.21436
1.56,-0.0552193,0.354299,-0.24072,0,0.0571284,0.283108,-0.582133,4.21904
1.562,-0.0553562,0.365945,-0.246302,0,0.0571317,0.283461,-0.582133,4.22369
1.564,-0.0553562,0.365945,-0.246302,0,0.0571358,0.283812,-0.58213,4.22832
1.566,-0.0553562,0.365945,-0.246302,0,0.0571412,0.284161,-0.582125,4.23292
1.568,-0.0553562,0.365945,-0.246302,0,0.0571476,0.284506,-0.582113,4.23751
1.57,-0.0553562,0.365945,-0.246302,0,0.0571551,0.284842,-0.582092,4.24207
1.572,-0.0553562,0.365945,-0.246302,0,0.0571633,0.285166,-0.582059,4.24662
1.574,-0.0553562,0.365945,-0.246302,0,0.0571723,0.285478,-0.582013,4.25116
1.576,-0.0553562,0.365945,-0.246302,0,0.0571819,0.285776,-0.581953,4.25569
1.578,-0.0553562,0.365945,-0.246302,0,0.057192,0.28606,-0.581877,4.26021
1.58,-0.0553562,0.365945,-0.246302,0,0.0572025,0.286329,-0.581785,4.26474
1.582,-0.0600387,0.36171,-0.240703,0,0.0572133,0.286586,-0.581677,4.26926
1.584,-0.0600387,0.36171,-0.240703,0,0.0572236,0.286833,-0.581554,4.2738
1.586,-0.0600387,0.36171,-0.240703,0,0.0572329,0.287074,-0.581415,4.27835
1.588,-0.0600387,0.36171,-0.240703,0,0.0572414,0.287309,-0.58126,4.28293
1.59,-0.0600387,0.36171,-0.240703,0,0.0572489,0.287566,-0.581131,4.28747
1.592,-0.0600387,0.36171,-0.240703,0,0.0572554,0.287856,-0.58104,4.29196
1.594,-0.0600387,0.36171,-0.240703,0,0.0572609,0.28817,-0.580981,4.29641
1.596,-0.0600387,0.36171,-0.240703,0,0.0572654,0.288502,-0.580945,4.30082
1.598,-0.0600387,0.36171,-0.240703,0,0.0572689,0.288847,-0.580928,4.30519
1.6,-0.0600387,0.36171,-0.240703,0,0.0572716,0.2892,-0.580924,4.30953
1.602,-0.06104,0.370879,-0.24433,0,0.0572733,0.289557,-0.580928,4.31385
1.604,-0.06104,0.370879,-0.24433,0,0.0572746,0.289922,-0.580938,4.31814
1.606,-0.06104,0.370879,-0.24433,0,0.0572762,0.290288,-0.580949,4.32242
1.608,-0.06104,0.370879,-0.24433,0,0.0572783,0.290652,-0.580958,4.32667
1.61,-0.06104,0.370879,-0.24433,0,0.0572811,0.29101,-0.580963,4.33092
1.612,-0.06104,0.370879,-0.24433,0,0.0572846,0.291359,-0.580963,4.33516
1.614,-0.06104,0.370879,-0.24433,0,0.0572888,0.291695,-0.580954,4.3394
1.616,-0.06104,0.370879,-0.24433,0,0.0572936,0.292018,-0.580935,4.34363
1.618,-0.06104,0.370879,-0.24433,0,0.0572989,0.292325,-0.580903,4.34786
1.62,-0.06104,0.370879,-0.24433,0,0.0573047,0.292616,-0.580858,4.35209
1.622,-0.0670723,0.367796,-0.240924,0,0.0573109,0.29289,-0.580798,4.35633
1.624,-0.0670723,0.367796,-0.240924,0,0.0573171,0.29315,-0.580723,4.36059
1.626,-0.0670723,0.367796,-0.240924,0,0.0573229,0.293398,-0.580631,4.36486
1.628,-0.0670723,0.367796,-0.240924,0,0.0573285,0.293633,-0.580523,4.36916
1.63,-0.0670723,0.367796,-0.240924,0,0.0573337,0.293856,-0.5804,4.37349
1.632,-0.0670723,0.367796,-0.240924,0,0.0573386,0.29407,-0.580262,4.37785
1.634,-0.0670723,0.367796,-0.240924,0,0.0573433,0.294274,-0.58011,4.38224
1.636,-0.0670723,0.367796,-0.240924,0,0.0573475,0.294484,-0.579964,4.38664
1.638,-0.0670723,0.367796,-0.240924,0,0.0573512,0.294727,-0.579858,4.39099
1.64,-0.0670723,0.367796,-0.240924,0,0.0573542,0.294995,-0.579785,4.39531
1.642,-0.0705364,0.368732,-0.239848,0,0.0573566,0.295281,-0.579738,4.39959
1.644,-0.0705364,0.368732,-0.239848,0,0.0573581,0.29558,-0.57971,4.40386
1.646,-0.0705364,0.368732,-0.239848,0,0.0573588,0.295886,-0.579696,4.4081
1.648,-0.0705364,0.368732,-0.239848,0,0.0573588,0.296196,-0.579692,4.41234
1.65,-0.0705364,0.368732,-0.239848,0,0.0573579,0.296508,-0.579692,4.41657
1.652,-0.0705364,0.368732,-0.239848,0,0.0573564,0.296821,-0.579695,4.42079
1.654,-0.0705364,0.368732,-0.239848,0,0.057355,0.297131,-0.579697,4.42502
1.656,-0.0705364,0.368732,-0.239848,0,0.0573542,0.297434,-0.579696,4.42924
1.658,-0.0705364,0.368732,-0.239848,0,0.0573539,0.297727,-0.579689,4.43348
1.66,-0.0705364,0.368732,-0.239848,0,0.0573541,0.298006,-0.579674,4.43772
1.662,-0.0754478,0.371364,-0.241306,0,0.0573548,0.298269,-0.579648,4.44197
1.664,-0.0754478,0.371364,-0.241306,0,0.0573558,0.298515,-0.579609,4.44623
1.666,-0.0754478,0.371364,-0.241306,0,0.0573571,0.298743,-0.579556,4.45053
1.668,-0.0754478,0.371364,-0.241306,0,0.0573587,0.298954,-0.579488,4.45484
1.67,-0.0754478,0.371364,-0.241306,0,0.0573605,0.299147,-0.579404,4.45919
1.672,-0.0754478,0.371364,-0.241306,0,0.0573624,0.299325,-0.579304,4.46356
1.674,-0.0754478,0.371364,-0.241306,0,0.0573644,0.299489,-0.579189,4.46797
1.676,-0.0754478,0.371364,-0.241306,0,0.0573663,0.299641,-0.579059,4.47241
1.678,-0.0754478,0.371364,-0.241306,0,0.0573683,0.299781,-0.578915,4.47689
1.68,-0.0754478,0.371364,-0.241306,0,0.0573701,0.299912,-0.578757,4.4814
1.682,-0.0810383,0.362787,-0.235187,0,0.057372,0.300033,-0.578586,4.48596
1.684,-0.0810383,0.362787,-0.235187,0,0.0573732,0.300167,-0.578437,4.49051
1.686,-0.0810383,0.362787,-0.235187,0,0.0573733,0.300319,-0.578323,4.49505
1.688,-0.0810383,0.362787,-0.235187,0,0.0573722,0.300485,-0.578237,4.49958
1.69,-0.0810383,0.362787,-0.235187,0,0.057369,0.300661,-0.578172,4.5041
1.692,-0.0810383,0.362787,-0.235187,0,0.0573629,0.300842,-0.578122,4.50862
1.694,-0.0810383,0.362787,-0.235187,0,0.0573542,0.301029,-0.578083,4.51313
1.696,-0.0810383,0.362787,-0.235187,0,0.0573431,0.301219,-0.578053,4.51765
1.698,-0.0810383,0.362787,-0.235187,0,0.0573304,0.301412,-0.578028,4.52217
1.7,-0.0810383,0.362787,-0.235187,0,0.0573166,0.301608,-0.578006,4.5267
1.702,-0.0813172,0.37505,-0.239419,0,0.057304,0.301802,-0.577983,4.53124
1.704,-0.0813172,0.37505,-0.239419,0,0.0572935,0.301987,-0.577956,4.5358
1.706,-0.0813172,0.37505,-0.239419,0,0.0572852,0.302155,-0.57792,4.54038
1.708,-0.0813172,0.37505,-0.239419,0,0.0572788,0.302307,-0.577872,4.54498
1.71,-0.0813172,0.37505,-0.239419,0,0.0572738,0.302442,-0.577812,4.54961
1.712,-0.0813172,0.37505,-0.239419,0,0.0572702,0.302558,-0.577736,4.55426
1.714,-0.0813172,0.37505,-0.239419,0,0.0572675,0.302659,-0.577646,4.55894
1.716,-0.0813172,0.37505,-0.239419,0,0.0572655,0.302745,-0.57754,4.56365
1.718,-0.0813172,0.37505,-0.239419,0,0.057264,0.302818,-0.577419,4.56839
1.72,-0.0813172,0.37505,-0.239419,0,0.057263,0.302879,-0.577283,4.57316
1.722,-0.087255,0.362329,-0.23069,0,0.0572624,0.30293,-0.577132,4.57797
1.724,-0.087255,0.362329,-0.23069,0,0.0572617,0.302973,-0.576964,4.58283
1.726,-0.087255,0.362329,-0.23069,0,0.0572608,0.303007,-0.576778,4.58774
1.728,-0.087255,0.362329,-0.23069,0,0.0572595,0.303044,-0.576594,4.59268
1.73,-0.087255,0.362329,-0.23069,0,0.0572576,0.3031,-0.576447,4.59762
1.732,-0.087255,0.362329,-0.23069,0,0.0572547,0.303171,-0.576331,4.60255
1.734,-0.087255,0.362329,-0.23069,0,0.0572501,0.303255,-0.576239,4.60748
1.736,-0.087255,0.362329,-0.23069,0,0.0572431,0.303352,-0.576165,4.61241
1.738,-0.087255,0.362329,-0.23069,0,0.0572337,0.303462,-0.576106,4.61734
1.74,-0.087255,0.362329,-0.23069,0,0.0572219,0.303582,-0.576057,4.62229
1.742,-0.0862377,0.369839,-0.231826,0,0.0572082,0.303712,-0.576016,4.62724
1.744,-0.0862377,0.369839,-0.231826,0,0.0571947,0.303853,-0.575981,4.63222
1.746,-0.0862377,0.369839,-0.231826,0,0.0571832,0.303984,-0.575943,4.63723
1.748,-0.0862377,0.369839,-0.231826,0,0.0571736,0.304092,-0.575896,4.64227
1.75,-0.0862377,0.369839,-0.231826,0,0.0571655,0.304182,-0.575839,4.64734
1.752,-0.0862377,0.369839,-0.231826,0,0.0571588,0.304255,-0.575769,4.65244
1.754,-0.0862377,0.369839,-0.231826,0,0.0571531,0.304316,-0.575685,4.65757
1.756,-0.0862377,0.369839,-0.231826,0,0.0571483,0.304365,-0.575586,4.66273
1.758,-0.0862377,0.369839,-0.231826,0,0.0571442,0.304405,-0.575473,4.66792
1.76,-0.0862377,0.369839,-0.231826,0,0.0571406,0.304437,-0.575343,4.67314
1.762,-0.0891391,0.359279,-0.224268,0,0.0571374,0.304463,-0.575197,4.67839
1.764,-0.0891391,0.359279,-0.224268,0,0.0571343,0.30448,-0.575033,4.68369
1.766,-0.0891391,0.359279,-0.224268,0,0.0571311,0.304485,-0.574847,4.68905
1.768,-0.0891391,0.359279,-0.224268,0,0.0571279,0.304478,-0.57464,4.69446
1.77,-0.0891391,0.359279,-0.224268,0,0.0571246,0.304473,-0.574435,4.69992
1.772,-0.0891391,0.359279,-0.224268,0,0.0571205,0.304492,-0.57427,4.70538
1.774,-0.0891391,0.359279,-0.224268,0,0.0571143,0.304532,-0.574139,4.71084
1.776,-0.0891391,0.359279,-0.224268,0,0.057105,0.304591,-0.574033,4.71632
1.778,-0.0891391,0.359279,-0.224268,0,0.0570922,0.304665,-0.573949,4.72181
1.78,-0.0891391,0.359279,-0.224268,0,0.0570761,0.304752,-0.573879,4.72733
1.782,-0.0859343,0.364693,-0.223747,0,0.0570576,0.304851,-0.573821,4.73286
1.784,-0.0859343,0.364693,-0.223747,0,0.0570395,0.30495,-0.57377,4.73843
1.786,-0.0859343,0.364693,-0.223747,0,0.057024,0.305037,-0.573719,4.74404
1.788,-0.0859343,0.364693,-0.223747,0,0.057011,0.305107,-0.573661,4.74967
1.79,-0.0859343,0.364693,-0.223747,0,0.057,0.305162,-0.573594,4.75534
1.792,-0.0859343,0.364693,-0.223747,0,0.0569906,0.305203,-0.573515,4.76103
1.794,-0.0859343,0.364693,-0.223747,0,0.0569824,0.305231,-0.573422,4.76675
1.796,-0.0859343,0.364693,-0.223747,0,0.0569752,0.305246,-0.573313,4.7725
1.798,-0.0859343,0.364693,-0.223747,0,0.0569687,0.305248,-0.573186,4.77828
1.8,-0.0859343,0.364693,-0.223747,0,0.0569628,0.30524,-0.573042,4.7841
1.802,-0.0880262,0.349631,-0.219729,0,0.0569572,0.305222,-0.572877,4.78996
1.804,-0.0880262,0.349631,-0.219729,0,0.0569519,0.305188,-0.572691,4.79588
1.806,-0.0880262,0.349631,-0.219729,0,0.0569467,0.305135,-0.57248,4.80187
1.808,-0.0880262,0.349631,-0.219729,0,0.0569415,0.305063,-0.572245,4.80793
1.81,-0.0880262,0.349631,-0.219729,0,0.0569362,0.304998,-0.572036,4.81403
1.812,-0.0880262,0.349631,-0.219729,0,0.05693,0.304948,-0.571868,4.82016
1.814,-0.0880262,0.349631,-0.219729,0,0.0569219,0.304909,-0.571735,4.82631
1.816,-0.0880262,0.349631,-0.219729,0,0.0569117,0.304879,-0.571627,4.83249
1.818,-0.0880262,0.349631,-0.219729,0,0.0568997,0.304857,-0.571539,4.8387
1.82,-0.0880262,0.349631,-0.219729,0,0.0568864,0.304841,-0.571466,4.84495
1.822,-0.084264,0.357198,-0.222938,0,0.0568715,0.30483,-0.571402,4.85123
1.824,-0.084264,0.357198,-0.222938,0,0.0568577,0.304818,-0.57134,4.85754
1.826,-0.084264,0.357198,-0.222938,0,0.0568461,0.304801,-0.571275,4.86388
1.828,-0.084264,0.357198,-0.222938,0,0.0568361,0.304775,-0.5712,4.87027
1.83,-0.084264,0.357198,-0.222938,0,0.0568275,0.30474,-0.571113,4.87668
1.832,-0.084264,0.357198,-0.222938,0,0.05682,0.304695,-0.571011,4.88314
1.834,-0.084264,0.357198,-0.222938,0,0.0568132,0.304641,-0.570891,4.88964
1.836,-0.084264,0.357198,-0.222938,0,0.0568071,0.304577,-0.570752,4.89619
1.838,-0.084264,0.357198,-0.222938,0,0.0568014,0.304504,-0.570593,4.90278
1.84,-0.084264,0.357198,-0.222938,0,0.0567961,0.304422,-0.57041,4.90942
1.842,-0.0857364,0.340287,-0.217386,0,0.056791,0.304332,-0.570203,4.91611
1.844,-0.0857364,0.340287,-0.217386,0,0.056786,0.30424,-0.569996,4.92285
1.846,-0.0857364,0.340287,-0.217386,0,0.056781,0.304164,-0.569834,4.92961
1.848,-0.0857364,0.340287,-0.217386,0,0.0567757,0.304101,-0.569708,4.93639
1.85,-0.0857364,0.340287,-0.217386,0,0.0567696,0.304048,-0.569609,4.9432
1.852,-0.0857364,0.340287,-0.217386,0,0.0567626,0.304004,-0.56953,4.95003
1.854,-0.0857364,0.340287,-0.217386,0,0.0567553,0.303967,-0.569465,4.9569
1.856,-0.0857364,0.340287,-0.217386,0,0.0567482,0.303933,-0.569408,4.9638
1.858,-0.0857364,0.340287,-0.217386,0,0.0567416,0.303894,-0.569349,4.97074
1.86,-0.0857364,0.340287,-0.217386,0,0.0567354,0.303846,-0.569282,4.97771
1.862,-0.083988,0.344787,-0.222869,0,0.0567295,0.303787,-0.569202,4.98472
1.864,-0.083988,0.344787,-0.222869,0,0.0567239,0.303709,-0.569106,4.99178
1.866,-0.083988,0.344787,-0.222869,0,0.0567186,0.303607,-0.568992,4.99889
1.868,-0.083988,0.344787,-0.222869,0,0.0567134,0.303484,-0.568858,5.00606
1.87,-0.083988,0.344787,-0.222869,0,0.0567083,0.303341,-0.568701,5.01328
1.872,-0.083988,0.344787,-0.222869,0,0.0567033,0.303178,-0.568519,5.02056
1.874,-0.083988,0.344787,-0.222869,0,0.0566984,0.302997,-0.568311,5.02791
1.876,-0.083988,0.344787,-0.222869,0,0.0566935,0.302798,-0.568073,5.03531
1.878,-0.083988,0.344787,-0.222869,0,0.0566887,0.302618,-0.567867,5.04274
1.88,-0.083988,0.344787,-0.222869,0,0.056684,0.302471,-0.567713,5.05018
1.882,-0.0828579,0.336374,-0.222399,0,0.0566795,0.302351,-0.567597,5.05763
1.884,-0.0828579,0.336374,-0.222399,0,0.0566748,0.302245,-0.56751,5.0651
1.886,-0.0828579,0.336374,-0.222399,0,0.0566698,0.302144,-0.567441,5.0726
1.888,-0.0828579,0.336374,-0.222399,0,0.0566648,0.302044,-0.567384,5.08015
1.89,-0.0828579,0.336374,-0.222399,0,0.05666,0.301938,-0.56733,5.08773
1.892,-0.0828579,0.336374,-0.222399,0,0.0566553,0.301819,-0.567272,5.09535
1.894,-0.0828579,0.336374,-0.222399,0,0.0566506,0.301683,-0.567201,5.10302
1.896,-0.0828579,0.336374,-0.222399,0,0.0566461,0.301529,-0.567113,5.11073
1.898,-0.0828579,0.336374,-0.222399,0,0.0566414,0.301357,-0.567006,5.11848
1.9,-0.0828579,0.336374,-0.222399,0,0.0566368,0.301167,-0.566877,5.12628
1.902,-0.0825814,0.331964,-0.224342,0,0.0566321,0.300956,-0.566723,5.13414
1.904,-0.0825814,0.331964,-0.224342,0,0.0566273,0.30072,-0.56654,5.14205
1.906,-0.0825814,0.331964,-0.224342,0,0.0566225,0.300455,-0.566327,5.15003
1.908,-0.0825814,0.331964,-0.224342,0,0.0566176,0.300205,-0.566146,5.15804
1.91,-0.0825814,0.331964,-0.224342,0,0.0566129,0.299988,-0.566019,5.16606
1.912,-0.0825814,0.331964,-0.224342,0,0.0566082,0.299795,-0.565931,5.1741
1.914,-0.0825814,0.331964,-0.224342,0,0.0566033,0.299617,-0.565872,5.18215
1.916,-0.0825814,0.331964,-0.224342,0,0.0565974,0.299447,-0.56583,5.19022
1.918,-0.0825814,0.331964,-0.224342,0,0.0565912,0.29928,-0.565797,5.19832
1.92,-0.0825814,0.331964,-0.224342,0,0.0565854,0.299109,-0.565765,5.20645
1.922,-0.0802212,0.334087,-0.228947,0,0.0565799,0.298928,-0.565726,5.2146
1.924,-0.0802212,0.334087,-0.228947,0,0.0565746,0.298733,-0.565673,5.22279
1.926,-0.0802212,0.334087,-0.228947,0,0.0565696,0.298519,-0.565602,5.23103
1.928,-0.0802212,0.334087,-0.228947,0,0.0565648,0.298282,-0.565509,5.2393
1.93,-0.0802212,0.334087,-0.228947,0,0.0565601,0.298023,-0.565391,5.24762
1.932,-0.0802212,0.334087,-0.228947,0,0.0565554,0.297739,-0.565246,5.25599
1.934,-0.0802212,0.334087,-0.228947,0,0.0565507,0.297429,-0.565071,5.2644
1.936,-0.0802212,0.334087,-0.228947,0,0.056546,0.297115,-0.564898,5.27285
1.938,-0.0802212,0.334087,-0.228947,0,0.0565416,0.296839,-0.564783,5.2813
1.94,-0.0802212,0.334087,-0.228947,0,0.0565373,0.296592,-0.564715,5.28974
1.942,-0.0784277,0.330275,-0.230172,0,0.056533,0.296366,-0.564679,5.2982
1.944,-0.0784277,0.330275,-0.230172,0,0.0565287,0.296153,-0.564666,5.30666
1.946,-0.0784277,0.330275,-0.230172,0,0.0565244,0.295941,-0.564662,5.31515
1.948,-0.0784277,0.330275,-0.230172,0,0.0565202,0.295726,-0.564659,5.32366
1.95,-0.0784277,0.330275,-0.230172,0,0.0565161,0.295502,-0.564651,5.33219
1.952,-0.0784277,0.330275,-0.230172,0,0.0565122,0.295266,-0.564631,5.34076
1.954,-0.0784277,0.330275,-0.230172,0,0.0565083,0.295012,-0.564592,5.34936
1.956,-0.0784277,0.330275,-0.230172,0,0.0565045,0.294737,-0.564529,5.35799
1.958,-0.0784277,0.330275,-0.230172,0,0.0565006,0.29444,-0.564439,5.36666
1.96,-0.0784277,0.330275,-0.230172,0,0.0564966,0.29412,-0.564321,5.37537
1.962,-0.0784473,0.323933,-0.230693,0,0.0564925,0.293781,-0.564171,5.38412
1.964,-0.0784473,0.323933,-0.230693,0,0.0564884,0.293442,-0.564024,5.3929
1.966,-0.0784473,0.323933,-0.230693,0,0.0564842,0.29314,-0.563938,5.40169
1.968,-0.0784473,0.323933,-0.230693,0,0.05648,0.292867,-0.5639,5.41048
1.97,-0.0784473,0.323933,-0.230693,0,0.0564757,0.292615,-0.563897,5.41929
1.972,-0.0784473,0.323933,-0.230693,0,0.0564709,0.292378,-0.563916,5.42811
1.974,-0.0784473,0.323933,-0.230693,0,0.0564658,0.292144,-0.563945,5.43695
1.976,-0.0784473,0.323933,-0.230693,0,0.0564608,0.291904,-0.563972,5.44581
1.978,-0.0784473,0.323933,-0.230693,0,0.0564558,0.291654,-0.563992,5.45469
1.98,-0.0784473,0.323933,-0.230693,0,0.056451,0.291391,-0.563998,5.4636
1.982,-0.0766747,0.328063,-0.234519,0,0.0564463,0.291111,-0.563984,5.47253
1.984,-0.0766747,0.328063,-0.234519,0,0.0564418,0.290813,-0.563945,5.4815
1.986,-0.0766747,0.328063,-0.234519,0,0.0564378,0.290497,-0.563878,5.49051
1.988,-0.0766747,0.328063,-0.234519,0,0.0564339,0.290166,-0.563781,5.49955
1.99,-0.0766747,0.328063,-0.234519,0,0.0564299,0.289822,-0.563653,5.50863
1.992,-0.0766747,0.328063,-0.234519,0,0.056426,0.28951,-0.563563,5.51772
1.994,-0.0766747,0.328063,-0.234519,0,0.0564222,0.289243,-0.563534,5.52681
1.996,-0.0766747,0.328063,-0.234519,0,0.0564185,0.289011,-0.563551,5.5359
1.998,-0.0766747,0.328063,-0.234519,0,0.0564147,0.288805,-0.5636,5.545
2,-0.0766747,0.328063,-0.234519,0,0.0564109,0.288609,-0.563665,5.55411
2.002,-0.0734459,0.328809,-0.235859,0,0.0564069,0.288412,-0.563732,5.56323
2.004,-0.0734459,0.328809,-0.235859,0,0.0564029,0.288204,-0.563792,5.57236
2.006,-0.0734459,0.328809,-0.235859,0,0.0563992,0.287983,-0.563839,5.58152
2.008,-0.0734459,0.328809,-0.235859,0,0.0563959,0.287745,-0.563869,5.5907
2.01,-0.0734459,0.328809,-0.235859,0,0.0563931,0.28749,-0.563876,5.5999
2.012,-0.0734459,0.328809,-0.235859,0,0.0563908,0.287217,-0.563854,5.60914
2.014,-0.0734459,0.328809,-0.235859,0,0.0563888,0.286926,-0.5638,5.6184
2.016,-0.0734459,0.328809,-0.235859,0,0.0563869,0.286621,-0.563713,5.6277
2.018,-0.0734459,0.328809,-0.235859,0,0.0563848,0.286348,-0.563663,5.63701
2.02,-0.0734459,0.328809,-0.235859,0,0.0563825,0.28612,-0.563674,5.6463
2.022,-0.0710658,0.325815,-0.235079,0,0.0563801,0.285926,-0.563728,5.6556
2.024,-0.0710658,0.325815,-0.235079,0,0.0563775,0.285756,-0.563813,5.6649
2.026,-0.0710658,0.325815,-0.235079,0,0.0563747,0.285593,-0.563912,5.67421
2.028,-0.0710658,0.325815,-0.235079,0,0.0563717,0.285424,-0.564012,5.68353
2.03,-0.0710658,0.325815,-0.235079,0,0.0563685,0.285243,-0.564101,5.69286
2.032,-0.0710658,0.325815,-0.235079,0,0.0563653,0.285047,-0.564173,5.70221
2.034,-0.0710658,0.325815,-0.235079,0,0.0563624,0.284835,-0.564226,5.71158
2.036,-0.0710658,0.325815,-0.235079,0,0.0563599,0.284605,-0.564253,5.72097
2.038,-0.0710658,0.325815,-0.235079,0,0.0563577,0.284357,-0.564249,5.73039
2.04,-0.0710658,0.325815,-0.235079,0,0.0563559,0.284091,-0.56421,5.73984
2.042,-0.0701148,0.320582,-0.235054,0,0.056354,0.28381,-0.564136,5.74932
2.044,-0.0701148,0.320582,-0.235054,0,0.0563519,0.28356,-0.564098,5.75881
2.046,-0.0701148,0.320582,-0.235054,0,0.0563497,0.283352,-0.564121,5.7683
2.048,-0.0701148,0.320582,-0.235054,0,0.0563473,0.283175,-0.564188,5.77779
2.05,-0.0701148,0.320582,-0.235054,0,0.0563448,0.283017,-0.564283,5.78729
2.052,-0.0701148,0.320582,-0.235054,0,0.0563419,0.282861,-0.564389,5.79679
2.054,-0.0701148,0.320582,-0.235054,0,0.0563389,0.282698,-0.564493,5.8063
2.056,-0.0701148,0.320582,-0.235054,0,0.0563358,0.28252,-0.564584,5.81583
2.058,-0.0701148,0.320582,-0.235054,0,0.0563326,0.282326,-0.564659,5.82537
2.06,-0.0701148,0.320582,-0.235054,0,0.0563296,0.282116,-0.564711,5.83493
2.062,-0.0683975,0.322728,-0.237133,0,0.0563268,0.281888,-0.564736,5.84452
2.064,-0.0683975,0.322728,-0.237133,0,0.0563245,0.281643,-0.564729,5.85413
2.066,-0.0683975,0.322728,-0.237133,0,0.0563224,0.281384,-0.564687,5.86377
2.068,-0.0683975,0.322728,-0.237133,0,0.0563203,0.281134,-0.564647,5.87342
2.07,-0.0683975,0.322728,-0.237133,0,0.0563182,0.28093,-0.56467,5.88306
2.072,-0.0683975,0.322728,-0.237133,0,0.0563161,0.280763,-0.564742,5.89269
2.074,-0.0683975,0.322728,-0.237133,0,0.056314,0.280625,-0.564847,5.90231
2.076,-0.0683975,0.322728,-0.237133,0,0.0563117,0.2805,-0.56497,5.91194
2.078,-0.0683975,0.322728,-0.237133,0,0.0563093,0.280376,-0.565095,5.92156
2.08,-0.0683975,0.322728,-0.237133,0,0.0563068,0.280242,-0.565211,5.93119
2.082,-0.0658163,0.323616,-0.238775,0,0.0563042,0.280094,-0.565309,5.94083
2.084,-0.0658163,0.323616,-0.238775,0,0.056302,0.279931,-0.565386,5.95048
2.086,-0.0658163,0.323616,-0.238775,0,0.0563004,0.279751,-0.565438,5.96015
2.088,-0.0658163,0.323616,-0.238775,0,0.0562993,0.279554,-0.565458,5.96983
2.09,-0.0658163,0.323616,-0.238775,0,0.0562988,0.279339,-0.565443,5.97952
2.092,-0.0658163,0.323616,-0.238775,0,0.0562984,0.279109,-0.565392,5.98925
2.094,-0.0658163,0.323616,-0.238775,0,0.0562979,0.278905,-0.565374,5.99897
2.096,-0.0658163,0.323616,-0.238775,0,0.0562973,0.278739,-0.565415,6.00868
2.098,-0.0658163,0.323616,-0.238775,0,0.0562966,0.278603,-0.565498,6.01839
2.1,-0.0658163,0.323616,-0.238775,0,0.0562958,0.278485,-0.565607,6.02809
2.102,-0.0626765,0.323228,-0.239217,0,0.0562948,0.278372,-0.565727,6.03778
2.104,-0.0626765,0.323228,-0.239217,0,0.0562937,0.278254,-0.565844,6.04748
2.106,-0.0626765,0.323228,-0.239217,0,0.0562927,0.278122,-0.565947,6.05717
2.108,-0.0626765,0.323228,-0.239217,0,0.056292,0.277973,-0.566032,6.06687
2.11,-0.0626765,0.323228,-0.239217,0,0.0562919,0.27781,-0.566094,6.07658
2.112,-0.0626765,0.323228,-0.239217,0,0.0562924,0.27763,-0.566128,6.0863
2.114,-0.0626765,0.323228,-0.239217,0,0.0562934,0.277433,-0.566129,6.09603
2.116,-0.0626765,0.323228,-0.239217,0,0.0562946,0.277222,-0.566095,6.10578
2.118,-0.0626765,0.323228,-0.239217,0,0.0562956,0.277017,-0.566061,6.11554
2.12,-0.0626765,0.323228,-0.239217,0,0.0562965,0.27685,-0.566089,6.12528
2.122,-0.0600472,0.320631,-0.238384,0,0.0562972,0.276714,-0.566163,6.13502
2.124,-0.0600472,0.320631,-0.238384,0,0.0562978,0.2766,-0.566269,6.14474
2.126,-0.0600472,0.320631,-0.238384,0,0.0562983,0.276493,-0.566389,6.15445
2.128,-0.0600472,0.320631,-0.238384,0,0.0562987,0.276384,-0.566511,6.16416
2.13,-0.0600472,0.320631,-0.238384,0,0.056299,0.276265,-0.566622,6.17386
2.132,-0.0600472,0.320631,-0.238384,0,0.0562994,0.27613,-0.566715,6.18356
2.134,-0.0600472,0.320631,-0.238384,0,0.0563001,0.27598,-0.566787,6.19327
2.136,-0.0600472,0.320631,-0.238384,0,0.0563013,0.275815,-0.566833,6.20298
2.138,-0.0600472,0.320631,-0.238384,0,0.0563029,0.275633,-0.566847,6.2127
2.14,-0.0600472,0.320631,-0.238384,0,0.0563047,0.275436,-0.566826,6.22244
2.142,-0.0591515,0.316184,-0.23762,0,0.0563063,0.275227,-0.56677,6.2322
2.144,-0.0591515,0.316184,-0.23762,0,0.0563079,0.27504,-0.566747,6.24196
2.146,-0.0591515,0.316184,-0.23762,0,0.0563095,0.274889,-0.566782,6.2517
2.148,-0.0591515,0.316184,-0.23762,0,0.056311,0.274765,-0.56686,6.26143
2.15,-0.0591515,0.316184,-0.23762,0,0.0563124,0.274657,-0.566963,6.27115
2.152,-0.0591515,0.316184,-0.23762,0,0.0563136,0.274554,-0.567077,6.28087
2.154,-0.0591515,0.316184,-0.23762,0,0.0563148,0.274446,-0.567189,6.29057
2.156,-0.0591515,0.316184,-0.23762,0,0.056316,0.274327,-0.567288,6.30028
2.158,-0.0591515,0.316184,-0.23762,0,0.0563172,0.274194,-0.567369,6.30999
2.16,-0.0591515,0.316184,-0.23762,0,0.0563186,0.274046,-0.567427,6.31971
2.162,-0.0579544,0.318728,-0.239499,0,0.0563202,0.273883,-0.567456,6.32944
2.164,-0.0579544,0.318728,-0.239499,0,0.0563221,0.273705,-0.567452,6.33918
2.166,-0.0579544,0.318728,-0.239499,0,0.0563241,0.273517,-0.567414,6.34892
2.168,-0.0579544,0.318728,-0.239499,0,0.0563263,0.273336,-0.567377,6.35867
2.17,-0.0579544,0.318728,-0.239499,0,0.0563286,0.27319,-0.567401,6.3684
2.172,-0.0579544,0.318728,-0.239499,0,0.056331,0.273071,-0.567472,6.37812
2.174,-0.0579544,0.318728,-0.239499,0,0.0563334,0.272971,-0.567575,6.38782
2.176,-0.0579544,0.318728,-0.239499,0,0.0563359,0.272878,-0.567693,6.3975
2.178,-0.0579544,0.318728,-0.239499,0,0.0563384,0.272785,-0.567812,6.40717
2.18,-0.0579544,0.318728,-0.239499,0,0.0563409,0.272687,-0.567923,6.41684
2.182,-0.0565707,0.320097,-0.240312,0,0.0563434,0.272577,-0.568016,6.4265
2.184,-0.0565707,0.320097,-0.240312,0,0.0563462,0.272459,-0.568089,6.43615
2.186,-0.0565707,0.320097,-0.240312,0,0.0563495,0.272331,-0.568137,6.4458
2.188,-0.0565707,0.320097,-0.240312,0,0.0563532,0.272191,-0.568153,6.45545
2.19,-0.0565707,0.320097,-0.240312,0,0.0563571,0.27204,-0.568135,6.4651
2.192,-0.0565707,0.320097,-0.240312,0,0.056361,0.271878,-0.56808,6.47476
2.194,-0.0565707,0.320097,-0.240312,0,0.0563649,0.271735,-0.568059,6.48442
2.196,-0.0565707,0.320097,-0.240312,0,0.0563689,0.27162,-0.568095,6.49406
2.198,-0.0565707,0.320097,-0.240312,0,0.056373,0.271527,-0.568171,6.50368
2.2,-0.0565707,0.320097,-0.240312,0,0.056377,0.271445,-0.568273,6.51329
2.202,-0.0539714,0.321757,-0.240511,0,0.056381,0.271365,-0.568384,6.52289
2.204,-0.0539714,0.321757,-0.240511,0,0.0563851,0.271284,-0.568495,6.53247
2.206,-0.0539714,0.321757,-0.240511,0,0.0563893,0.271197,-0.568593,6.54202
2.208,-0.0539714,0.321757,-0.240511,0,0.0563938,0.271105,-0.568674,6.55157
2.21,-0.0539714,0.321757,-0.240511,0,0.0563989,0.271004,-0.568734,6.5611
2.212,-0.0539714,0.321757,-0.240511,0,0.0564045,0.270893,-0.568767,6.57063
2.214,-0.0539714,0.321757,-0.240511,0,0.0564107,0.270769,-0.568768,6.58016
2.216,-0.0539714,0.321757,-0.240511,0,0.056417,0.270634,-0.568735,6.58969
2.218,-0.0539714,0.321757,-0.240511,0,0.0564231,0.270503,-0.5687,6.59922
2.22,-0.0539714,0.321757,-0.240511,0,0.0564292,0.270398,-0.568723,6.60873
2.222,-0.0522993,0.320703,-0.238516,0,0.0564352,0.270313,-0.56879,6.61822
2.224,-0.0522993,0.320703,-0.238516,0,0.0564411,0.270243,-0.568886,6.62769
2.226,-0.0522993,0.320703,-0.238516,0,0.0564471,0.270175,-0.568995,6.63713
2.228,-0.0522993,0.320703,-0.238516,0,0.0564531,0.270106,-0.569104,6.64654
2.23,-0.0522993,0.320703,-0.238516,0,0.0564592,0.270032,-0.569205,6.65593
2.232,-0.0522993,0.320703,-0.238516,0,0.0564654,0.269952,-0.569289,6.6653
2.234,-0.0522993,0.320703,-0.238516,0,0.0564719,0.269865,-0.569355,6.67466
2.236,-0.0522993,0.320703,-0.238516,0,0.0564787,0.26977,-0.569396,6.68402
2.238,-0.0522993,0.320703,-0.238516,0,0.0564859,0.269664,-0.569407,6.69336
2.24,-0.0522993,0.320703,-0.238516,0,0.0564931,0.269547,-0.569386,6.70271
2.242,-0.0526447,0.318113,-0.237126,0,0.0565003,0.269421,-0.56933,6.71207
2.244,-0.0526447,0.318113,-0.237126,0,0.0565075,0.269298,-0.569271,6.72142
2.246,-0.0526447,0.318113,-0.237126,0,0.0565146,0.269201,-0.569271,6.73075
2.248,-0.0526447,0.318113,-0.237126,0,0.0565214,0.269123,-0.569314,6.74006
2.25,-0.0526447,0.318113,-0.237126,0,0.0565279,0.269058,-0.569387,6.74935
2.252,-0.0526447,0.318113,-0.237126,0,0.0565347,0.268994,-0.569473,6.75862
2.254,-0.0526447,0.318113,-0.237126,0,0.0565416,0.268926,-0.569561,6.76786
2.256,-0.0526447,0.318113,-0.237126,0,0.0565487,0.268851,-0.569642,6.77709
2.258,-0.0526447,0.318113,-0.237126,0,0.056556,0.268768,-0.569708,6.7863
2.26,-0.0526447,0.318113,-0.237126,0,0.0565635,0.268677,-0.569758,6.7955
2.262,-0.0529735,0.322004,-0.239351,0,0.0565712,0.268578,-0.569784,6.8047
2.264,-0.0529735,0.322004,-0.239351,0,0.0565791,0.268472,-0.569782,6.81388
2.266,-0.0529735,0.322004,-0.239351,0,0.0565872,0.26836,-0.56975,6.82306
2.268,-0.0529735,0.322004,-0.239351,0,0.0565954,0.268242,-0.569686,6.83224
2.27,-0.0529735,0.322004,-0.239351,0,0.0566036,0.268132,-0.569623,6.84141
2.272,-0.0529735,0.322004,-0.239351,0,0.0566118,0.268051,-0.569619,6.85055
2.274,-0.0529735,0.322004,-0.239351,0,0.0566197,0.26799,-0.569659,6.85968
2.276,-0.0529735,0.322004,-0.239351,0,0.0566274,0.26794,-0.56973,6.86879
2.278,-0.0529735,0.322004,-0.239351,0,0.0566353,0.267891,-0.569816,6.87788
2.28,-0.0529735,0.322004,-0.239351,0,0.0566433,0.267838,-0.569905,6.88693
2.282,-0.052662,0.324997,-0.240144,0,0.0566516,0.267779,-0.569987,6.89597
2.284,-0.052662,0.324997,-0.240144,0,0.05666,0.267712,-0.570056,6.90498
2.286,-0.052662,0.324997,-0.240144,0,0.0566688,0.267642,-0.570109,6.91397
2.288,-0.052662,0.324997,-0.240144,0,0.056678,0.267566,-0.570141,6.92293
2.29,-0.052662,0.324997,-0.240144,0,0.0566875,0.267485,-0.570148,6.93189
2.292,-0.052662,0.324997,-0.240144,0,0.0566972,0.267397,-0.570125,6.94083
2.294,-0.052662,0.324997,-0.240144,0,0.0567069,0.267304,-0.57007,6.94977
2.296,-0.052662,0.324997,-0.240144,0,0.0567164,0.267219,-0.570016,6.9587
2.298,-0.052662,0.324997,-0.240144,0,0.0567258,0.267165,-0.57002,6.96761
2.3,-0.052662,0.324997,-0.240144,0,0.056735,0.267132,-0.570068,6.97649
2.302,-0.0511649,0.326815,-0.239235,0,0.0567436,0.267114,-0.570146,6.98536
2.304,-0.0511649,0.326815,-0.239235,0,0.0567522,0.2671,-0.57024,6.99421
2.306,-0.0511649,0.326815,-0.239235,0,0.056761,0.267084,-0.570338,7.00301
2.308,-0.0511649,0.326815,-0.239235,0,0.0567699,0.267061,-0.570429,7.01178
2.31,-0.0511649,0.326815,-0.239235,0,0.0567791,0.267031,-0.570508,7.02053
2.312,-0.0511649,0.326815,-0.239235,0,0.0567885,0.266993,-0.57057,7.02925
2.314,-0.0511649,0.326815,-0.239235,0,0.0567985,0.266949,-0.570612,7.03795
2.316,-0.0511649,0.326815,-0.239235,0,0.0568088,0.266897,-0.570629,7.04664
2.318,-0.0511649,0.326815,-0.239235,0,0.0568196,0.266838,-0.570618,7.05532
2.32,-0.0511649,0.326815,-0.239235,0,0.0568304,0.266772,-0.570575,7.06399
2.322,-0.0528691,0.321569,-0.236867,0,0.056841,0.266699,-0.570501,7.07267
2.324,-0.0528691,0.321569,-0.236867,0,0.0568513,0.266649,-0.570457,7.08132
2.326,-0.0528691,0.321569,-0.236867,0,0.0568612,0.266629,-0.570466,7.08995
2.328,-0.0528691,0.321569,-0.236867,0,0.0568702,0.26663,-0.570514,7.09857
2.33,-0.0528691,0.321569,-0.236867,0,0.0568787,0.26664,-0.570586,7.10716
2.332,-0.0528691,0.321569,-0.236867,0,0.0568871,0.266647,-0.570668,7.11573
2.334,-0.0528691,0.321569,-0.236867,0,0.0568956,0.266646,-0.57075,7.12428
2.336,-0.0528691,0.321569,-0.236867,0,0.0569041,0.266633,-0.570823,7.1328
2.338,-0.0528691,0.321569,-0.236867,0,0.0569128,0.266607,-0.570883,7.1413
2.34,-0.0528691,0.321569,-0.236867,0,0.0569217,0.266569,-0.570925,7.14979
2.342,-0.0538569,0.329065,-0.238859,0,0.0569309,0.26652,-0.570946,7.15827
2.344,-0.0538569,0.329065,-0.238859,0,0.0569403,0.266462,-0.570942,7.16674
2.346,-0.0538569,0.329065,-0.238859,0,0.0569499,0.2664,-0.570911,7.17519
2.348,-0.0538569,0.329065,-0.238859,0,0.0569594,0.266334,-0.570851,7.18363
2.35,-0.0538569,0.329065,-0.238859,0,0.0569686,0.266263,-0.57076,7.19207
2.352,-0.0538569,0.329065,-0.238859,0,0.0569778,0.266223,-0.570705,7.20048
2.354,-0.0538569,0.329065,-0.238859,0,0.0569869,0.266223,-0.570705,7.20887
2.356,-0.0538569,0.329065,-0.238859,0,0.0569957,0.26625,-0.570747,7.21725
2.358,-0.0538569,0.329065,-0.238859,0,0.0570041,0.26629,-0.570816,7.2256
2.36,-0.0538569,0.329065,-0.238859,0,0.0570125,0.266323,-0.570894,7.23394
2.362,-0.0535616,0.331296,-0.23868,0,0.057021,0.26635,-0.570973,7.24226
2.364,-0.0535616,0.331296,-0.23868,0,0.0570295,0.266369,-0.571046,7.25055
2.366,-0.0535616,0.331296,-0.23868,0,0.0570383,0.266383,-0.571107,7.25882
2.368,-0.0535616,0.331296,-0.23868,0,0.0570474,0.26639,-0.571154,7.26706
2.37,-0.0535616,0.331296,-0.23868,0,0.0570571,0.266391,-0.57118,7.27528
2.372,-0.0535616,0.331296,-0.23868,0,0.0570671,0.266382,-0.571183,7.28348
2.374,-0.0535616,0.331296,-0.23868,0,0.0570774,0.266365,-0.571159,7.29167
2.376,-0.0535616,0.331296,-0.23868,0,0.0570874,0.26634,-0.571108,7.29986
2.378,-0.0535616,0.331296,-0.23868,0,0.0570973,0.266307,-0.571027,7.30805
2.38,-0.0535616,0.331296,-0.23868,0,0.0571069,0.266301,-0.57098,7.31621
2.382,-0.0544065,0.327116,-0.236647,0,0.0571163,0.26633,-0.570987,7.32436
2.384,-0.0544065,0.327116,-0.236647,0,0.0571253,0.266386,-0.571033,7.33248
2.386,-0.0544065,0.327116,-0.236647,0,0.0571337,0.266454,-0.571104,7.34059
2.388,-0.0544065,0.327116,-0.236647,0,0.0571419,0.266516,-0.571183,7.34868
2.39,-0.0544065,0.327116,-0.236647,0,0.0571499,0.266568,-0.571262,7.35675
2.392,-0.0544065,0.327116,-0.236647,0,0.0571579,0.26661,-0.571333,7.36482
2.394,-0.0544065,0.327116,-0.236647,0,0.057166,0.266644,-0.571391,7.37286
2.396,-0.0544065,0.327116,-0.236647,0,0.0571743,0.266669,-0.571435,7.38089
2.398,-0.0544065,0.327116,-0.236647,0,0.0571829,0.266685,-0.571461,7.38891
2.4,-0.0544065,0.327116,-0.236647,0,0.0571916,0.266687,-0.571463,7.39691
2.402,-0.056014,0.330466,-0.236318,0,0.0572003,0.266676,-0.571439,7.40491
2.404,-0.056014,0.330466,-0.236318,0,0.0572088,0.266657,-0.571387,7.4129
2.406,-0.056014,0.330466,-0.236318,0,0.0572171,0.266636,-0.571308,7.42089
2.408,-0.056014,0.330466,-0.236318,0,0.0572251,0.266626,-0.571231,7.42887
2.41,-0.056014,0.330466,-0.236318,0,0.057233,0.266653,-0.571209,7.43681
2.412,-0.056014,0.330466,-0.236318,0,0.0572405,0.266713,-0.57123,7.44472
2.414,-0.056014,0.330466,-0.236318,0,0.0572475,0.266795,-0.571283,7.45262
2.416,-0.056014,0.330466,-0.236318,0,0.0572541,0.266888,-0.571354,7.4605
2.418,-0.056014,0.330466,-0.236318,0,0.0572608,0.266972,-0.571428,7.46837
2.42,-0.056014,0.330466,-0.236318,0,0.0572676,0.267044,-0.571497,7.47622
2.422,-0.0562419,0.335396,-0.237459,0,0.0572746,0.267103,-0.571556,7.48407
2.424,-0.0562419,0.335396,-0.237459,0,0.0572818,0.267152,-0.571601,7.49191
2.426,-0.0562419,0.335396,-0.237459,0,0.0572894,0.267193,-0.571631,7.49973
2.428,-0.0562419,0.335396,-0.237459,0,0.0572974,0.267225,-0.57164,7.50754
2.43,-0.0562419,0.335396,-0.237459,0,0.0573058,0.267249,-0.571627,7.51533
2.432,-0.0562419,0.335396,-0.237459,0,0.0573143,0.267265,-0.571589,7.5231
2.434,-0.0562419,0.335396,-0.237459,0,0.0573227,0.267276,-0.571524,7.53086
2.436,-0.0562419,0.335396,-0.237459,0,0.0573309,0.267282,-0.571433,7.53863
2.438,-0.0562419,0.335396,-0.237459,0,0.057339,0.267296,-0.571344,7.54638
2.44,-0.0562419,0.335396,-0.237459,0,0.057347,0.267344,-0.57131,7.5541
2.442,-0.056861,0.332145,-0.235671,0,0.0573548,0.267423,-0.571321,7.56179
2.444,-0.056861,0.332145,-0.235671,0,0.0573623,0.267524,-0.571364,7.56946
2.446,-0.056861,0.332145,-0.235671,0,0.0573693,0.267634,-0.571425,7.57712
2.448,-0.056861,0.332145,-0.235671,0,0.0573763,0.267736,-0.57149,7.58476
2.45,-0.056861,0.332145,-0.235671,0,0.0573834,0.267823,-0.571551,7.59239
2.452,-0.056861,0.332145,-0.235671,0,0.0573905,0.267895,-0.571601,7.60001
2.454,-0.056861,0.332145,-0.235671,0,0.0573978,0.267955,-0.57164,7.60763
2.456,-0.056861,0.332145,-0.235671,0,0.0574054,0.268004,-0.571662,7.61523
2.458,-0.056861,0.332145,-0.235671,0,0.0574132,0.268045,-0.571665,7.62284
2.46,-0.056861,0.332145,-0.235671,0,0.0574212,0.268076,-0.571645,7.63043
2.462,-0.0586975,0.333266,-0.234371,0,0.0574293,0.268098,-0.571601,7.63802
2.464,-0.0586975,0.333266,-0.234371,0,0.0574371,0.268113,-0.571531,7.6456
2.466,-0.0586975,0.333266,-0.234371,0,0.0574447,0.268122,-0.571435,7.65318
2.468,-0.0586975,0.333266,-0.234371,0,0.057452,0.268141,-0.57134,7.66074
2.47,-0.0586975,0.333266,-0.234371,0,0.0574592,0.268193,-0.571297,7.66828
2.472,-0.0586975,0.333266,-0.234371,0,0.057466,0.268274,-0.571296,7.67578
2.474,-0.0586975,0.333266,-0.234371,0,0.0574723,0.268376,-0.571327,7.68326
2.476,-0.0586975,0.333266,-0.234371,0,0.057478,0.268495,-0.571378,7.69072
2.478,-0.0586975,0.333266,-0.234371,0,0.0574836,0.268613,-0.571436,7.69817
2.48,-0.0586975,0.333266,-0.234371,0,0.0574893,0.26872,-0.571492,7.70561
2.482,-0.0586399,0.339358,-0.2366,0,0.0574953,0.26881,-0.571538,7.71304
2.484,-0.0586399,0.339358,-0.2366,0,0.0575015,0.268887,-0.571573,7.72046
2.486,-0.0586399,0.339358,-0.2366,0,0.0575082,0.268953,-0.571594,7.72788
2.488,-0.0586399,0.339358,-0.2366,0,0.0575152,0.269008,-0.571595,7.73528
2.49,-0.0586399,0.339358,-0.2366,0,0.0575224,0.269053,-0.571575,7.74268
2.492,-0.0586399,0.339358,-0.2366,0,0.0575299,0.26909,-0.571531,7.75007
2.494,-0.0586399,0.339358,-0.2366,0,0.0575374,0.26912,-0.571462,7.75745
2.496,-0.0586399,0.339358,-0.2366,0,0.0575447,0.269142,-0.571368,7.76483
2.498,-0.0586399,0.339358,-0.2366,0,0.0575519,0.269158,-0.571248,7.77221
2.5,-0.0586399,0.339358,-0.2366,0,0.0575592,0.269199,-0.571159,7.77956
2.502,-0.0599,0.333781,-0.233393,0,0.0575664,0.269274,-0.571121,7.78688
2.504,-0.0599,0.333781,-0.233393,0,0.0575734,0.269377,-0.571121,7.79417
2.506,-0.0599,0.333781,-0.233393,0,0.0575798,0.2695,-0.57115,7.80144
2.508,-0.0599,0.333781,-0.233393,0,0.0575858,0.269632,-0.571194,7.8087
2.51,-0.0599,0.333781,-0.233393,0,0.0575917,0.269754,-0.57124,7.81594
2.512,-0.0599,0.333781,-0.233393,0,0.0575976,0.269861,-0.571281,7.82317
2.514,-0.0599,0.333781,-0.233393,0,0.0576036,0.269951,-0.571314,7.8304
2.516,-0.0599,0.333781,-0.233393,0,0.0576097,0.270027,-0.571334,7.83762
2.518,-0.0599,0.333781,-0.233393,0,0.0576159,0.27009,-0.571338,7.84483
2.52,-0.0599,0.333781,-0.233393,0,0.0576223,0.270142,-0.571323,7.85205
2.522,-0.0614641,0.337303,-0.233641,0,0.0576287,0.270184,-0.571286,7.85926
2.524,-0.0614641,0.337303,-0.233641,0,0.0576351,0.270218,-0.571225,7.86647
2.526,-0.0614641,0.337303,-0.233641,0,0.0576414,0.270247,-0.57114,7.87369
2.528,-0.0614641,0.337303,-0.233641,0,0.0576475,0.270268,-0.57103,7.8809
2.53,-0.0614641,0.337303,-0.233641,0,0.0576535,0.270299,-0.570923,7.8881
2.532,-0.0614641,0.337303,-0.233641,0,0.0576595,0.270365,-0.570866,7.89525
2.534,-0.0614641,0.337303,-0.233641,0,0.0576652,0.270458,-0.570848,7.90238
2.536,-0.0614641,0.337303,-0.233641,0,0.0576707,0.270577,-0.570859,7.90947
2.538,-0.0614641,0.337303,-0.233641,0,0.0576758,0.270716,-0.570892,7.91654
2.54,-0.0614641,0.337303,-0.233641,0,0.0576805,0.270864,-0.570936,7.92359
2.542,-0.0605887,0.342859,-0.235765,0,0.0576853,0.271001,-0.570978,7.93062
2.544,-0.0605887,0.342859,-0.235765,0,0.0576903,0.271126,-0.571013,7.93764
2.546,-0.0605887,0.342859,-0.235765,0,0.0576956,0.27124,-0.571039,7.94465
2.548,-0.0605887,0.342859,-0.235765,0,0.0577012,0.27134,-0.571053,7.95164
2.55,-0.0605887,0.342859,-0.235765,0,0.057707,0.271424,-0.571049,7.95863
2.552,-0.0605887,0.342859,-0.235765,0,0.057713,0.271494,-0.571024,7.96561
2.554,-0.0605887,0.342859,-0.235765,0,0.0577192,0.271552,-0.570978,7.97258
2.556,-0.0605887,0.342859,-0.235765,0,0.0577254,0.2716,-0.570908,7.97956
2.558,-0.0605887,0.342859,-0.235765,0,0.0577315,0.27164,-0.570815,7.98654
2.56,-0.0605887,0.342859,-0.235765,0,0.0577376,0.271674,-0.570699,7.99352
2.562,-0.0632068,0.334692,-0.23103,0,0.0577435,0.2717,-0.570557,8.00051
2.564,-0.0632068,0.334692,-0.23103,0,0.0577494,0.271749,-0.570446,8.00748
2.566,-0.0632068,0.334692,-0.23103,0,0.0577549,0.271828,-0.570381,8.01441
2.568,-0.0632068,0.334692,-0.23103,0,0.0577601,0.271932,-0.570354,8.02132
2.57,-0.0632068,0.334692,-0.23103,0,0.0577649,0.272059,-0.570355,8.02821
2.572,-0.0632068,0.334692,-0.23103,0,0.057769,0.272204,-0.570375,8.03508
2.574,-0.0632068,0.334692,-0.23103,0,0.057773,0.272348,-0.570401,8.04194
2.576,-0.0632068,0.334692,-0.23103,0,0.057777,0.272479,-0.570425,8.04879
2.578,-0.0632068,0.334692,-0.23103,0,0.0577813,0.272596,-0.570444,8.05564
2.58,-0.0632068,0.334692,-0.23103,0,0.0577857,0.272697,-0.570452,8.06248
2.582,-0.0639256,0.342019,-0.234922,0,0.0577903,0.27278,-0.570447,8.06933
2.584,-0.0639256,0.342019,-0.234922,0,0.0577951,0.27285,-0.570425,8.07617
2.586,-0.0639256,0.342019,-0.234922,0,0.0578,0.272909,-0.570384,8.08301
2.588,-0.0639256,0.342019,-0.234922,0,0.057805,0.272958,-0.570322,8.08984
2.59,-0.0639256,0.342019,-0.234922,0,0.05781,0.272999,-0.570238,8.09668
2.592,-0.0639256,0.342019,-0.234922,0,0.057815,0.273034,-0.570132,8.10353
2.594,-0.0639256,0.342019,-0.234922,0,0.05782,0.273063,-0.570003,8.11039
2.596,-0.0639256,0.342019,-0.234922,0,0.057825,0.273102,-0.569878,8.11724
2.598,-0.0639256,0.342019,-0.234922,0,0.05783,0.273176,-0.569805,8.12405
2.6,-0.0639256,0.342019,-0.234922,0,0.0578351,0.273278,-0.569771,8.13082
2.602,-0.0640483,0.342327,-0.233508,0,0.0578399,0.273403,-0.569769,8.13756
2.604,-0.0640483,0.342327,-0.233508,0,0.0578445,0.27355,-0.56979,8.14428
2.606,-0.0640483,0.342327,-0.233508,0,0.0578488,0.273715,-0.569824,8.15098
2.608,-0.0640483,0.342327,-0.233508,0,0.0578529,0.27388,-0.569862,8.15766
2.61,-0.0640483,0.342327,-0.233508,0,0.0578572,0.274034,-0.569894,8.16432
2.612,-0.0640483,0.342327,-0.233508,0,0.0578617,0.274174,-0.569919,8.17097
2.614,-0.0640483,0.342327,-0.233508,0,0.0578664,0.274299,-0.569932,8.17762
2.616,-0.0640483,0.342327,-0.233508,0,0.0578711,0.274405,-0.56993,8.18427
2.618,-0.0640483,0.342327,-0.233508,0,0.0578759,0.274494,-0.569908,8.19091
2.62,-0.0640483,0.342327,-0.233508,0,0.0578808,0.274567,-0.569866,8.19755
2.622,-0.0661335,0.341269,-0.232094,0,0.0578858,0.274627,-0.5698,8.2042
2.624,-0.0661335,0.341269,-0.232094,0,0.0578907,0.274677,-0.569712,8.21085
2.626,-0.0661335,0.341269,-0.232094,0,0.0578955,0.274719,-0.569601,8.21751
2.628,-0.0661335,0.341269,-0.232094,0,0.0579001,0.274755,-0.569465,8.22419
2.63,-0.0661335,0.341269,-0.232094,0,0.0579046,0.2748,-0.569332,8.23087
2.632,-0.0661335,0.341269,-0.232094,0,0.0579091,0.27488,-0.56925,8.2375
2.634,-0.0661335,0.341269,-0.232094,0,0.0579135,0.274986,-0.569207,8.24411
2.636,-0.0661335,0.341269,-0.232094,0,0.0579177,0.275114,-0.569195,8.25068
2.638,-0.0661335,0.341269,-0.232094,0,0.0579214,0.275261,-0.569205,8.25724
2.64,-0.0661335,0.341269,-0.232094,0,0.0579248,0.275423,-0.569229,8.26377
2.642,-0.0647647,0.348364,-0.235101,0,0.0579281,0.275585,-0.569257,8.27029
2.644,-0.0647647,0.348364,-0.235101,0,0.0579316,0.275737,-0.569282,8.2768
2.646,-0.0647647,0.348364,-0.235101,0,0.0579354,0.275879,-0.5693,8.2833
2.648,-0.0647647,0.348364,-0.235101,0,0.0579396,0.276009,-0.569309,8.28978
2.65,-0.0647647,0.348364,-0.235101,0,0.057944,0.276123,-0.569305,8.29627
2.652,-0.0647647,0.348364,-0.235101,0,0.0579486,0.276219,-0.569283,8.30274
2.654,-0.0647647,0.348364,-0.235101,0,0.0579534,0.2763,-0.56924,8.30922
2.656,-0.0647647,0.348364,-0.235101,0,0.0579582,0.276366,-0.569177,8.3157
2.658,-0.0647647,0.348364,-0.235101,0,0.0579631,0.276422,-0.569092,8.32218
2.66,-0.0647647,0.348364,-0.235101,0,0.0579679,0.276468,-0.568984,8.32868
2.662,-0.0682661,0.340204,-0.230101,0,0.0579727,0.276507,-0.568855,8.33518
2.664,-0.0682661,0.340204,-0.230101,0,0.0579773,0.276555,-0.568727,8.34168
2.666,-0.0682661,0.340204,-0.230101,0,0.0579817,0.276635,-0.568647,8.34815
2.668,-0.0682661,0.340204,-0.230101,0,0.0579857,0.276741,-0.568603,8.35458
2.67,-0.0682661,0.340204,-0.230101,0,0.0579892,0.276867,-0.568587,8.36099
2.672,-0.0682661,0.340204,-0.230101,0,0.0579923,0.27701,-0.568592,8.36738
2.674,-0.0682661,0.340204,-0.230101,0,0.0579949,0.277168,-0.568611,8.37375
2.676,-0.0682661,0.340204,-0.230101,0,0.0579971,0.277331,-0.568636,8.38011
2.678,-0.0682661,0.340204,-0.230101,0,0.0579994,0.277483,-0.568657,8.38646
2.68,-0.0682661,0.340204,-0.230101,0,0.0580019,0.277622,-0.568672,8.39281
2.682,-0.0686858,0.348546,-0.23489,0,0.0580048,0.277748,-0.568677,8.39916
2.684,-0.0686858,0.348546,-0.23489,0,0.0580079,0.277859,-0.568669,8.40551
2.686,-0.0686858,0.348546,-0.23489,0,0.0580113,0.277958,-0.568646,8.41186
2.688,-0.0686858,0.348546,-0.23489,0,0.0580148,0.278042,-0.568605,8.41821
2.69,-0.0686858,0.348546,-0.23489,0,0.0580184,0.278112,-0.568543,8.42457
2.692,-0.0686858,0.348546,-0.23489,0,0.0580221,0.278171,-0.56846,8.43093
2.694,-0.0686858,0.348546,-0.23489,0,0.0580258,0.278221,-0.568357,8.43731
2.696,-0.0686858,0.348546,-0.23489,0,0.0580294,0.278262,-0.568232,8.4437
2.698,-0.0686858,0.348546,-0.23489,0,0.058033,0.278297,-0.568086,8.45011
2.7,-0.0686858,0.348546,-0.23489,0,0.0580367,0.278357,-0.567968,8.4565
2.702,-0.0705211,0.343106,-0.23133,0,0.0580405,0.278449,-0.567896,8.46285
2.704,-0.0705211,0.343106,-0.23133,0,0.058044,0.278565,-0.56786,8.46917
2.706,-0.0705211,0.343106,-0.23133,0,0.0580471,0.278699,-0.56785,8.47548
2.708,-0.0705211,0.343106,-0.23133,0,0.0580496,0.278849,-0.567858,8.48176
2.71,-0.0705211,0.343106,-0.23133,0,0.0580517,0.279014,-0.567879,8.48804
2.712,-0.0705211,0.343106,-0.23133,0,0.0580536,0.279176,-0.567902,8.4943
2.714,-0.0705211,0.343106,-0.23133,0,0.0580556,0.279327,-0.56792,8.50057
2.716,-0.0705211,0.343106,-0.23133,0,0.0580579,0.279464,-0.567933,8.50683
2.718,-0.0705211,0.343106,-0.23133,0,0.0580604,0.279585,-0.567934,8.5131
2.72,-0.0705211,0.343106,-0.23133,0,0.0580629,0.279688,-0.567921,8.51937
2.722,-0.0718313,0.347155,-0.233243,0,0.0580656,0.279773,-0.56789,8.52565
2.724,-0.0718313,0.347155,-0.233243,0,0.0580683,0.279844,-0.56784,8.53194
2.726,-0.0718313,0.347155,-0.233243,0,0.0580711,0.279903,-0.567769,8.53824
2.728,-0.0718313,0.347155,-0.233243,0,0.0580739,0.279953,-0.567678,8.54455
2.73,-0.0718313,0.347155,-0.233243,0,0.0580767,0.279994,-0.567567,8.55088
2.732,-0.0718313,0.347155,-0.233243,0,0.0580794,0.280029,-0.567436,8.55723
2.734,-0.0718313,0.347155,-0.233243,0,0.0580821,0.280058,-0.567283,8.56361
2.736,-0.0718313,0.347155,-0.233243,0,0.0580848,0.28011,-0.567161,8.56997
2.738,-0.0718313,0.347155,-0.233243,0,0.0580876,0.280195,-0.567086,8.5763
2.74,-0.0718313,0.347155,-0.233243,0,0.0580903,0.280303,-0.567048,8.58261
2.742,-0.0719311,0.34756,-0.232652,0,0.0580928,0.280432,-0.567038,8.58889
2.744,-0.0719311,0.34756,-0.232652,0,0.0580949,0.280579,-0.567048,8.59516
2.746,-0.0719311,0.34756,-0.232652,0,0.0580967,0.280742,-0.567072,8.60142
2.748,-0.0719311,0.34756,-0.232652,0,0.0580984,0.280902,-0.567099,8.60768
2.75,-0.0719311,0.34756,-0.232652,0,0.0581003,0.281049,-0.567121,8.61394
2.752,-0.0719311,0.34756,-0.232652,0,0.0581023,0.281181,-0.567136,8.62019
2.754,-0.0719311,0.34756,-0.232652,0,0.0581046,0.281296,-0.567142,8.62646
2.756,-0.0719311,0.34756,-0.232652,0,0.0581069,0.281393,-0.567133,8.63273
2.758,-0.0719311,0.34756,-0.232652,0,0.0581094,0.281473,-0.567106,8.63901
2.76,-0.0719311,0.34756,-0.232652,0,0.058112,0.281539,-0.567061,8.64529
2.762,-0.0741997,0.345206,-0.231056,0,0.0581147,0.281594,-0.566994,8.65159
2.764,-0.0741997,0.345206,-0.231056,0,0.0581173,0.281638,-0.566907,8.6579
2.766,-0.0741997,0.345206,-0.231056,0,0.0581199,0.281675,-0.566799,8.66424
2.768,-0.0741997,0.345206,-0.231056,0,0.0581222,0.281706,-0.56667,8.6706
2.77,-0.0741997,0.345206,-0.231056,0,0.0581246,0.281743,-0.566543,8.67697
2.772,-0.0741997,0.345206,-0.231056,0,0.0581268,0.281808,-0.566464,8.68331
2.774,-0.0741997,0.345206,-0.231056,0,0.0581288,0.281896,-0.566421,8.68963
2.776,-0.0741997,0.345206,-0.231056,0,0.0581305,0.282004,-0.566407,8.69592
2.778,-0.0741997,0.345206,-0.231056,0,0.0581318,0.28213,-0.566414,8.70221
2.78,-0.0741997,0.345206,-0.231056,0,0.0581327,0.282271,-0.566435,8.70848
2.782,-0.0727695,0.351914,-0.233728,0,0.0581331,0.282426,-0.566465,8.71474
2.784,-0.0727695,0.351914,-0.233728,0,0.0581336,0.282575,-0.566494,8.72101
2.786,-0.0727695,0.351914,-0.233728,0,0.0581345,0.282708,-0.566516,8.72727
2.788,-0.0727695,0.351914,-0.233728,0,0.0581358,0.282824,-0.566531,8.73355
2.79,-0.0727695,0.351914,-0.233728,0,0.0581374,0.282921,-0.566532,8.73982
2.792,-0.0727695,0.351914,-0.233728,0,0.0581393,0.283002,-0.566518,8.74611
2.794,-0.0727695,0.351914,-0.233728,0,0.0581414,0.283068,-0.566486,8.75241
2.796,-0.0727695,0.351914,-0.233728,0,0.0581437,0.283123,-0.566434,8.75871
2.798,-0.0727695,0.351914,-0.233728,0,0.0581461,0.283167,-0.566361,8.76503
2.8,-0.0727695,0.351914,-0.233728,0,0.0581485,0.283204,-0.566267,8.77136
2.802,-0.0761007,0.341863,-0.229249,0,0.0581508,0.283234,-0.566151,8.77771
2.804,-0.0761007,0.341863,-0.229249,0,0.058153,0.283257,-0.566014,8.78408
2.806,-0.0761007,0.341863,-0.229249,0,0.0581549,0.283286,-0.56588,8.79047
2.808,-0.0761007,0.341863,-0.229249,0,0.0581567,0.283339,-0.565793,8.79685
2.81,-0.0761007,0.341863,-0.229249,0,0.0581581,0.283415,-0.565745,8.80322
2.812,-0.0761007,0.341863,-0.229249,0,0.0581591,0.283511,-0.565726,8.80958
2.814,-0.0761007,0.341863,-0.229249,0,0.0581596,0.283625,-0.56573,8.81593
2.816,-0.0761007,0.341863,-0.229249,0,0.0581596,0.283753,-0.565747,8.82229
2.818,-0.0761007,0.341863,-0.229249,0,0.058159,0.283892,-0.565774,8.82865
2.82,-0.0761007,0.341863,-0.229249,0,0.0581584,0.284022,-0.565799,8.83502
2.822,-0.0745942,0.351915,-0.233408,0,0.0581581,0.284132,-0.565818,8.8414
2.824,-0.0745942,0.351915,-0.233408,0,0.0581583,0.284223,-0.565828,8.8478
2.826,-0.0745942,0.351915,-0.233408,0,0.058159,0.284298,-0.565826,8.8542
2.828,-0.0745942,0.351915,-0.233408,0,0.0581601,0.28436,-0.56581,8.86062
2.83,-0.0745942,0.351915,-0.233408,0,0.0581615,0.284409,-0.565776,8.86704
2.832,-0.0745942,0.351915,-0.233408,0,0.0581631,0.28445,-0.565722,8.87348
2.834,-0.0745942,0.351915,-0.233408,0,0.0581648,0.284482,-0.565647,8.87994
2.836,-0.0745942,0.351915,-0.233408,0,0.0581666,0.284507,-0.56555,8.88641
2.838,-0.0745942,0.351915,-0.233408,0,0.0581683,0.284527,-0.565431,8.8929
2.84,-0.0745942,0.351915,-0.233408,0,0.0581698,0.284542,-0.565292,8.89942
2.842,-0.0771705,0.336877,-0.228001,0,0.0581715,0.284577,-0.565181,8.90593
2.844,-0.0771705,0.336877,-0.228001,0,0.0581729,0.284638,-0.565116,8.91243
2.846,-0.0771705,0.336877,-0.228001,0,0.0581738,0.284719,-0.565087,8.91893
2.848,-0.0771705,0.336877,-0.228001,0,0.0581741,0.284814,-0.565084,8.92544
2.85,-0.0771705,0.336877,-0.228001,0,0.0581736,0.284923,-0.5651,8.93195
2.852,-0.0771705,0.336877,-0.228001,0,0.0581725,0.285041,-0.565126,8.93848
2.854,-0.0771705,0.336877,-0.228001,0,0.0581709,0.285155,-0.565156,8.94503
2.856,-0.0771705,0.336877,-0.228001,0,0.0581697,0.285248,-0.56518,8.95159
2.858,-0.0771705,0.336877,-0.228001,0,0.0581689,0.285324,-0.565196,8.95816
2.86,-0.0771705,0.336877,-0.228001,0,0.0581685,0.285385,-0.565201,8.96475
2.862,-0.0766446,0.347748,-0.231693,0,0.0581684,0.285434,-0.56519,8.97136
2.864,-0.0766446,0.347748,-0.231693,0,0.0581686,0.285473,-0.565163,8.97797
2.866,-0.0766446,0.347748,-0.231693,0,0.0581692,0.285502,-0.565117,8.98461
2.868,-0.0766446,0.347748,-0.231693,0,0.0581699,0.285524,-0.565051,8.99125
2.87,-0.0766446,0.347748,-0.231693,0,0.0581708,0.28554,-0.564962,8.99792
2.872,-0.0766446,0.347748,-0.231693,0,0.0581716,0.285551,-0.564851,9.00461
2.874,-0.0766446,0.347748,-0.231693,0,0.0581723,0.285558,-0.564718,9.01132
2.876,-0.0766446,0.347748,-0.231693,0,0.058173,0.285583,-0.564613,9.01804
2.878,-0.0766446,0.347748,-0.231693,0,0.0581737,0.285637,-0.564554,9.02474
2.88,-0.0766446,0.347748,-0.231693,0,0.0581744,0.285715,-0.564531,9.03143
2.882,-0.0761195,0.342573,-0.229551,0,0.0581749,0.285816,-0.564536,9.03811
2.884,-0.0761195,0.342573,-0.229551,0,0.058175,0.285929,-0.56456,9.04481
2.886,-0.0761195,0.342573,-0.229551,0,0.0581747,0.286045,-0.564594,9.05151
2.888,-0.0761195,0.342573,-0.229551,0,0.0581742,0.286153,-0.56463,9.05823
2.89,-0.0761195,0.342573,-0.229551,0,0.0581739,0.286242,-0.564659,9.06496
2.892,-0.0761195,0.342573,-0.229551,0,0.0581739,0.286313,-0.56468,9.07171
2.894,-0.0761195,0.342573,-0.229551,0,0.0581742,0.286369,-0.564688,9.07847
2.896,-0.0761195,0.342573,-0.229551,0,0.0581747,0.286414,-0.564682,9.08524
2.898,-0.0761195,0.342573,-0.229551,0,0.0581753,0.286447,-0.564658,9.09202
2.9,-0.0761195,0.342573,-0.229551,0,0.0581761,0.286468,-0.564614,9.09882
2.902,-0.0773518,0.339469,-0.229079,0,0.0581769,0.286477,-0.564546,9.10563
2.904,-0.0773518,0.339469,-0.229079,0,0.0581776,0.286471,-0.564453,9.11248
2.906,-0.0773518,0.339469,-0.229079,0,0.0581782,0.286451,-0.564336,9.11936
2.908,-0.0773518,0.339469,-0.229079,0,0.0581786,0.286419,-0.564193,9.12627
2.91,-0.0773518,0.339469,-0.229079,0,0.0581789,0.286406,-0.564079,9.1332
2.912,-0.0773518,0.339469,-0.229079,0,0.0581792,0.286423,-0.564014,9.14013
2.914,-0.0773518,0.339469,-0.229079,0,0.0581792,0.286464,-0.563987,9.14706
2.916,-0.0773518,0.339469,-0.229079,0,0.0581789,0.28652,-0.563988,9.154
2.918,-0.0773518,0.339469,-0.229079,0,0.0581783,0.286586,-0.564008,9.16095
2.92,-0.0773518,0.339469,-0.229079,0,0.0581771,0.286658,-0.56404,9.16791
2.922,-0.0743564,0.346354,-0.231249,0,0.058176,0.286722,-0.564072,9.17488
2.924,-0.0743564,0.346354,-0.231249,0,0.0581753,0.286772,-0.564099,9.18186
2.926,-0.0743564,0.346354,-0.231249,0,0.058175,0.286811,-0.564118,9.18884
2.928,-0.0743564,0.346354,-0.231249,0,0.0581751,0.28684,-0.564126,9.19584
2.93,-0.0743564,0.346354,-0.231249,0,0.0581756,0.286856,-0.564119,9.20285
2.932,-0.0743564,0.346354,-0.231249,0,0.0581763,0.286859,-0.564093,9.20987
2.934,-0.0743564,0.346354,-0.231249,0,0.0581774,0.286851,-0.564045,9.2169
2.936,-0.0743564,0.346354,-0.231249,0,0.0581786,0.286833,-0.563974,9.22396
2.938,-0.0743564,0.346354,-0.231249,0,0.05818,0.286806,-0.563879,9.23104
2.94,-0.0743564,0.346354,-0.231249,0,0.0581812,0.286771,-0.563759,9.23815
2.942,-0.0771138,0.32665,-0.227443,0,0.0581824,0.286742,-0.563643,9.24528
2.944,-0.0771138,0.32665,-0.227443,0,0.0581833,0.286739,-0.563576,9.2524
2.946,-0.0771138,0.32665,-0.227443,0,0.0581836,0.286747,-0.563548,9.25955
2.948,-0.0771138,0.32665,-0.227443,0,0.0581832,0.286762,-0.563547,9.26671
2.95,-0.0771138,0.32665,-0.227443,0,0.058182,0.286778,-0.563566,9.2739
2.952,-0.0771138,0.32665,-0.227443,0,0.05818,0.286792,-0.563596,9.28111
2.954,-0.0771138,0.32665,-0.227443,0,0.0581776,0.286804,-0.56363,9.28834
2.956,-0.0771138,0.32665,-0.227443,0,0.0581756,0.286807,-0.563659,9.29558
2.958,-0.0771138,0.32665,-0.227443,0,0.0581741,0.2868,-0.563681,9.30284
2.96,-0.0771138,0.32665,-0.227443,0,0.0581729,0.286778,-0.563691,9.31011
2.962,-0.0759319,0.34137,-0.231883,0,0.0581721,0.286739,-0.563684,9.31741
2.964,-0.0759319,0.34137,-0.231883,0,0.0581716,0.286686,-0.563656,9.32473
2.966,-0.0759319,0.34137,-0.231883,0,0.0581714,0.286624,-0.563608,9.33206
2.968,-0.0759319,0.34137,-0.231883,0,0.0581714,0.286554,-0.563536,9.33942
2.97,-0.0759319,0.34137,-0.231883,0,0.0581717,0.286474,-0.563438,9.3468
2.972,-0.0759319,0.34137,-0.231883,0,0.0581718,0.286383,-0.563315,9.35421
2.974,-0.0759319,0.34137,-0.231883,0,0.058172,0.286297,-0.563196,9.36164
2.976,-0.0759319,0.34137,-0.231883,0,0.0581722,0.286246,-0.563131,9.36907
2.978,-0.0759319,0.34137,-0.231883,0,0.0581725,0.286222,-0.563109,9.37649
2.98,-0.0759319,0.34137,-0.231883,0,0.0581727,0.286216,-0.56312,9.38392
2.982,-0.074183,0.33754,-0.229439,0,0.0581727,0.286224,-0.563152,9.39135
2.984,-0.074183,0.33754,-0.229439,0,0.0581725,0.286236,-0.563197,9.3988
2.986,-0.074183,0.33754,-0.229439,0,0.0581723,0.286242,-0.563243,9.40626
2.988,-0.074183,0.33754,-0.229439,0,0.0581723,0.286239,-0.563283,9.41372
2.99,-0.074183,0.33754,-0.229439,0,0.0581725,0.286226,-0.563314,9.42119
2.992,-0.074183,0.33754,-0.229439,0,0.0581729,0.286202,-0.563333,9.42867
2.994,-0.074183,0.33754,-0.229439,0,0.0581734,0.286168,-0.563333,9.43617
2.996,-0.074183,0.33754,-0.229439,0,0.0581741,0.286121,-0.563313,9.44368
2.998,-0.074183,0.33754,-0.229439,0,0.0581749,0.286062,-0.563268,9.45122
3,-0.074183,0.33754,-0.229439,0,0.0581757,0.285988,-0.563196,9.45878
3.002,-0.0755009,0.329651,-0.227956,0,0.0581765,0.285899,-0.563097,9.46637
3.004,-0.0755009,0.329651,-0.227956,0,0.0581772,0.285792,-0.562969,9.474
3.006,-0.0755009,0.329651,-0.227956,0,0.0581777,0.285697,-0.562871,9.48165
3.008,-0.0755009,0.329651,-0.227956,0,0.058178,0.285627,-0.562824,9.48931
3.01,-0.0755009,0.329651,-0.227956,0,0.0581781,0.285573,-0.562815,9.49697
3.012,-0.0755009,0.329651,-0.227956,0,0.0581779,0.285531,-0.562834,9.50466
3.014,-0.0755009,0.329651,-0.227956,0,0.0581773,0.285498,-0.562871,9.51235
3.016,-0.0755009,0.329651,-0.227956,0,0.0581765,0.285468,-0.562917,9.52006
3.018,-0.0755009,0.329651,-0.227956,0,0.0581758,0.285431,-0.56296,9.52776
3.02,-0.0755009,0.329651,-0.227956,0,0.0581755,0.285385,-0.562995,9.53548
3.022,-0.0740977,0.337215,-0.231045,0,0.0581753,0.285329,-0.563018,9.54321
3.024,-0.0740977,0.337215,-0.231045,0,0.0581755,0.285263,-0.563027,9.55096
3.026,-0.0740977,0.337215,-0.231045,0,0.0581759,0.285187,-0.563016,9.55872
3.028,-0.0740977,0.337215,-0.231045,0,0.0581764,0.285098,-0.562983,9.5665
3.03,-0.0740977,0.337215,-0.231045,0,0.0581771,0.284994,-0.562924,9.5743
3.032,-0.0740977,0.337215,-0.231045,0,0.0581779,0.284874,-0.562837,9.58213
3.034,-0.0740977,0.337215,-0.231045,0,0.0581786,0.284742,-0.562722,9.58998
3.036,-0.0740977,0.337215,-0.231045,0,0.0581794,0.284629,-0.562638,9.59785
3.038,-0.0740977,0.337215,-0.231045,0,0.0581802,0.284545,-0.562606,9.60571
3.04,-0.0740977,0.337215,-0.231045,0,0.058181,0.284482,-0.562613,9.61357
3.042,-0.0729612,0.333993,-0.229563,0,0.0581817,0.284434,-0.562647,9.62143
3.044,-0.0729612,0.333993,-0.229563,0,0.0581822,0.284395,-0.5627,9.6293
3.046,-0.0729612,0.333993,-0.229563,0,0.0581826,0.284361,-0.56276,9.63717
3.048,-0.0729612,0.333993,-0.229563,0,0.0581831,0.284324,-0.562817,9.64504
3.05,-0.0729612,0.333993,-0.229563,0,0.0581838,0.284279,-0.562865,9.65292
3.052,-0.0729612,0.333993,-0.229563,0,0.0581846,0.284227,-0.562901,9.66081
3.054,-0.0729612,0.333993,-0.229563,0,0.0581856,0.284162,-0.56292,9.66871
3.056,-0.0729612,0.333993,-0.229563,0,0.0581867,0.284083,-0.562918,9.67663
3.058,-0.0729612,0.333993,-0.229563,0,0.0581878,0.283987,-0.562892,9.68457
3.06,-0.0729612,0.333993,-0.229563,0,0.058189,0.283872,-0.562837,9.69253
3.062,-0.0740236,0.328569,-0.228753,0,0.0581902,0.28374,-0.562752,9.70052
3.064,-0.0740236,0.328569,-0.228753,0,0.0581912,0.283591,-0.562637,9.70854
3.066,-0.0740236,0.328569,-0.228753,0,0.0581922,0.283458,-0.562552,9.71657
3.068,-0.0740236,0.328569,-0.228753,0,0.0581931,0.283351,-0.562519,9.7246
3.07,-0.0740236,0.328569,-0.228753,0,0.0581939,0.283265,-0.562525,9.73264
3.072,-0.0740236,0.328569,-0.228753,0,0.0581944,0.283195,-0.562561,9.74068
3.074,-0.0740236,0.328569,-0.228753,0,0.0581947,0.283138,-0.562614,9.74872
3.076,-0.0740236,0.328569,-0.228753,0,0.0581948,0.283086,-0.562677,9.75677
3.078,-0.0740236,0.328569,-0.228753,0,0.058195,0.283029,-0.562735,9.76482
3.08,-0.0740236,0.328569,-0.228753,0,0.0581954,0.282963,-0.562784,9.77288
3.082,-0.0728264,0.33356,-0.232294,0,0.058196,0.282887,-0.56282,9.78095
3.084,-0.0728264,0.33356,-0.232294,0,0.0581967,0.282799,-0.562839,9.78904
3.086,-0.0728264,0.33356,-0.232294,0,0.0581977,0.282697,-0.562838,9.79714
3.088,-0.0728264,0.33356,-0.232294,0,0.0581989,0.282579,-0.562813,9.80527
3.09,-0.0728264,0.33356,-0.232294,0,0.0582002,0.282446,-0.562758,9.81342
3.092,-0.0728264,0.33356,-0.232294,0,0.0582016,0.282296,-0.562673,9.82159
3.094,-0.0728264,0.33356,-0.232294,0,0.0582031,0.28215,-0.562588,9.82978
3.096,-0.0728264,0.33356,-0.232294,0,0.0582046,0.282032,-0.562559,9.83796
3.098,-0.0728264,0.33356,-0.232294,0,0.058206,0.281938,-0.562572,9.84614
3.1,-0.0728264,0.33356,-0.232294,0,0.0582073,0.281862,-0.562617,9.85431
3.102,-0.0713826,0.333297,-0.231932,0,0.0582086,0.2818,-0.562684,9.86248
3.104,-0.0713826,0.333297,-0.231932,0,0.0582097,0.281748,-0.562763,9.87065
3.106,-0.0713826,0.333297,-0.231932,0,0.0582109,0.281697,-0.562843,9.87882
3.108,-0.0713826,0.333297,-0.231932,0,0.0582122,0.281639,-0.562916,9.887
3.11,-0.0713826,0.333297,-0.231932,0,0.0582136,0.281572,-0.562975,9.89518
3.112,-0.0713826,0.333297,-0.231932,0,0.0582152,0.281494,-0.563017,9.90337
3.114,-0.0713826,0.333297,-0.231932,0,0.058217,0.281403,-0.563039,9.91157
3.116,-0.0713826,0.333297,-0.231932,0,0.0582189,0.281299,-0.563035,9.9198
3.118,-0.0713826,0.333297,-0.231932,0,0.0582208,0.281178,-0.563002,9.92804
3.12,-0.0713826,0.333297,-0.231932,0,0.058223,0.281042,-0.562936,9.93631
3.122,-0.0725921,0.325524,-0.230173,0,0.0582252,0.28089,-0.562837,9.9446
3.124,-0.0725921,0.325524,-0.230173,0,0.0582273,0.280755,-0.56277,9.9529
3.126,-0.0725921,0.325524,-0.230173,0,0.0582293,0.280645,-0.562755,9.9612
3.128,-0.0725921,0.325524,-0.230173,0,0.0582311,0.280555,-0.562781,9.9695
3.13,-0.0725921,0.325524,-0.230173,0,0.0582327,0.280482,-0.562836,9.9778
3.132,-0.0725921,0.325524,-0.230173,0,0.0582339,0.280421,-0.56291,9.98611
3.134,-0.0725921,0.325524,-0.230173,0,0.058235,0.28036,-0.562988,9.99443
3.136,-0.0725921,0.325524,-0.230173,0,0.0582362,0.280291,-0.563062,10.0028
3.138,-0.0725921,0.325524,-0.230173,0,0.0582373,0.280211,-0.563125,10.0111
3.14,-0.0725921,0.325524,-0.230173,0,0.0582386,0.280119,-0.563172,10.0194
3.142,-0.0721687,0.330633,-0.233588,0,0.05824,0.280014,-0.563201,10.0278
3.144,-0.0721687,0.330633,-0.233588,0,0.0582416,0.279896,-0.563206,10.0362
3.146,-0.0721687,0.330633,-0.233588,0,0.0582432,0.279765,-0.563184,10.0446
3.148,-0.0721687,0.330633,-0.233588,0,0.058245,0.27962,-0.563131,10.053
3.15,-0.0721687,0.330633,-0.233588,0,0.0582469,0.279461,-0.563046,10.0615
3.152,-0.0721687,0.330633,-0.233588,0,0.0582489,0.27932,-0.562992,10.0699
3.154,-0.0721687,0.330633,-0.233588,0,0.0582508,0.279206,-0.562993,10.0784
3.156,-0.0721687,0.330633,-0.233588,0,0.0582526,0.279114,-0.563033,10.0868
3.158,-0.0721687,0.330633,-0.233588,0,0.0582544,0.279038,-0.563103,10.0953
3.16,-0.0721687,0.330633,-0.233588,0,0.058256,0.278977,-0.563191,10.1038
3.162,-0.0691931,0.333385,-0.234709,0,0.0582574,0.278922,-0.563286,10.1122
3.164,-0.0691931,0.333385,-0.234709,0,0.058259,0.278862,-0.563376,10.1207
3.166,-0.0691931,0.333385,-0.234709,0,0.0582608,0.278794,-0.563455,10.1291
3.168,-0.0691931,0.333385,-0.234709,0,0.0582629,0.278716,-0.563518,10.1376
3.17,-0.0691931,0.333385,-0.234709,0,0.0582651,0.278628,-0.563563,10.1461
3.172,-0.0691931,0.333385,-0.234709,0,0.0582677,0.278529,-0.563583,10.1545
3.174,-0.0691931,0.333385,-0.234709,0,0.0582704,0.278415,-0.563574,10.1631
3.176,-0.0691931,0.333385,-0.234709,0,0.0582734,0.278286,-0.563533,10.1716
3.178,-0.0691931,0.333385,-0.234709,0,0.0582766,0.278143,-0.563458,10.1801
3.18,-0.0691931,0.333385,-0.234709,0,0.0582798,0.278015,-0.563413,10.1887
3.182,-0.0703165,0.324305,-0.232152,0,0.0582829,0.277911,-0.563421,10.1972
3.184,-0.0703165,0.324305,-0.232152,0,0.0582858,0.277827,-0.563469,10.2058
3.186,-0.0703165,0.324305,-0.232152,0,0.0582885,0.277759,-0.563545,10.2143
3.188,-0.0703165,0.324305,-0.232152,0,0.0582907,0.277702,-0.563638,10.2229
3.19,-0.0703165,0.324305,-0.232152,0,0.0582928,0.277646,-0.563735,10.2314
3.192,-0.0703165,0.324305,-0.232152,0,0.0582949,0.277581,-0.563825,10.24
3.194,-0.0703165,0.324305,-0.232152,0,0.0582969,0.277504,-0.563903,10.2486
3.196,-0.0703165,0.324305,-0.232152,0,0.058299,0.277415,-0.563963,10.2571
3.198,-0.0703165,0.324305,-0.232152,0,0.0583011,0.277314,-0.564003,10.2657
3.2,-0.0703165,0.324305,-0.232152,0,0.0583034,0.277198,-0.564017,10.2744
3.202,-0.0705749,0.326508,-0.234076,0,0.0583057,0.277067,-0.564001,10.283
3.204,-0.0705749,0.326508,-0.234076,0,0.058308,0.276919,-0.563952,10.2917
3.206,-0.0705749,0.326508,-0.234076,0,0.0583104,0.276757,-0.563868,10.3004
3.208,-0.0705749,0.326508,-0.234076,0,0.0583128,0.276613,-0.563816,10.3091
3.21,-0.0705749,0.326508,-0.234076,0,0.0583151,0.276496,-0.563819,10.3178
3.212,-0.0705749,0.326508,-0.234076,0,0.0583174,0.276402,-0.563864,10.3265
3.214,-0.0705749,0.326508,-0.234076,0,0.0583196,0.276326,-0.563937,10.3352
3.216,-0.0705749,0.326508,-0.234076,0,0.0583215,0.276263,-0.564029,10.3439
3.218,-0.0705749,0.326508,-0.234076,0,0.0583233,0.276202,-0.564126,10.3526
3.22,-0.0705749,0.326508,-0.234076,0,0.0583252,0.276133,-0.564217,10.3613
3.222,-0.0688209,0.329123,-0.235962,0,0.0583271,0.276053,-0.564294,10.37
3.224,-0.0688209,0.329123,-0.235962,0,0.0583292,0.275963,-0.564354,10.3787
3.226,-0.0688209,0.329123,-0.235962,0,0.0583316,0.275862,-0.564394,10.3874
3.228,-0.0688209,0.329123,-0.235962,0,0.0583342,0.275751,-0.564409,10.3962
3.23,-0.0688209,0.329123,-0.235962,0,0.0583371,0.275626,-0.564394,10.4049
3.232,-0.0688209,0.329123,-0.235962,0,0.0583402,0.275488,-0.564345,10.4137
3.234,-0.0688209,0.329123,-0.235962,0,0.0583434,0.27535,-0.564294,10.4225
3.236,-0.0688209,0.329123,-0.235962,0,0.0583465,0.275239,-0.564301,10.4313
3.238,-0.0688209,0.329123,-0.235962,0,0.0583496,0.27515,-0.564351,10.4401
3.24,-0.0688209,0.329123,-0.235962,0,0.0583526,0.275078,-0.564432,10.4488
3.242,-0.0669535,0.329079,-0.235245,0,0.0583554,0.27502,-0.564534,10.4576
3.244,-0.0669535,0.329079,-0.235245,0,0.0583582,0.274968,-0.564644,10.4663
3.246,-0.0669535,0.329079,-0.235245,0,0.058361,0.274911,-0.56475,10.4751
3.248,-0.0669535,0.329079,-0.235245,0,0.0583639,0.274845,-0.564843,10.4839
3.25,-0.0669535,0.329079,-0.235245,0,0.0583669,0.274768,-0.564919,10.4926
3.252,-0.0669535,0.329079,-0.235245,0,0.0583701,0.274681,-0.564976,10.5014
3.254,-0.0669535,0.329079,-0.235245,0,0.0583734,0.274584,-0.565008,10.5101
3.256,-0.0669535,0.329079,-0.235245,0,0.0583769,0.274473,-0.56501,10.5189
3.258,-0.0669535,0.329079,-0.235245,0,0.0583807,0.274349,-0.564979,10.5277
3.26,-0.0669535,0.329079,-0.235245,0,0.0583846,0.27421,-0.564913,10.5365
3.262,-0.0677923,0.320404,-0.232958,0,0.0583885,0.274085,-0.564875,10.5454
3.264,-0.0677923,0.320404,-0.232958,0,0.0583922,0.273985,-0.56489,10.5542
3.266,-0.0677923,0.320404,-0.232958,0,0.0583956,0.273904,-0.564943,10.563
3.268,-0.0677923,0.320404,-0.232958,0,0.0583986,0.273838,-0.565023,10.5718
3.27,-0.0677923,0.320404,-0.232958,0,0.0584012,0.273784,-0.565119,10.5806
3.272,-0.0677923,0.320404,-0.232958,0,0.0584036,0.273728,-0.565218,10.5894
3.274,-0.0677923,0.320404,-0.232958,0,0.058406,0.273663,-0.56531,10.5982
3.276,-0.0677923,0.320404,-0.232958,0,0.0584084,0.273584,-0.565386,10.607
3.278,-0.0677923,0.320404,-0.232958,0,0.0584109,0.273493,-0.565445,10.6158
3.28,-0.0677923,0.320404,-0.232958,0,0.0584135,0.273388,-0.565482,10.6247
3.282,-0.0672293,0.325501,-0.235724,0,0.0584163,0.273268,-0.565491,10.6335
3.284,-0.0672293,0.325501,-0.235724,0,0.0584192,0.273137,-0.56547,10.6424
3.286,-0.0672293,0.325501,-0.235724,0,0.0584224,0.272994,-0.565415,10.6513
3.288,-0.0672293,0.325501,-0.235724,0,0.0584257,0.272854,-0.565357,10.6602
3.29,-0.0672293,0.325501,-0.235724,0,0.058429,0.272742,-0.565356,10.669
3.292,-0.0672293,0.325501,-0.235724,0,0.0584321,0.272652,-0.565398,10.6779
3.294,-0.0672293,0.325501,-0.235724,0,0.0584352,0.27258,-0.565471,10.6867
3.296,-0.0672293,0.325501,-0.235724,0,0.0584382,0.272521,-0.565564,10.6956
3.298,-0.0672293,0.325501,-0.235724,0,0.058441,0.272469,-0.565665,10.7044
3.3,-0.0672293,0.325501,-0.235724,0,0.0584438,0.27241,-0.565762,10.7133
3.302,-0.0655064,0.327762,-0.236708,0,0.0584466,0.272341,-0.565847,10.7221
3.304,-0.0655064,0.327762,-0.236708,0,0.0584497,0.272262,-0.565915,10.7309
3.306,-0.0655064,0.327762,-0.236708,0,0.058453,0.272174,-0.565963,10.7398
3.308,-0.0655064,0.327762,-0.236708,0,0.0584566,0.272075,-0.565987,10.7486
3.31,-0.0655064,0.327762,-0.236708,0,0.0584605,0.271966,-0.565982,10.7574
3.312,-0.0655064,0.327762,-0.236708,0,0.0584646,0.271847,-0.565944,10.7663
3.314,-0.0655064,0.327762,-0.236708,0,0.0584689,0.271716,-0.56587,10.7752
3.316,-0.0655064,0.327762,-0.236708,0,0.0584732,0.271601,-0.565826,10.784
3.318,-0.0655064,0.327762,-0.236708,0,0.0584775,0.27151,-0.565835,10.7929
3.32,-0.0655064,0.327762,-0.236708,0,0.0584815,0.271436,-0.565883,10.8017
3.322,-0.0642479,0.326086,-0.235496,0,0.0584854,0.271378,-0.565959,10.8105
3.324,-0.0642479,0.326086,-0.235496,0,0.0584891,0.271331,-0.566051,10.8194
3.326,-0.0642479,0.326086,-0.235496,0,0.0584928,0.271284,-0.566147,10.8282
3.328,-0.0642479,0.326086,-0.235496,0,0.0584965,0.27123,-0.566235,10.837
3.33,-0.0642479,0.326086,-0.235496,0,0.0585003,0.271167,-0.56631,10.8458
3.332,-0.0642479,0.326086,-0.235496,0,0.0585043,0.271093,-0.566367,10.8546
3.334,-0.0642479,0.326086,-0.235496,0,0.0585084,0.271008,-0.566403,10.8634
3.336,-0.0642479,0.326086,-0.235496,0,0.0585127,0.270912,-0.566412,10.8722
3.338,-0.0642479,0.326086,-0.235496,0,0.0585172,0.270805,-0.56639,10.8811
3.34,-0.0642479,0.326086,-0.235496,0,0.0585219,0.270686,-0.566334,10.8899
3.342,-0.0648916,0.319758,-0.233662,0,0.0585267,0.270569,-0.566276,10.8987
3.344,-0.0648916,0.319758,-0.233662,0,0.0585312,0.270476,-0.566272,10.9076
3.346,-0.0648916,0.319758,-0.233662,0,0.0585354,0.270402,-0.56631,10.9164
3.348,-0.0648916,0.319758,-0.233662,0,0.0585394,0.270342,-0.566378,10.9252
3.35,-0.0648916,0.319758,-0.233662,0,0.0585429,0.270295,-0.566464,10.934
3.352,-0.0648916,0.319758,-0.233662,0,0.0585462,0.270251,-0.566559,10.9428
3.354,-0.0648916,0.319758,-0.233662,0,0.0585494,0.270197,-0.566648,10.9516
3.356,-0.0648916,0.319758,-0.233662,0,0.0585527,0.270132,-0.566724,10.9604
3.358,-0.0648916,0.319758,-0.233662,0,0.0585561,0.270053,-0.566784,10.9691
3.36,-0.0648916,0.319758,-0.233662,0,0.0585596,0.269961,-0.566823,10.9779
3.362,-0.064355,0.325996,-0.235948,0,0.0585633,0.269855,-0.566836,10.9867
3.364,-0.064355,0.325996,-0.235948,0,0.0585672,0.269738,-0.56682,10.9955
3.366,-0.064355,0.325996,-0.235948,0,0.0585714,0.269611,-0.566772,11.0043
3.368,-0.064355,0.325996,-0.235948,0,0.0585757,0.269476,-0.566688,11.0131
3.37,-0.064355,0.325996,-0.235948,0,0.0585801,0.26936,-0.566635,11.0219
3.372,-0.064355,0.325996,-0.235948,0,0.0585844,0.269269,-0.566634,11.0307
3.374,-0.064355,0.325996,-0.235948,0,0.0585885,0.269197,-0.566673,11.0395
3.376,-0.064355,0.325996,-0.235948,0,0.0585925,0.269141,-0.566738,11.0483
3.378,-0.064355,0.325996,-0.235948,0,0.0585963,0.269096,-0.566821,11.057
3.38,-0.064355,0.325996,-0.235948,0,0.0586,0.269053,-0.566908,11.0658
3.382,-0.0624737,0.328275,-0.236611,0,0.0586038,0.269002,-0.566987,11.0745
3.384,-0.0624737,0.328275,-0.236611,0,0.0586077,0.268942,-0.567054,11.0832
3.386,-0.0624737,0.328275,-0.236611,0,0.0586119,0.268875,-0.567105,11.0919
3.388,-0.0624737,0.328275,-0.236611,0,0.0586166,0.268799,-0.567135,11.1006
3.39,-0.0624737,0.328275,-0.236611,0,0.0586216,0.268715,-0.56714,11.1093
3.392,-0.0624737,0.328275,-0.236611,0,0.0586271,0.268622,-0.567114,11.118
3.394,-0.0624737,0.328275,-0.236611,0,0.058633,0.26852,-0.567056,11.1267
3.396,-0.0624737,0.328275,-0.236611,0,0.058639,0.268422,-0.566996,11.1354
3.398,-0.0624737,0.328275,-0.236611,0,0.0586448,0.26835,-0.56699,11.1441
3.4,-0.0624737,0.328275,-0.236611,0,0.0586502,0.268296,-0.567026,11.1528
3.402,-0.0623618,0.325724,-0.234977,0,0.0586553,0.268254,-0.567091,11.1615
3.404,-0.0623618,0.325724,-0.234977,0,0.0586602,0.268222,-0.567175,11.1701
3.406,-0.0623618,0.325724,-0.234977,0,0.0586647,0.268198,-0.567267,11.1787
3.408,-0.0623618,0.325724,-0.234977,0,0.0586691,0.268171,-0.567358,11.1874
3.41,-0.0623618,0.325724,-0.234977,0,0.0586734,0.268135,-0.567437,11.196
3.412,-0.0623618,0.325724,-0.234977,0,0.0586779,0.268089,-0.5675,11.2046
3.414,-0.0623618,0.325724,-0.234977,0,0.0586825,0.268032,-0.567544,11.2132
3.416,-0.0623618,0.325724,-0.234977,0,0.0586873,0.267964,-0.567563,11.2218
3.418,-0.0623618,0.325724,-0.234977,0,0.0586924,0.267885,-0.567554,11.2303
3.42,-0.0623618,0.325724,-0.234977,0,0.0586978,0.267794,-0.567513,11.2389
3.422,-0.0634009,0.321979,-0.23436,0,0.0587034,0.267693,-0.567438,11.2475
3.424,-0.0634009,0.321979,-0.23436,0,0.0587091,0.267596,-0.56736,11.2561
3.426,-0.0634009,0.321979,-0.23436,0,0.0587144,0.267529,-0.567338,11.2647
3.428,-0.0634009,0.321979,-0.23436,0,0.0587194,0.267483,-0.567359,11.2733
3.43,-0.0634009,0.321979,-0.23436,0,0.0587241,0.26745,-0.56741,11.2819
3.432,-0.0634009,0.321979,-0.23436,0,0.0587285,0.267425,-0.567479,11.2904
3.434,-0.0634009,0.321979,-0.23436,0,0.0587325,0.267404,-0.567557,11.299
3.436,-0.0634009,0.321979,-0.23436,0,0.0587366,0.267374,-0.567632,11.3075
3.438,-0.0634009,0.321979,-0.23436,0,0.0587407,0.267331,-0.567695,11.316
3.44,-0.0634009,0.321979,-0.23436,0,0.0587449,0.267275,-0.567743,11.3246
3.442,-0.062966,0.329168,-0.235958,0,0.0587493,0.267206,-0.567772,11.3331
3.444,-0.062966,0.329168,-0.235958,0,0.0587541,0.267127,-0.567777,11.3416
3.446,-0.062966,0.329168,-0.235958,0,0.0587593,0.267041,-0.567755,11.3501
3.448,-0.062966,0.329168,-0.235958,0,0.0587649,0.266947,-0.567703,11.3586
3.45,-0.062966,0.329168,-0.235958,0,0.0587708,0.266846,-0.567619,11.3671
3.452,-0.062966,0.329168,-0.235958,0,0.0587768,0.266756,-0.567534,11.3756
3.454,-0.062966,0.329168,-0.235958,0,0.0587825,0.266702,-0.567509,11.3841
3.456,-0.062966,0.329168,-0.235958,0,0.0587879,0.266676,-0.567529,11.3925
3.458,-0.062966,0.329168,-0.235958,0,0.058793,0.266668,-0.56758,11.401
3.46,-0.062966,0.329168,-0.235958,0,0.0587979,0.266672,-0.567652,11.4094
3.462,-0.0607721,0.331061,-0.235589,0,0.0588026,0.26668,-0.567734,11.4178
3.464,-0.0607721,0.331061,-0.235589,0,0.0588072,0.266683,-0.567812,11.4262
3.466,-0.0607721,0.331061,-0.235589,0,0.058812,0.266678,-0.56788,11.4346
3.468,-0.0607721,0.331061,-0.235589,0,0.0588171,0.266662,-0.567934,11.443
3.47,-0.0607721,0.331061,-0.235589,0,0.0588228,0.266637,-0.567969,11.4514
3.472,-0.0607721,0.331061,-0.235589,0,0.0588292,0.266601,-0.567982,11.4597
3.474,-0.0607721,0.331061,-0.235589,0,0.0588361,0.266556,-0.567968,11.4681
3.476,-0.0607721,0.331061,-0.235589,0,0.0588434,0.266501,-0.567924,11.4764
3.478,-0.0607721,0.331061,-0.235589,0,0.0588511,0.266437,-0.567847,11.4848
3.48,-0.0607721,0.331061,-0.235589,0,0.0588587,0.266381,-0.567771,11.4931
3.482,-0.0629734,0.320652,-0.233355,0,0.0588658,0.266357,-0.567752,11.5014
3.484,-0.0629734,0.320652,-0.233355,0,0.0588723,0.266355,-0.567776,11.5097
3.486,-0.0629734,0.320652,-0.233355,0,0.0588782,0.266369,-0.567831,11.5181
3.488,-0.0629734,0.320652,-0.233355,0,0.0588834,0.266389,-0.567904,11.5264
3.49,-0.0629734,0.320652,-0.233355,0,0.0588881,0.26641,-0.567984,11.5347
3.492,-0.0629734,0.320652,-0.233355,0,0.0588926,0.266423,-0.568061,11.5429
3.494,-0.0629734,0.320652,-0.233355,0,0.0588971,0.266423,-0.568127,11.5512
3.496,-0.0629734,0.320652,-0.233355,0,0.0589016,0.266411,-0.568178,11.5595
3.498,-0.0629734,0.320652,-0.233355,0,0.0589062,0.266382,-0.56821,11.5677
3.5,-0.0629734,0.320652,-0.233355,0,0.0589109,0.266335,-0.568217,11.576
3.502,-0.0636037,0.329383,-0.235283,0,0.0589156,0.26627,-0.568196,11.5843
3.504,-0.0636037,0.329383,-0.235283,0,0.0589206,0.266191,-0.568145,11.5925
3.506,-0.0636037,0.329383,-0.235283,0,0.0589259,0.266104,-0.568062,11.6008
3.508,-0.0636037,0.329383,-0.235283,0,0.0589311,0.266027,-0.567979,11.6091
3.51,-0.0636037,0.329383,-0.235283,0,0.0589361,0.265992,-0.567954,11.6173
3.512,-0.0636037,0.329383,-0.235283,0,0.0589409,0.265988,-0.567974,11.6255
3.514,-0.0636037,0.329383,-0.235283,0,0.0589455,0.266007,-0.568025,11.6337
3.516,-0.0636037,0.329383,-0.235283,0,0.0589499,0.26604,-0.568096,11.6419
3.518,-0.0636037,0.329383,-0.235283,0,0.058954,0.266082,-0.568178,11.65
3.52,-0.0636037,0.329383,-0.235283,0,0.058958,0.26612,-0.568258,11.6582
3.522,-0.0619492,0.333849,-0.235356,0,0.058962,0.266148,-0.568329,11.6664
3.524,-0.0619492,0.333849,-0.235356,0,0.0589663,0.266169,-0.568387,11.6745
3.526,-0.0619492,0.333849,-0.235356,0,0.0589711,0.266183,-0.568428,11.6826
3.528,-0.0619492,0.333849,-0.235356,0,0.0589766,0.266187,-0.568448,11.6907
3.53,-0.0619492,0.333849,-0.235356,0,0.0589827,0.266179,-0.568442,11.6988
3.532,-0.0619492,0.333849,-0.235356,0,0.0589894,0.266156,-0.568407,11.7069
3.534,-0.0619492,0.333849,-0.235356,0,0.0589966,0.266121,-0.56834,11.7149
3.536,-0.0619492,0.333849,-0.235356,0,0.059004,0.266074,-0.56824,11.723
3.538,-0.0619492,0.333849,-0.235356,0,0.0590111,0.266051,-0.568172,11.7311
3.54,-0.0619492,0.333849,-0.235356,0,0.0590177,0.266062,-0.568158,11.7391
3.542,-0.0631455,0.327341,-0.23313,0,0.0590239,0.266098,-0.568184,11.7472
3.544,-0.0631455,0.327341,-0.23313,0,0.0590297,0.26615,-0.568238,11.7552
3.546,-0.0631455,0.327341,-0.23313,0,0.0590351,0.266212,-0.568308,11.7632
3.548,-0.0631455,0.327341,-0.23313,0,0.05904,0.266273,-0.568384,11.7712
3.55,-0.0631455,0.327341,-0.23313,0,0.0590448,0.266324,-0.568454,11.7792
3.552,-0.0631455,0.327341,-0.23313,0,0.0590495,0.266363,-0.568512,11.7872
3.554,-0.0631455,0.327341,-0.23313,0,0.0590543,0.266393,-0.568557,11.7952
3.556,-0.0631455,0.327341,-0.23313,0,0.0590592,0.26641,-0.568583,11.8032
3.558,-0.0631455,0.327341,-0.23313,0,0.0590643,0.266412,-0.568585,11.8112
3.56,-0.0631455,0.327341,-0.23313,0,0.0590696,0.266396,-0.568561,11.8191
3.562,-0.0645794,0.328626,-0.233161,0,0.0590751,0.266363,-0.568505,11.8271
3.564,-0.0645794,0.328626,-0.233161,0,0.0590806,0.266316,-0.568417,11.8351
3.566,-0.0645794,0.328626,-0.233161,0,0.059086,0.266274,-0.568329,11.8431
3.568,-0.0645794,0.328626,-0.233161,0,0.0590912,0.266267,-0.568297,11.8511
3.57,-0.0645794,0.328626,-0.233161,0,0.059096,0.26629,-0.568309,11.859
3.572,-0.0645794,0.328626,-0.233161,0,0.0591007,0.266333,-0.568351,11.8669
3.574,-0.0645794,0.328626,-0.233161,0,0.059105,0.266391,-0.568414,11.8748
3.576,-0.0645794,0.328626,-0.233161,0,0.0591089,0.266456,-0.568488,11.8828
3.578,-0.0645794,0.328626,-0.233161,0,0.0591127,0.266515,-0.568559,11.8907
3.58,-0.0645794,0.328626,-0.233161,0,0.0591165,0.266563,-0.568621,11.8986
3.582,-0.0637188,0.335537,-0.234374,0,0.0591205,0.266602,-0.568671,11.9065
3.584,-0.0637188,0.335537,-0.234374,0,0.0591247,0.266632,-0.568705,11.9144
3.586,-0.0637188,0.335537,-0.234374,0,0.0591295,0.266654,-0.56872,11.9222
3.588,-0.0637188,0.335537,-0.234374,0,0.0591348,0.266665,-0.568711,11.9301
3.59,-0.0637188,0.335537,-0.234374,0,0.0591406,0.266664,-0.568676,11.938
3.592,-0.0637188,0.335537,-0.234374,0,0.0591468,0.26665,-0.56861,11.9458
3.594,-0.0637188,0.335537,-0.234374,0,0.0591533,0.266624,-0.568513,11.9537
3.596,-0.0637188,0.335537,-0.234374,0,0.0591594,0.26662,-0.568446,11.9615
3.598,-0.0637188,0.335537,-0.234374,0,0.0591652,0.266646,-0.568429,11.9693
3.6,-0.0637188,0.335537,-0.234374,0,0.0591707,0.266698,-0.568451,11.9771
3.602,-0.0640843,0.332509,-0.232553,0,0.0591758,0.266769,-0.568499,11.9848
3.604,-0.0640843,0.332509,-0.232553,0,0.0591807,0.266851,-0.568565,11.9926
3.606,-0.0640843,0.332509,-0.232553,0,0.0591851,0.26694,-0.568639,12.0004
3.608,-0.0640843,0.332509,-0.232553,0,0.0591894,0.267021,-0.568708,12.0081
3.61,-0.0640843,0.332509,-0.232553,0,0.0591937,0.267089,-0.568766,12.0158
3.612,-0.0640843,0.332509,-0.232553,0,0.0591981,0.267144,-0.56881,12.0236
3.614,-0.0640843,0.332509,-0.232553,0,0.0592026,0.267189,-0.568838,12.0313
3.616,-0.0640843,0.332509,-0.232553,0,0.0592073,0.267223,-0.568844,12.0391
3.618,-0.0640843,0.332509,-0.232553,0,0.0592122,0.267245,-0.568827,12.0468
3.62,-0.0640843,0.332509,-0.232553,0,0.0592175,0.267252,-0.568781,12.0545
3.622,-0.0658516,0.329319,-0.231367,0,0.059223,0.267243,-0.568706,12.0623
3.624,-0.0658516,0.329319,-0.231367,0,0.0592286,0.267219,-0.568598,12.07
3.626,-0.0658516,0.329319,-0.231367,0,0.0592338,0.267213,-0.568518,12.0777
3.628,-0.0658516,0.329319,-0.231367,0,0.0592387,0.267237,-0.568488,12.0854
3.63,-0.0658516,0.329319,-0.231367,0,0.0592434,0.267285,-0.568497,12.0931
3.632,-0.0658516,0.329319,-0.231367,0,0.0592477,0.26735,-0.568532,12.1008
3.634,-0.0658516,0.329319,-0.231367,0,0.0592516,0.267424,-0.568585,12.1084
3.636,-0.0658516,0.329319,-0.231367,0,0.0592551,0.267504,-0.568647,12.1161
3.638,-0.0658516,0.329319,-0.231367,0,0.0592583,0.267581,-0.568707,12.1238
3.64,-0.0658516,0.329319,-0.231367,0,0.0592616,0.267644,-0.568757,12.1314
3.642,-0.0647589,0.338335,-0.233751,0,0.0592652,0.267697,-0.568795,12.1391
3.644,-0.0647589,0.338335,-0.233751,0,0.0592691,0.26774,-0.568817,12.1468
3.646,-0.0647589,0.338335,-0.233751,0,0.0592733,0.267775,-0.56882,12.1544
3.648,-0.0647589,0.338335,-0.233751,0,0.0592782,0.267801,-0.5688,12.1621
3.65,-0.0647589,0.338335,-0.233751,0,0.0592835,0.267816,-0.568754,12.1697
3.652,-0.0647589,0.338335,-0.233751,0,0.0592895,0.267819,-0.56868,12.1773
3.654,-0.0647589,0.338335,-0.233751,0,0.0592957,0.26781,-0.568575,12.185
3.656,-0.0647589,0.338335,-0.233751,0,0.0593018,0.26782,-0.5685,12.1926
3.658,-0.0647589,0.338335,-0.233751,0,0.0593076,0.267862,-0.568473,12.2002
3.66,-0.0647589,0.338335,-0.233751,0,0.059313,0.26793,-0.568485,12.2077
3.662,-0.0653828,0.334348,-0.231169,0,0.0593182,0.268017,-0.568524,12.2153
3.664,-0.0653828,0.334348,-0.231169,0,0.0593231,0.268116,-0.568581,12.2228
3.666,-0.0653828,0.334348,-0.231169,0,0.0593275,0.268221,-0.568646,12.2303
3.668,-0.0653828,0.334348,-0.231169,0,0.0593317,0.268322,-0.56871,12.2378
3.67,-0.0653828,0.334348,-0.231169,0,0.0593358,0.268407,-0.568763,12.2454
3.672,-0.0653828,0.334348,-0.231169,0,0.05934,0.268477,-0.568803,12.2529
3.674,-0.0653828,0.334348,-0.231169,0,0.0593443,0.268535,-0.568827,12.2604
3.676,-0.0653828,0.334348,-0.231169,0,0.0593487,0.268583,-0.56883,12.2679
3.678,-0.0653828,0.334348,-0.231169,0,0.0593533,0.268619,-0.56881,12.2754
3.68,-0.0653828,0.334348,-0.231169,0,0.0593581,0.268645,-0.568764,12.2829
3.682,-0.0670685,0.332193,-0.229982,0,0.0593631,0.268657,-0.568689,12.2905
3.684,-0.0670685,0.332193,-0.229982,0,0.0593681,0.268653,-0.568584,12.298
3.686,-0.0670685,0.332193,-0.229982,0,0.059373,0.26865,-0.568478,12.3055
3.688,-0.0670685,0.332193,-0.229982,0,0.0593776,0.268678,-0.568423,12.313
3.69,-0.0670685,0.332193,-0.229982,0,0.0593819,0.268732,-0.568408,12.3205
3.692,-0.0670685,0.332193,-0.229982,0,0.0593861,0.268807,-0.568424,12.3279
3.694,-0.0670685,0.332193,-0.229982,0,0.0593899,0.268897,-0.568461,12.3354
3.696,-0.0670685,0.332193,-0.229982,0,0.0593933,0.268995,-0.56851,12.3428
3.698,-0.0670685,0.332193,-0.229982,0,0.0593963,0.269097,-0.568565,12.3502
3.7,-0.0670685,0.332193,-0.229982,0,0.0593992,0.269187,-0.568613,12.3577
3.702,-0.0656773,0.340774,-0.232854,0,0.0594023,0.269262,-0.56865,12.3651
3.704,-0.0656773,0.340774,-0.232854,0,0.0594058,0.269324,-0.568674,12.3725
3.706,-0.0656773,0.340774,-0.232854,0,0.0594096,0.269375,-0.56868,12.38
3.708,-0.0656773,0.340774,-0.232854,0,0.0594137,0.269418,-0.568664,12.3874
3.71,-0.0656773,0.340774,-0.232854,0,0.0594182,0.269451,-0.568625,12.3948
3.712,-0.0656773,0.340774,-0.232854,0,0.0594233,0.269475,-0.56856,12.4023
3.714,-0.0656773,0.340774,-0.232854,0,0.059429,0.269489,-0.568468,12.4097
3.716,-0.0656773,0.340774,-0.232854,0,0.0594348,0.269491,-0.568346,12.4171
3.718,-0.0656773,0.340774,-0.232854,0,0.0594405,0.269512,-0.568254,12.4245
3.72,-0.0656773,0.340774,-0.232854,0,0.0594459,0.269564,-0.568211,12.4319
3.722,-0.0671901,0.3332,-0.229478,0,0.059451,0.269642,-0.568208,12.4392
3.724,-0.0671901,0.3332,-0.229478,0,0.0594559,0.269741,-0.568232,12.4466
3.726,-0.0671901,0.3332,-0.229478,0,0.0594603,0.269852,-0.568274,12.4539
3.728,-0.0671901,0.3332,-0.229478,0,0.0594642,0.269969,-0.568325,12.4612
3.73,-0.0671901,0.3332,-0.229478,0,0.0594677,0.270081,-0.568376,12.4685
3.732,-0.0671901,0.3332,-0.229478,0,0.0594713,0.270175,-0.568418,12.4759
3.734,-0.0671901,0.3332,-0.229478,0,0.059475,0.270252,-0.568448,12.4832
3.736,-0.0671901,0.3332,-0.229478,0,0.0594788,0.270316,-0.568463,12.4905
3.738,-0.0671901,0.3332,-0.229478,0,0.0594826,0.270368,-0.568457,12.4979
3.74,-0.0671901,0.3332,-0.229478,0,0.0594866,0.27041,-0.568429,12.5052
3.742,-0.0683342,0.335871,-0.229691,0,0.0594907,0.270441,-0.568376,12.5125
3.744,-0.0683342,0.335871,-0.229691,0,0.0594949,0.270461,-0.568296,12.5199
3.746,-0.0683342,0.335871,-0.229691,0,0.0594992,0.270468,-0.568187,12.5272
3.748,-0.0683342,0.335871,-0.229691,0,0.0595033,0.270476,-0.568078,12.5346
3.75,-0.0683342,0.335871,-0.229691,0,0.0595074,0.270513,-0.568019,12.5419
3.752,-0.0683342,0.335871,-0.229691,0,0.0595112,0.270574,-0.567998,12.5491
3.754,-0.0683342,0.335871,-0.229691,0,0.0595149,0.270658,-0.568007,12.5564
3.756,-0.0683342,0.335871,-0.229691,0,0.0595184,0.270759,-0.568037,12.5636
3.758,-0.0683342,0.335871,-0.229691,0,0.0595216,0.270871,-0.568079,12.5709
3.76,-0.0683342,0.335871,-0.229691,0,0.0595243,0.27099,-0.568127,12.5781
3.762,-0.0662474,0.343014,-0.232089,0,0.0595268,0.271104,-0.568172,12.5853
3.764,-0.0662474,0.343014,-0.232089,0,0.0595297,0.271202,-0.568207,12.5926
3.766,-0.0662474,0.343014,-0.232089,0,0.0595329,0.271283,-0.568229,12.5998
3.768,-0.0662474,0.343014,-0.232089,0,0.0595365,0.27135,-0.568234,12.607
3.77,-0.0662474,0.343014,-0.232089,0,0.0595404,0.271406,-0.568218,12.6142
3.772,-0.0662474,0.343014,-0.232089,0,0.0595446,0.271451,-0.56818,12.6214
3.774,-0.0662474,0.343014,-0.232089,0,0.0595491,0.271487,-0.568116,12.6286
3.776,-0.0662474,0.343014,-0.232089,0,0.0595542,0.271514,-0.568025,12.6358
3.778,-0.0662474,0.343014,-0.232089,0,0.0595596,0.271533,-0.567907,12.6431
3.78,-0.0662474,0.343014,-0.232089,0,0.059565,0.271555,-0.56779,12.6503
3.782,-0.069303,0.330585,-0.227966,0,0.0595701,0.271607,-0.567724,12.6574
3.784,-0.069303,0.330585,-0.227966,0,0.0595749,0.271681,-0.567697,12.6646
3.786,-0.069303,0.330585,-0.227966,0,0.0595793,0.271774,-0.567699,12.6717
3.788,-0.069303,0.330585,-0.227966,0,0.0595831,0.271881,-0.567721,12.6788
3.79,-0.069303,0.330585,-0.227966,0,0.0595863,0.271999,-0.567755,12.686
3.792,-0.069303,0.330585,-0.227966,0,0.059589,0.272121,-0.567795,12.6931
3.794,-0.069303,0.330585,-0.227966,0,0.0595913,0.272236,-0.567832,12.7002
3.796,-0.069303,0.330585,-0.227966,0,0.0595938,0.272331,-0.567859,12.7074
3.798,-0.069303,0.330585,-0.227966,0,0.0595965,0.27241,-0.567874,12.7145
3.8,-0.069303,0.330585,-0.227966,0,0.0595995,0.272474,-0.567871,12.7216
3.802,-0.0695232,0.339953,-0.23126,0,0.0596027,0.272526,-0.567849,12.7288
3.804,-0.0695232,0.339953,-0.23126,0,0.059606,0.272568,-0.567803,12.736
3.806,-0.0695232,0.339953,-0.23126,0,0.0596094,0.272601,-0.567733,12.7431
3.808,-0.0695232,0.339953,-0.23126,0,0.0596132,0.272625,-0.567638,12.7503
3.81,-0.0695232,0.339953,-0.23126,0,0.0596171,0.272641,-0.567515,12.7574
3.812,-0.0695232,0.339953,-0.23126,0,0.059621,0.272658,-0.567394,12.7646
3.814,-0.0695232,0.339953,-0.23126,0,0.0596249,0.272702,-0.567323,12.7717
3.816,-0.0695232,0.339953,-0.23126,0,0.0596286,0.27277,-0.567291,12.7788
3.818,-0.0695232,0.339953,-0.23126,0,0.0596322,0.272859,-0.567291,12.7859
3.82,-0.0695232,0.339953,-0.23126,0,0.0596357,0.272966,-0.567311,12.793
3.822,-0.0688848,0.34079,-0.230597,0,0.0596389,0.273089,-0.567346,12.8
3.824,-0.0688848,0.34079,-0.230597,0,0.0596419,0.273221,-0.567388,12.807
3.826,-0.0688848,0.34079,-0.230597,0,0.0596447,0.273351,-0.567428,12.8141
3.828,-0.0688848,0.34079,-0.230597,0,0.0596477,0.273461,-0.567459,12.8211
3.83,-0.0688848,0.34079,-0.230597,0,0.0596509,0.273552,-0.567478,12.8282
3.832,-0.0688848,0.34079,-0.230597,0,0.0596543,0.273628,-0.56748,12.8352
3.834,-0.0688848,0.34079,-0.230597,0,0.0596578,0.273689,-0.567462,12.8422
3.836,-0.0688848,0.34079,-0.230597,0,0.0596614,0.273739,-0.567422,12.8493
3.838,-0.0688848,0.34079,-0.230597,0,0.0596651,0.273779,-0.567358,12.8563
3.84,-0.0688848,0.34079,-0.230597,0,0.0596691,0.27381,-0.567267,12.8634
3.842,-0.0711556,0.333534,-0.227511,0,0.0596733,0.273833,-0.56715,12.8704
3.844,-0.0711556,0.333534,-0.227511,0,0.0596774,0.273857,-0.567033,12.8775
3.846,-0.0711556,0.333534,-0.227511,0,0.0596811,0.273903,-0.566962,12.8845
3.848,-0.0711556,0.333534,-0.227511,0,0.0596845,0.273968,-0.566929,12.8915
3.85,-0.0711556,0.333534,-0.227511,0,0.0596876,0.27405,-0.566924,12.8985
3.852,-0.0711556,0.333534,-0.227511,0,0.0596904,0.274147,-0.566939,12.9055
3.854,-0.0711556,0.333534,-0.227511,0,0.0596927,0.274256,-0.566966,12.9124
3.856,-0.0711556,0.333534,-0.227511,0,0.0596946,0.274375,-0.567,12.9194
3.858,-0.0711556,0.333534,-0.227511,0,0.0596959,0.274499,-0.567034,12.9264
3.86,-0.0711556,0.333534,-0.227511,0,0.0596973,0.274608,-0.567061,12.9333
3.862,-0.0696323,0.344656,-0.23192,0,0.0596991,0.274699,-0.567076,12.9403
3.864,-0.0696323,0.344656,-0.23192,0,0.0597013,0.274774,-0.567076,12.9473
3.866,-0.0696323,0.344656,-0.23192,0,0.0597039,0.274835,-0.567058,12.9543
3.868,-0.0696323,0.344656,-0.23192,0,0.0597068,0.274885,-0.56702,12.9612
3.87,-0.0696323,0.344656,-0.23192,0,0.0597101,0.274925,-0.566959,12.9682
3.872,-0.0696323,0.344656,-0.23192,0,0.0597137,0.274957,-0.566873,12.9752
3.874,-0.0696323,0.344656,-0.23192,0,0.0597176,0.274982,-0.566761,12.9822
3.876,-0.0696323,0.344656,-0.23192,0,0.0597218,0.275,-0.566623,12.9892
3.878,-0.0696323,0.344656,-0.23192,0,0.0597259,0.275033,-0.566513,12.9961
3.88,-0.0696323,0.344656,-0.23192,0,0.0597299,0.275092,-0.56645,13.0031
3.882,-0.0716113,0.336348,-0.228343,0,0.0597337,0.275174,-0.566425,13.01
3.884,-0.0716113,0.336348,-0.228343,0,0.0597373,0.275275,-0.566427,13.0169
3.886,-0.0716113,0.336348,-0.228343,0,0.0597405,0.27539,-0.566447,13.0238
3.888,-0.0716113,0.336348,-0.228343,0,0.0597433,0.275516,-0.566479,13.0307
3.89,-0.0716113,0.336348,-0.228343,0,0.0597456,0.27565,-0.566515,13.0376
3.892,-0.0716113,0.336348,-0.228343,0,0.0597476,0.27578,-0.566549,13.0445
3.894,-0.0716113,0.336348,-0.228343,0,0.0597498,0.275887,-0.566573,13.0514
3.896,-0.0716113,0.336348,-0.228343,0,0.0597523,0.275976,-0.566584,13.0583
3.898,-0.0716113,0.336348,-0.228343,0,0.0597549,0.276048,-0.566578,13.0652
3.9,-0.0716113,0.336348,-0.228343,0,0.0597577,0.276106,-0.566552,13.0721
3.902,-0.072538,0.340054,-0.229548,0,0.0597606,0.276153,-0.566505,13.0791
3.904,-0.072538,0.340054,-0.229548,0,0.0597635,0.276189,-0.566433,13.086
3.906,-0.072538,0.340054,-0.229548,0,0.0597666,0.276218,-0.566336,13.0929
3.908,-0.072538,0.340054,-0.229548,0,0.0597698,0.276238,-0.566213,13.0999
3.91,-0.072538,0.340054,-0.229548,0,0.059773,0.276261,-0.56609,13.1069
3.912,-0.072538,0.340054,-0.229548,0,0.0597761,0.276307,-0.566016,13.1138
3.914,-0.072538,0.340054,-0.229548,0,0.059779,0.276373,-0.565981,13.1207
3.916,-0.072538,0.340054,-0.229548,0,0.0597818,0.276458,-0.565976,13.1276
3.918,-0.072538,0.340054,-0.229548,0,0.0597845,0.276559,-0.565992,13.1344
3.92,-0.072538,0.340054,-0.229548,0,0.0597868,0.276674,-0.566022,13.1413
3.922,-0.0713331,0.344072,-0.23058,0,0.0597889,0.276802,-0.566059,13.1482
3.924,-0.0713331,0.344072,-0.23058,0,0.0597907,0.276938,-0.566098,13.155
3.926,-0.0713331,0.344072,-0.23058,0,0.0597926,0.277061,-0.566131,13.1619
3.928,-0.0713331,0.344072,-0.23058,0,0.0597949,0.277164,-0.566151,13.1687
3.93,-0.0713331,0.344072,-0.23058,0,0.0597974,0.277249,-0.566157,13.1756
3.932,-0.0713331,0.344072,-0.23058,0,0.0598001,0.277318,-0.566144,13.1824
3.934,-0.0713331,0.344072,-0.23058,0,0.059803,0.277374,-0.566111,13.1893
3.936,-0.0713331,0.344072,-0.23058,0,0.0598061,0.277419,-0.566054,13.1962
3.938,-0.0713331,0.344072,-0.23058,0,0.0598095,0.277454,-0.565974,13.2031
3.94,-0.0713331,0.344072,-0.23058,0,0.0598131,0.277482,-0.565867,13.21
3.942,-0.0739362,0.333472,-0.226768,0,0.0598168,0.277502,-0.565734,13.2169
3.944,-0.0739362,0.333472,-0.226768,0,0.0598204,0.277534,-0.565627,13.2237
3.946,-0.0739362,0.333472,-0.226768,0,0.0598236,0.277585,-0.565564,13.2306
3.948,-0.0739362,0.333472,-0.226768,0,0.0598264,0.277652,-0.565536,13.2375
3.95,-0.0739362,0.333472,-0.226768,0,0.0598288,0.277734,-0.565535,13.2443
3.952,-0.0739362,0.333472,-0.226768,0,0.0598307,0.277828,-0.565551,13.2512
3.954,-0.0739362,0.333472,-0.226768,0,0.0598322,0.277932,-0.565579,13.258
3.956,-0.0739362,0.333472,-0.226768,0,0.0598331,0.278042,-0.56561,13.2649
3.958,-0.0739362,0.333472,-0.226768,0,0.0598338,0.278149,-0.56564,13.2717
3.96,-0.0739362,0.333472,-0.226768,0,0.0598349,0.278237,-0.56566,13.2786
3.962,-0.0728863,0.344914,-0.231184,0,0.0598362,0.278309,-0.565668,13.2854
3.964,-0.0728863,0.344914,-0.231184,0,0.0598378,0.278368,-0.565661,13.2923
3.966,-0.0728863,0.344914,-0.231184,0,0.0598398,0.278415,-0.565636,13.2992
3.968,-0.0728863,0.344914,-0.231184,0,0.0598421,0.278452,-0.56559,13.3061
3.97,-0.0728863,0.344914,-0.231184,0,0.0598446,0.278481,-0.565523,13.313
3.972,-0.0728863,0.344914,-0.231184,0,0.0598475,0.278504,-0.565431,13.3198
3.974,-0.0728863,0.344914,-0.231184,0,0.0598506,0.27852,-0.565313,13.3267
3.976,-0.0728863,0.344914,-0.231184,0,0.0598537,0.278541,-0.565196,13.3336
3.978,-0.0728863,0.344914,-0.231184,0,0.0598567,0.278584,-0.565127,13.3405
3.98,-0.0728863,0.344914,-0.231184,0,0.0598594,0.27865,-0.565095,13.3473
3.982,-0.0741489,0.338841,-0.228265,0,0.059862,0.278734,-0.565093,13.3542
3.984,-0.0741489,0.338841,-0.228265,0,0.0598644,0.278834,-0.565113,13.361
3.986,-0.0741489,0.338841,-0.228265,0,0.0598664,0.278947,-0.565145,13.3678
3.988,-0.0741489,0.338841,-0.228265,0,0.0598679,0.279068,-0.565184,13.3746
3.99,-0.0741489,0.338841,-0.228265,0,0.0598691,0.279197,-0.565225,13.3814
3.992,-0.0741489,0.338841,-0.228265,0,0.05987,0.27932,-0.56526,13.3882
3.994,-0.0741489,0.338841,-0.228265,0,0.0598711,0.279421,-0.565284,13.395
3.996,-0.0741489,0.338841,-0.228265,0,0.0598726,0.279503,-0.565292,13.4019
3.998,-0.0741489,0.338841,-0.228265,0,0.0598742,0.27957,-0.565282,13.4087
4,-0.0741489,0.338841,-0.228265,0,0.059876,0.279623,-0.565252,13.4156
4.002,-0.0749636,0.340528,-0.228766,0,0.059878,0.279664,-0.5652,13.4224
4.004,-0.0749636,0.340528,-0.228766,0,0.0598801,0.279696,-0.565123,13.4293
4.006,-0.0749636,0.340528,-0.228766,0,0.0598823,0.279719,-0.565021,13.4362
4.008,-0.0749636,0.340528,-0.228766,0,0.0598847,0.279733,-0.564892,13.4431
4.01,-0.0749636,0.340528,-0.228766,0,0.0598871,0.279747,-0.564763,13.45
4.012,-0.0749636,0.340528,-0.228766,0,0.0598894,0.279782,-0.564684,13.4569
4.014,-0.0749636,0.340528,-0.228766,0,0.0598915,0.279838,-0.564644,13.4637
4.016,-0.0749636,0.340528,-0.228766,0,0.0598934,0.279912,-0.564635,13.4706
4.018,-0.0749636,0.340528,-0.228766,0,0.0598952,0.280001,-0.564648,13.4775
4.02,-0.0749636,0.340528,-0.228766,0,0.0598968,0.280103,-0.564676,13.4843
4.022,-0.0736301,0.344084,-0.229761,0,0.059898,0.280217,-0.564712,13.4912
4.024,-0.0736301,0.344084,-0.229761,0,0.0598989,0.280337,-0.56475,13.498
4.026,-0.0736301,0.344084,-0.229761,0,0.0599001,0.280443,-0.564782,13.5049
4.028,-0.0736301,0.344084,-0.229761,0,0.0599015,0.28053,-0.564803,13.5118
4.03,-0.0736301,0.344084,-0.229761,0,0.0599033,0.280601,-0.564809,13.5186
4.032,-0.0736301,0.344084,-0.229761,0,0.0599052,0.280658,-0.564797,13.5255
4.034,-0.0736301,0.344084,-0.229761,0,0.0599074,0.280703,-0.564765,13.5324
4.036,-0.0736301,0.344084,-0.229761,0,0.0599098,0.280737,-0.564711,13.5393
4.038,-0.0736301,0.344084,-0.229761,0,0.0599126,0.280763,-0.564633,13.5462
4.04,-0.0736301,0.344084,-0.229761,0,0.0599156,0.28078,-0.564529,13.5531
4.042,-0.0761747,0.331693,-0.226285,0,0.0599188,0.280788,-0.564398,13.5601
4.044,-0.0761747,0.331693,-0.226285,0,0.0599217,0.280806,-0.564294,13.567
4.046,-0.0761747,0.331693,-0.226285,0,0.0599241,0.280843,-0.564236,13.5739
4.048,-0.0761747,0.331693,-0.226285,0,0.0599261,0.280895,-0.564213,13.5809
4.05,-0.0761747,0.331693,-0.226285,0,0.0599277,0.280961,-0.564217,13.5878
4.052,-0.0761747,0.331693,-0.226285,0,0.0599288,0.281037,-0.564239,13.5947
4.054,-0.0761747,0.331693,-0.226285,0,0.0599293,0.281118,-0.564272,13.6016
4.056,-0.0761747,0.331693,-0.226285,0,0.0599293,0.281201,-0.564308,13.6086
4.058,-0.0761747,0.331693,-0.226285,0,0.0599288,0.281283,-0.564343,13.6156
4.06,-0.0761747,0.331693,-0.226285,0,0.0599285,0.281354,-0.564369,13.6225
4.062,-0.0738994,0.346282,-0.230717,0,0.0599286,0.281411,-0.564384,13.6295
4.064,-0.0738994,0.346282,-0.230717,0,0.0599292,0.281456,-0.564384,13.6365
4.066,-0.0738994,0.346282,-0.230717,0,0.0599303,0.281491,-0.564365,13.6435
4.068,-0.0738994,0.346282,-0.230717,0,0.059932,0.281518,-0.564326,13.6505
4.07,-0.0738994,0.346282,-0.230717,0,0.0599341,0.281536,-0.564265,13.6575
4.072,-0.0738994,0.346282,-0.230717,0,0.0599366,0.281543,-0.564178,13.6645
4.074,-0.0738994,0.346282,-0.230717,0,0.0599396,0.28154,-0.564064,13.6716
4.076,-0.0738994,0.346282,-0.230717,0,0.0599426,0.281539,-0.56395,13.6786
4.078,-0.0738994,0.346282,-0.230717,0,0.0599454,0.281564,-0.563887,13.6856
4.08,-0.0738994,0.346282,-0.230717,0,0.059948,0.281613,-0.563864,13.6926
4.082,-0.0753218,0.336464,-0.22684,0,0.0599504,0.281682,-0.563871,13.6996
4.084,-0.0753218,0.336464,-0.22684,0,0.0599525,0.281765,-0.5639,13.7065
4.086,-0.0753218,0.336464,-0.22684,0,0.0599542,0.281853,-0.563941,13.7135
4.088,-0.0753218,0.336464,-0.22684,0,0.0599555,0.281941,-0.563986,13.7205
4.09,-0.0753218,0.336464,-0.22684,0,0.0599562,0.282029,-0.56403,13.7275
4.092,-0.0753218,0.336464,-0.22684,0,0.0599568,0.282109,-0.564068,13.7345
4.094,-0.0753218,0.336464,-0.22684,0,0.0599576,0.282173,-0.564095,13.7416
4.096,-0.0753218,0.336464,-0.22684,0,0.0599588,0.282224,-0.564105,13.7486
4.098,-0.0753218,0.336464,-0.22684,0,0.0599601,0.282262,-0.564098,13.7556
4.1,-0.0753218,0.336464,-0.22684,0,0.0599616,0.282288,-0.564069,13.7627
4.102,-0.075954,0.338774,-0.227755,0,0.0599633,0.282298,-0.564015,13.7698
4.104,-0.075954,0.338774,-0.227755,0,0.0599651,0.282291,-0.563934,13.7769
4.106,-0.075954,0.338774,-0.227755,0,0.059967,0.282267,-0.563825,13.784
4.108,-0.075954,0.338774,-0.227755,0,0.0599691,0.282242,-0.563713,13.7911
4.11,-0.075954,0.338774,-0.227755,0,0.0599709,0.282242,-0.56365,13.7982
4.112,-0.075954,0.338774,-0.227755,0,0.0599726,0.282264,-0.563626,13.8053
4.114,-0.075954,0.338774,-0.227755,0,0.0599741,0.282305,-0.563631,13.8124
4.116,-0.075954,0.338774,-0.227755,0,0.0599754,0.28236,-0.563658,13.8194
4.118,-0.075954,0.338774,-0.227755,0,0.0599765,0.282423,-0.563696,13.8265
4.12,-0.075954,0.338774,-0.227755,0,0.0599773,0.282489,-0.56374,13.8336
4.122,-0.0740132,0.343799,-0.228984,0,0.0599777,0.282558,-0.563783,13.8407
4.124,-0.0740132,0.343799,-0.228984,0,0.059978,0.282621,-0.56382,13.8478
4.126,-0.0740132,0.343799,-0.228984,0,0.0599788,0.282671,-0.563846,13.8549
4.128,-0.0740132,0.343799,-0.228984,0,0.05998,0.28271,-0.563858,13.862
4.13,-0.0740132,0.343799,-0.228984,0,0.0599815,0.28274,-0.563852,13.8691
4.132,-0.0740132,0.343799,-0.228984,0,0.0599833,0.282757,-0.563824,13.8762
4.134,-0.0740132,0.343799,-0.228984,0,0.0599855,0.282761,-0.563773,13.8833
4.136,-0.0740132,0.343799,-0.228984,0,0.059988,0.282751,-0.563695,13.8905
4.138,-0.0740132,0.343799,-0.228984,0,0.0599908,0.282726,-0.563588,13.8976
4.14,-0.0740132,0.343799,-0.228984,0,0.0599938,0.282688,-0.563453,13.9048
4.142,-0.0769493,0.326014,-0.225844,0,0.0599966,0.282667,-0.563346,13.9119
4.144,-0.0769493,0.326014,-0.225844,0,0.059999,0.282672,-0.563288,13.9191
4.146,-0.0769493,0.326014,-0.225844,0,0.0600009,0.282691,-0.563267,13.9263
4.148,-0.0769493,0.326014,-0.225844,0,0.0600021,0.282718,-0.563271,13.9335
4.15,-0.0769493,0.326014,-0.225844,0,0.0600028,0.282747,-0.563293,13.9407
4.152,-0.0769493,0.326014,-0.225844,0,0.0600029,0.282775,-0.563324,13.9479
4.154,-0.0769493,0.326014,-0.225844,0,0.0600024,0.2828,-0.563357,13.9551
4.156,-0.0769493,0.326014,-0.225844,0,0.0600016,0.28282,-0.563388,13.9624
4.158,-0.0769493,0.326014,-0.225844,0,0.0600013,0.282834,-0.563411,13.9696
4.16,-0.0769493,0.326014,-0.225844,0,0.0600012,0.282837,-0.563421,13.9769
4.162,-0.0755188,0.341326,-0.229923,0,0.0600014,0.282825,-0.563414,13.9842
4.164,-0.0755188,0.341326,-0.229923,0,0.060002,0.282799,-0.563387,13.9915
4.166,-0.0755188,0.341326,-0.229923,0,0.060003,0.282762,-0.563338,13.9988
4.168,-0.0755188,0.341326,-0.229923,0,0.0600043,0.282711,-0.563263,14.0061
4.17,-0.0755188,0.341326,-0.229923,0,0.0600061,0.282648,-0.563161,14.0134
4.172,-0.0755188,0.341326,-0.229923,0,0.0600079,0.282586,-0.563058,14.0208
4.174,-0.0755188,0.341326,-0.229923,0,0.0600096,0.282556,-0.563006,14.0281
4.176,-0.0755188,0.341326,-0.229923,0,0.060011,0.282553,-0.562994,14.0354
4.178,-0.0755188,0.341326,-0.229923,0,0.0600123,0.28257,-0.563011,14.0427
4.18,-0.0755188,0.341326,-0.229923,0,0.0600134,0.282599,-0.56305,14.05
4.182,-0.0747342,0.338432,-0.227236,0,0.0600143,0.282636,-0.5631,14.0572
4.184,-0.0747342,0.338432,-0.227236,0,0.060015,0.282675,-0.563154,14.0645
4.186,-0.0747342,0.338432,-0.227236,0,0.0600155,0.282713,-0.563207,14.0718
4.188,-0.0747342,0.338432,-0.227236,0,0.0600158,0.282745,-0.563252,14.0791
4.19,-0.0747342,0.338432,-0.227236,0,0.0600164,0.28277,-0.563286,14.0865
4.192,-0.0747342,0.338432,-0.227236,0,0.0600172,0.282786,-0.563305,14.0938
4.194,-0.0747342,0.338432,-0.227236,0,0.0600182,0.282789,-0.563304,14.1011
4.196,-0.0747342,0.338432,-0.227236,0,0.0600195,0.282777,-0.563279,14.1084
4.198,-0.0747342,0.338432,-0.227236,0,0.060021,0.282748,-0.563228,14.1158
4.2,-0.0747342,0.338432,-0.227236,0,0.0600227,0.282702,-0.563149,14.1231
4.202,-0.0765107,0.328847,-0.226186,0,0.0600248,0.282639,-0.563039,14.1305
4.204,-0.0765107,0.328847,-0.226186,0,0.0600267,0.282573,-0.562926,14.1379
4.206,-0.0765107,0.328847,-0.226186,0,0.0600282,0.282535,-0.562864,14.1453
4.208,-0.0765107,0.328847,-0.226186,0,0.0600294,0.282516,-0.562841,14.1527
4.21,-0.0765107,0.328847,-0.226186,0,0.0600303,0.282509,-0.562848,14.1601
4.212,-0.0765107,0.328847,-0.226186,0,0.0600308,0.282509,-0.562874,14.1675
4.214,-0.0765107,0.328847,-0.226186,0,0.060031,0.282512,-0.562911,14.1749
4.216,-0.0765107,0.328847,-0.226186,0,0.0600308,0.282516,-0.562953,14.1823
4.218,-0.0765107,0.328847,-0.226186,0,0.0600301,0.28252,-0.562995,14.1898
4.22,-0.0765107,0.328847,-0.226186,0,0.0600294,0.282523,-0.56303,14.1972
4.222,-0.0737688,0.341628,-0.229642,0,0.0600291,0.282519,-0.563055,14.2047
4.224,-0.0737688,0.341628,-0.229642,0,0.0600292,0.282506,-0.563065,14.2121
4.226,-0.0737688,0.341628,-0.229642,0,0.0600299,0.282482,-0.563055,14.2196
4.228,-0.0737688,0.341628,-0.229642,0,0.0600311,0.282444,-0.563023,14.2271
4.23,-0.0737688,0.341628,-0.229642,0,0.0600328,0.282391,-0.562964,14.2346
4.232,-0.0737688,0.341628,-0.229642,0,0.060035,0.282323,-0.562878,14.2421
4.234,-0.0737688,0.341628,-0.229642,0,0.0600375,0.282241,-0.562761,14.2496
4.236,-0.0737688,0.341628,-0.229642,0,0.0600399,0.282176,-0.562672,14.2571
4.238,-0.0737688,0.341628,-0.229642,0,0.060042,0.282143,-0.562632,14.2646
4.24,-0.0737688,0.341628,-0.229642,0,0.0600439,0.282132,-0.562629,14.2721
4.242,-0.0747213,0.332749,-0.225891,0,0.0600456,0.282136,-0.562654,14.2796
4.244,-0.0747213,0.332749,-0.225891,0,0.060047,0.282147,-0.562695,14.287
4.246,-0.0747213,0.332749,-0.225891,0,0.060048,0.282158,-0.562745,14.2945
4.248,-0.0747213,0.332749,-0.225891,0,0.0600488,0.282169,-0.562797,14.302
4.25,-0.0747213,0.332749,-0.225891,0,0.0600492,0.282179,-0.562845,14.3096
4.252,-0.0747213,0.332749,-0.225891,0,0.0600497,0.282184,-0.562884,14.3171
4.254,-0.0747213,0.332749,-0.225891,0,0.0600503,0.282181,-0.56291,14.3246
4.256,-0.0747213,0.332749,-0.225891,0,0.0600511,0.282165,-0.562918,14.3322
4.258,-0.0747213,0.332749,-0.225891,0,0.0600522,0.282132,-0.562903,14.3397
4.26,-0.0747213,0.332749,-0.225891,0,0.0600534,0.28208,-0.562862,14.3473
4.262,-0.0753604,0.331879,-0.226856,0,0.0600548,0.282009,-0.562792,14.3549
4.264,-0.0753604,0.331879,-0.226856,0,0.0600564,0.281917,-0.56269,14.3625
4.266,-0.0753604,0.331879,-0.226856,0,0.0600581,0.281822,-0.562585,14.3701
4.268,-0.0753604,0.331879,-0.226856,0,0.0600595,0.281757,-0.562532,14.3777
4.27,-0.0753604,0.331879,-0.226856,0,0.0600608,0.281715,-0.56252,14.3854
4.272,-0.0753604,0.331879,-0.226856,0,0.0600618,0.281688,-0.562537,14.393
4.274,-0.0753604,0.331879,-0.226856,0,0.0600627,0.28167,-0.562574,14.4006
4.276,-0.0753604,0.331879,-0.226856,0,0.0600634,0.281658,-0.562623,14.4082
4.278,-0.0753604,0.331879,-0.226856,0,0.0600639,0.28165,-0.562676,14.4158
4.28,-0.0753604,0.331879,-0.226856,0,0.0600641,0.281643,-0.562728,14.4235
4.282,-0.0723923,0.339739,-0.22903,0,0.0600643,0.281635,-0.562773,14.4311
4.284,-0.0723923,0.339739,-0.22903,0,0.0600649,0.281621,-0.562806,14.4387
4.286,-0.0723923,0.339739,-0.22903,0,0.060066,0.281598,-0.562823,14.4464
4.288,-0.0723923,0.339739,-0.22903,0,0.0600675,0.281562,-0.562819,14.454
4.29,-0.0723923,0.339739,-0.22903,0,0.0600696,0.281512,-0.56279,14.4617
4.292,-0.0723923,0.339739,-0.22903,0,0.060072,0.281447,-0.562733,14.4694
4.294,-0.0723923,0.339739,-0.22903,0,0.0600748,0.281364,-0.562647,14.477
4.296,-0.0723923,0.339739,-0.22903,0,0.0600778,0.281264,-0.562528,14.4847
4.298,-0.0723923,0.339739,-0.22903,0,0.0600807,0.281183,-0.562439,14.4924
4.3,-0.0723923,0.339739,-0.22903,0,0.0600833,0.281132,-0.562401,14.5001
4.302,-0.0743312,0.328656,-0.22559,0,0.0600857,0.281103,-0.562401,14.5078
4.304,-0.0743312,0.328656,-0.22559,0,0.0600877,0.281087,-0.562429,14.5155
4.306,-0.0743312,0.328656,-0.22559,0,0.0600894,0.281076,-0.562473,14.5232
4.308,-0.0743312,0.328656,-0.22559,0,0.0600907,0.281068,-0.562526,14.5309
4.31,-0.0743312,0.328656,-0.22559,0,0.0600917,0.281061,-0.562581,14.5386
4.312,-0.0743312,0.328656,-0.22559,0,0.0600925,0.281052,-0.562631,14.5463
4.314,-0.0743312,0.328656,-0.22559,0,0.0600934,0.281034,-0.56267,14.554
4.316,-0.0743312,0.328656,-0.22559,0,0.0600945,0.281004,-0.562694,14.5618
4.318,-0.0743312,0.328656,-0.22559,0,0.0600956,0.280958,-0.562698,14.5695
4.32,-0.0743312,0.328656,-0.22559,0,0.0600968,0.280893,-0.562676,14.5773
4.322,-0.0745472,0.331845,-0.227358,0,0.0600982,0.280808,-0.562626,14.5851
4.324,-0.0745472,0.331845,-0.227358,0,0.0600998,0.280702,-0.562545,14.5929
4.326,-0.0745472,0.331845,-0.227358,0,0.0601016,0.280576,-0.562432,14.6007
4.328,-0.0745472,0.331845,-0.227358,0,0.0601032,0.280467,-0.562348,14.6085
4.33,-0.0745472,0.331845,-0.227358,0,0.0601047,0.280389,-0.562315,14.6164
4.332,-0.0745472,0.331845,-0.227358,0,0.0601061,0.280333,-0.562321,14.6242
4.334,-0.0745472,0.331845,-0.227358,0,0.0601073,0.280294,-0.562355,14.632
4.336,-0.0745472,0.331845,-0.227358,0,0.0601083,0.280263,-0.562406,14.6398
4.338,-0.0745472,0.331845,-0.227358,0,0.0601093,0.280239,-0.562466,14.6476
4.34,-0.0745472,0.331845,-0.227358,0,0.06011,0.28022,-0.562529,14.6555
4.342,-0.0717312,0.337692,-0.228656,0,0.0601106,0.280202,-0.562587,14.6633
4.344,-0.0717312,0.337692,-0.228656,0,0.0601113,0.280181,-0.562635,14.6711
4.346,-0.0717312,0.337692,-0.228656,0,0.0601124,0.280152,-0.562669,14.6789
4.348,-0.0717312,0.337692,-0.228656,0,0.060114,0.280109,-0.562682,14.6868
4.35,-0.0717312,0.337692,-0.228656,0,0.060116,0.280052,-0.56267,14.6946
4.352,-0.0717312,0.337692,-0.228656,0,0.0601184,0.279978,-0.562631,14.7024
4.354,-0.0717312,0.337692,-0.228656,0,0.060121,0.279886,-0.562562,14.7103
4.356,-0.0717312,0.337692,-0.228656,0,0.060124,0.279776,-0.56246,14.7182
4.358,-0.0717312,0.337692,-0.228656,0,0.060127,0.279683,-0.562386,14.7261
4.36,-0.0717312,0.337692,-0.228656,0,0.0601298,0.27962,-0.562362,14.7339
4.362,-0.0734872,0.328316,-0.226113,0,0.0601323,0.279578,-0.562376,14.7418
4.364,-0.0734872,0.328316,-0.226113,0,0.0601345,0.279548,-0.562416,14.7496
4.366,-0.0734872,0.328316,-0.226113,0,0.0601365,0.279526,-0.562472,14.7575
4.368,-0.0734872,0.328316,-0.226113,0,0.0601382,0.279508,-0.562536,14.7654
4.37,-0.0734872,0.328316,-0.226113,0,0.0601397,0.279492,-0.562602,14.7732
4.372,-0.0734872,0.328316,-0.226113,0,0.0601408,0.279478,-0.562664,14.7811
4.374,-0.0734872,0.328316,-0.226113,0,0.060142,0.279457,-0.562714,14.789
4.376,-0.0734872,0.328316,-0.226113,0,0.0601434,0.279423,-0.562747,14.7969
4.378,-0.0734872,0.328316,-0.226113,0,0.0601448,0.279371,-0.562759,14.8048
4.38,-0.0734872,0.328316,-0.226113,0,0.0601465,0.279299,-0.562744,14.8127
4.382,-0.0735268,0.331363,-0.228139,0,0.0601482,0.279205,-0.562698,14.8206
4.384,-0.0735268,0.331363,-0.228139,0,0.0601502,0.279089,-0.562621,14.8286
4.386,-0.0735268,0.331363,-0.228139,0,0.0601524,0.278953,-0.562511,14.8366
4.388,-0.0735268,0.331363,-0.228139,0,0.0601546,0.278835,-0.56243,14.8445
4.39,-0.0735268,0.331363,-0.228139,0,0.0601567,0.278746,-0.5624,14.8525
4.392,-0.0735268,0.331363,-0.228139,0,0.0601587,0.278678,-0.562409,14.8605
4.394,-0.0735268,0.331363,-0.228139,0,0.0601605,0.278626,-0.562446,14.8684
4.396,-0.0735268,0.331363,-0.228139,0,0.0601623,0.278584,-0.5625,14.8764
4.398,-0.0735268,0.331363,-0.228139,0,0.0601639,0.27855,-0.562563,14.8844
4.4,-0.0735268,0.331363,-0.228139,0,0.0601654,0.278522,-0.562629,14.8923
4.402,-0.070856,0.337032,-0.229127,0,0.0601668,0.278494,-0.562689,14.9003
4.404,-0.070856,0.337032,-0.229127,0,0.0601685,0.278458,-0.562737,14.9083
4.406,-0.070856,0.337032,-0.229127,0,0.0601706,0.278412,-0.562768,14.9162
4.408,-0.070856,0.337032,-0.229127,0,0.0601731,0.278353,-0.562777,14.9242
4.41,-0.070856,0.337032,-0.229127,0,0.0601759,0.278278,-0.562762,14.9322
4.412,-0.070856,0.337032,-0.229127,0,0.0601791,0.278187,-0.562717,14.9402
4.414,-0.070856,0.337032,-0.229127,0,0.0601825,0.27808,-0.562641,14.9482
4.416,-0.070856,0.337032,-0.229127,0,0.0601861,0.277973,-0.562563,14.9562
4.418,-0.070856,0.337032,-0.229127,0,0.0601894,0.277897,-0.562537,14.9642
4.42,-0.070856,0.337032,-0.229127,0,0.0601924,0.277844,-0.562551,14.9721
4.422,-0.0724467,0.329434,-0.226517,0,0.0601952,0.277807,-0.562594,14.9801
4.424,-0.0724467,0.329434,-0.226517,0,0.0601976,0.277779,-0.562656,14.9881
4.426,-0.0724467,0.329434,-0.226517,0,0.0601998,0.277757,-0.562728,14.996
4.428,-0.0724467,0.329434,-0.226517,0,0.0602017,0.277738,-0.562803,15.004
4.43,-0.0724467,0.329434,-0.226517,0,0.0602033,0.277722,-0.562875,15.012
4.432,-0.0724467,0.329434,-0.226517,0,0.0602048,0.277704,-0.562938,15.02
4.434,-0.0724467,0.329434,-0.226517,0,0.0602064,0.277673,-0.562984,15.028
4.436,-0.0724467,0.329434,-0.226517,0,0.0602081,0.277626,-0.56301,15.036
4.438,-0.0724467,0.329434,-0.226517,0,0.06021,0.277559,-0.56301,15.044
4.44,-0.0724467,0.329434,-0.226517,0,0.060212,0.277472,-0.562981,15.052
4.442,-0.0731198,0.32899,-0.228257,0,0.0602142,0.277363,-0.56292,15.06
4.444,-0.0731198,0.32899,-0.228257,0,0.0602165,0.277234,-0.562826,15.0681
4.446,-0.0731198,0.32899,-0.228257,0,0.060219,0.277103,-0.562729,15.0762
4.448,-0.0731198,0.32899,-0.228257,0,0.0602212,0.277003,-0.562686,15.0842
4.45,-0.0731198,0.32899,-0.228257,0,0.0602234,0.276925,-0.562687,15.0923
4.452,-0.0731198,0.32899,-0.228257,0,0.0602253,0.276864,-0.562718,15.1004
4.454,-0.0731198,0.32899,-0.228257,0,0.0602272,0.276816,-0.562772,15.1084
4.456,-0.0731198,0.32899,-0.228257,0,0.0602289,0.276776,-0.562837,15.1165
4.458,-0.0731198,0.32899,-0.228257,0,0.0602305,0.276743,-0.562907,15.1246
4.46,-0.0731198,0.32899,-0.228257,0,0.060232,0.276716,-0.562975,15.1326
4.462,-0.0701801,0.336376,-0.230203,0,0.0602334,0.276682,-0.563033,15.1407
4.464,-0.0701801,0.336376,-0.230203,0,0.0602352,0.276637,-0.563076,15.1488
4.466,-0.0701801,0.336376,-0.230203,0,0.0602375,0.276579,-0.563098,15.1569
4.468,-0.0701801,0.336376,-0.230203,0,0.0602403,0.276505,-0.563097,15.1649
4.47,-0.0701801,0.336376,-0.230203,0,0.0602435,0.276415,-0.563068,15.173
4.472,-0.0701801,0.336376,-0.230203,0,0.060247,0.276309,-0.563009,15.1812
4.474,-0.0701801,0.336376,-0.230203,0,0.0602509,0.276189,-0.562917,15.1893
4.476,-0.0701801,0.336376,-0.230203,0,0.0602548,0.276085,-0.562853,15.1974
4.478,-0.0701801,0.336376,-0.230203,0,0.0602585,0.276008,-0.562841,15.2055
4.48,-0.0701801,0.336376,-0.230203,0,0.0602619,0.275952,-0.562868,15.2136
4.482,-0.0715391,0.329188,-0.227235,0,0.060265,0.275909,-0.562923,15.2217
4.484,-0.0715391,0.329188,-0.227235,0,0.060268,0.275876,-0.562994,15.2298
4.486,-0.0715391,0.329188,-0.227235,0,0.0602707,0.275848,-0.563074,15.2379
4.488,-0.0715391,0.329188,-0.227235,0,0.0602731,0.275825,-0.563156,15.2461
4.49,-0.0715391,0.329188,-0.227235,0,0.0602754,0.275801,-0.56323,15.2542
4.492,-0.0715391,0.329188,-0.227235,0,0.0602777,0.275765,-0.563289,15.2623
4.494,-0.0715391,0.329188,-0.227235,0,0.0602801,0.275713,-0.56333,15.2704
4.496,-0.0715391,0.329188,-0.227235,0,0.0602826,0.275643,-0.563347,15.2786
4.498,-0.0715391,0.329188,-0.227235,0,0.0602854,0.275554,-0.563336,15.2867
4.5,-0.0715391,0.329188,-0.227235,0,0.0602883,0.275444,-0.563295,15.2949
4.502,-0.072759,0.326105,-0.227962,0,0.0602913,0.275315,-0.56322,15.3031
4.504,-0.072759,0.326105,-0.227962,0,0.0602945,0.275185,-0.563141,15.3113
4.506,-0.072759,0.326105,-0.227962,0,0.0602973,0.275084,-0.563116,15.3195
4.508,-0.072759,0.326105,-0.227962,0,0.0602999,0.275004,-0.563134,15.3277
4.51,-0.072759,0.326105,-0.227962,0,0.0603022,0.274941,-0.563183,15.3359
4.512,-0.072759,0.326105,-0.227962,0,0.0603044,0.27489,-0.563252,15.344
4.514,-0.072759,0.326105,-0.227962,0,0.0603063,0.274849,-0.563332,15.3522
4.516,-0.072759,0.326105,-0.227962,0,0.0603081,0.274815,-0.563416,15.3604
4.518,-0.072759,0.326105,-0.227962,0,0.0603096,0.274787,-0.563496,15.3686
4.52,-0.072759,0.326105,-0.227962,0,0.0603111,0.274751,-0.563564,15.3768
4.522,-0.0703503,0.33457,-0.230242,0,0.0603128,0.274698,-0.563614,15.385
4.524,-0.0703503,0.33457,-0.230242,0,0.0603149,0.27463,-0.563643,15.3932
4.526,-0.0703503,0.33457,-0.230242,0,0.0603174,0.274544,-0.563646,15.4014
4.528,-0.0703503,0.33457,-0.230242,0,0.0603203,0.274442,-0.56362,15.4097
4.53,-0.0703503,0.33457,-0.230242,0,0.0603236,0.274324,-0.563562,15.4179
4.532,-0.0703503,0.33457,-0.230242,0,0.0603272,0.274208,-0.563501,15.4262
4.534,-0.0703503,0.33457,-0.230242,0,0.0603306,0.274119,-0.56349,15.4344
4.536,-0.0703503,0.33457,-0.230242,0,0.0603338,0.274053,-0.563518,15.4426
4.538,-0.0703503,0.33457,-0.230242,0,0.0603368,0.274002,-0.563576,15.4508
4.54,-0.0703503,0.33457,-0.230242,0,0.0603396,0.273963,-0.563652,15.459
4.542,-0.0703444,0.33252,-0.228164,0,0.0603424,0.273931,-0.563739,15.4671
4.544,-0.0703444,0.33252,-0.228164,0,0.060345,0.273906,-0.563829,15.4753
4.546,-0.0703444,0.33252,-0.228164,0,0.0603475,0.273885,-0.563914,15.4835
4.548,-0.0703444,0.33252,-0.228164,0,0.0603499,0.273863,-0.563988,15.4917
4.55,-0.0703444,0.33252,-0.228164,0,0.0603525,0.273828,-0.564046,15.4999
4.552,-0.0703444,0.33252,-0.228164,0,0.0603552,0.273777,-0.564081,15.508
4.554,-0.0703444,0.33252,-0.228164,0,0.0603582,0.273708,-0.56409,15.5162
4.556,-0.0703444,0.33252,-0.228164,0,0.0603614,0.27362,-0.564069,15.5244
4.558,-0.0703444,0.33252,-0.228164,0,0.0603649,0.273515,-0.564016,15.5326
4.56,-0.0703444,0.33252,-0.228164,0,0.0603687,0.273394,-0.563927,15.5409
4.562,-0.0723682,0.321835,-0.227745,0,0.0603724,0.273288,-0.563865,15.5491
4.564,-0.0723682,0.321835,-0.227745,0,0.0603758,0.273206,-0.563851,15.5573
4.566,-0.0723682,0.321835,-0.227745,0,0.0603788,0.273141,-0.563874,15.5655
4.568,-0.0723682,0.321835,-0.227745,0,0.0603815,0.273089,-0.563925,15.5738
4.57,-0.0723682,0.321835,-0.227745,0,0.060384,0.273047,-0.563992,15.582
4.572,-0.0723682,0.321835,-0.227745,0,0.0603862,0.273013,-0.564068,15.5902
4.574,-0.0723682,0.321835,-0.227745,0,0.0603881,0.272985,-0.564145,15.5984
4.576,-0.0723682,0.321835,-0.227745,0,0.0603896,0.272961,-0.564216,15.6067
4.578,-0.0723682,0.321835,-0.227745,0,0.0603912,0.272927,-0.564275,15.6149
4.58,-0.0723682,0.321835,-0.227745,0,0.0603931,0.272874,-0.564314,15.6232
4.582,-0.0705394,0.332993,-0.230934,0,0.060395,0.272798,-0.56433,15.6315
4.584,-0.0705394,0.332993,-0.230934,0,0.0603974,0.272701,-0.564317,15.6398
4.586,-0.0705394,0.332993,-0.230934,0,0.0604002,0.272588,-0.564275,15.6481
4.588,-0.0705394,0.332993,-0.230934,0,0.0604034,0.272459,-0.564199,15.6564
4.59,-0.0705394,0.332993,-0.230934,0,0.060407,0.272331,-0.564122,15.6647
4.592,-0.0705394,0.332993,-0.230934,0,0.0604104,0.272233,-0.564097,15.673
4.594,-0.0705394,0.332993,-0.230934,0,0.0604137,0.272157,-0.564115,15.6812
4.596,-0.0705394,0.332993,-0.230934,0,0.0604169,0.272097,-0.564165,15.6895
4.598,-0.0705394,0.332993,-0.230934,0,0.0604199,0.27205,-0.564235,15.6978
4.6,-0.0705394,0.332993,-0.230934,0,0.0604228,0.272013,-0.564317,15.7061
4.602,-0.0693159,0.333224,-0.22903,0,0.0604257,0.271983,-0.564402,15.7143
4.604,-0.0693159,0.333224,-0.22903,0,0.0604284,0.27196,-0.564483,15.7226
4.606,-0.0693159,0.333224,-0.22903,0,0.0604312,0.271929,-0.564552,15.7309
4.608,-0.0693159,0.333224,-0.22903,0,0.0604343,0.271886,-0.564604,15.7391
4.61,-0.0693159,0.333224,-0.22903,0,0.0604376,0.271827,-0.564633,15.7474
4.612,-0.0693159,0.333224,-0.22903,0,0.0604413,0.271751,-0.564635,15.7557
4.614,-0.0693159,0.333224,-0.22903,0,0.0604452,0.271659,-0.564608,15.7639
4.616,-0.0693159,0.333224,-0.22903,0,0.0604494,0.271551,-0.564546,15.7722
4.618,-0.0693159,0.333224,-0.22903,0,0.0604538,0.271444,-0.564481,15.7805
4.62,-0.0693159,0.333224,-0.22903,0,0.0604579,0.271364,-0.564467,15.7888
4.622,-0.0709524,0.325798,-0.227881,0,0.0604618,0.271304,-0.564492,15.7971
4.624,-0.0709524,0.325798,-0.227881,0,0.0604653,0.271259,-0.564547,15.8053
4.626,-0.0709524,0.325798,-0.227881,0,0.0604686,0.271223,-0.56462,15.8136
4.628,-0.0709524,0.325798,-0.227881,0,0.0604715,0.271195,-0.564703,15.8218
4.63,-0.0709524,0.325798,-0.227881,0,0.0604742,0.271173,-0.564788,15.8301
4.632,-0.0709524,0.325798,-0.227881,0,0.0604766,0.271155,-0.564868,15.8383
4.634,-0.0709524,0.325798,-0.227881,0,0.0604789,0.271135,-0.564937,15.8466
4.636,-0.0709524,0.325798,-0.227881,0,0.0604813,0.271098,-0.564989,15.8549
4.638,-0.0709524,0.325798,-0.227881,0,0.0604838,0.271042,-0.565018,15.8632
4.64,-0.0709524,0.325798,-0.227881,0,0.0604864,0.270964,-0.565019,15.8714
4.642,-0.070861,0.329164,-0.22952,0,0.0604893,0.270864,-0.564988,15.8797
4.644,-0.070861,0.329164,-0.22952,0,0.0604924,0.270744,-0.564924,15.8881
4.646,-0.070861,0.329164,-0.22952,0,0.0604958,0.270607,-0.564824,15.8964
4.648,-0.070861,0.329164,-0.22952,0,0.0604993,0.270487,-0.564752,15.9047
4.65,-0.070861,0.329164,-0.22952,0,0.0605026,0.270393,-0.564732,15.913
4.652,-0.070861,0.329164,-0.22952,0,0.0605057,0.27032,-0.564751,15.9213
4.654,-0.070861,0.329164,-0.22952,0,0.0605087,0.270263,-0.564798,15.9296
4.656,-0.070861,0.329164,-0.22952,0,0.0605116,0.270218,-0.564863,15.9379
4.658,-0.070861,0.329164,-0.22952,0,0.0605144,0.270183,-0.564937,15.9462
4.66,-0.070861,0.329164,-0.22952,0,0.0605169,0.270155,-0.565011,15.9545
4.662,-0.0682156,0.33427,-0.230009,0,0.0605194,0.270127,-0.565079,15.9629
4.664,-0.0682156,0.33427,-0.230009,0,0.0605221,0.270089,-0.565132,15.9712
4.666,-0.0682156,0.33427,-0.230009,0,0.0605253,0.270038,-0.565166,15.9795
4.668,-0.0682156,0.33427,-0.230009,0,0.0605288,0.269972,-0.565177,15.9878
4.67,-0.0682156,0.33427,-0.230009,0,0.0605329,0.26989,-0.565159,15.9961
4.672,-0.0682156,0.33427,-0.230009,0,0.0605373,0.269794,-0.565111,16.0044
4.674,-0.0682156,0.33427,-0.230009,0,0.0605422,0.269684,-0.565028,16.0127
4.676,-0.0682156,0.33427,-0.230009,0,0.060547,0.26959,-0.564972,16.021
4.678,-0.0682156,0.33427,-0.230009,0,0.0605516,0.269521,-0.564967,16.0293
4.68,-0.0682156,0.33427,-0.230009,0,0.0605558,0.269471,-0.565,16.0376
4.682,-0.0698199,0.327122,-0.227825,0,0.0605597,0.269434,-0.565059,16.0459
4.684,-0.0698199,0.327122,-0.227825,0,0.0605634,0.269405,-0.565134,16.0541
4.686,-0.0698199,0.327122,-0.227825,0,0.0605667,0.269383,-0.565216,16.0624
4.688,-0.0698199,0.327122,-0.227825,0,0.0605697,0.269367,-0.565297,16.0707
4.69,-0.0698199,0.327122,-0.227825,0,0.0605724,0.269354,-0.565371,16.079
4.692,-0.0698199,0.327122,-0.227825,0,0.0605751,0.269335,-0.565432,16.0872
4.694,-0.0698199,0.327122,-0.227825,0,0.0605779,0.269304,-0.565475,16.0955
4.696,-0.0698199,0.327122,-0.227825,0,0.0605809,0.269255,-0.565492,16.1038
4.698,-0.0698199,0.327122,-0.227825,0,0.0605841,0.269185,-0.565481,16.1121
4.7,-0.0698199,0.327122,-0.227825,0,0.0605875,0.269094,-0.565436,16.1205
4.702,-0.0708248,0.324593,-0.2289,0,0.0605911,0.268982,-0.565355,16.1288
4.704,-0.0708248,0.324593,-0.2289,0,0.0605948,0.268882,-0.565301,16.1371
4.706,-0.0708248,0.324593,-0.2289,0,0.0605983,0.268806,-0.565294,16.1454
4.708,-0.0708248,0.324593,-0.2289,0,0.0606015,0.268748,-0.565323,16.1537
4.71,-0.0708248,0.324593,-0.2289,0,0.0606045,0.268703,-0.565378,16.162
4.712,-0.0708248,0.324593,-0.2289,0,0.0606074,0.268668,-0.565449,16.1703
4.714,-0.0708248,0.324593,-0.2289,0,0.06061,0.268641,-0.565526,16.1786
4.716,-0.0708248,0.324593,-0.2289,0,0.0606125,0.268619,-0.565604,16.1869
4.718,-0.0708248,0.324593,-0.2289,0,0.0606146,0.268602,-0.565676,16.1952
4.72,-0.0708248,0.324593,-0.2289,0,0.0606167,0.268584,-0.565735,16.2035
4.722,-0.0683049,0.333821,-0.230741,0,0.0606191,0.268552,-0.565776,16.2118
4.724,-0.0683049,0.333821,-0.230741,0,0.0606218,0.268505,-0.565794,16.2201
4.726,-0.0683049,0.333821,-0.230741,0,0.0606251,0.268441,-0.565784,16.2284
4.728,-0.0683049,0.333821,-0.230741,0,0.0606289,0.26836,-0.565742,16.2367
4.73,-0.0683049,0.333821,-0.230741,0,0.0606333,0.268261,-0.565665,16.245
4.732,-0.0683049,0.333821,-0.230741,0,0.060638,0.268162,-0.565585,16.2533
4.734,-0.0683049,0.333821,-0.230741,0,0.0606426,0.268091,-0.565557,16.2616
4.736,-0.0683049,0.333821,-0.230741,0,0.060647,0.268042,-0.56557,16.2699
4.738,-0.0683049,0.333821,-0.230741,0,0.0606512,0.268008,-0.565613,16.2781
4.74,-0.0683049,0.333821,-0.230741,0,0.0606552,0.267983,-0.565676,16.2864
4.742,-0.0688528,0.33066,-0.228558,0,0.0606591,0.267965,-0.565748,16.2946
4.744,-0.0688528,0.33066,-0.228558,0,0.0606627,0.267952,-0.565823,16.3028
4.746,-0.0688528,0.33066,-0.228558,0,0.0606661,0.267942,-0.565893,16.3111
4.748,-0.0688528,0.33066,-0.228558,0,0.0606695,0.267933,-0.565952,16.3193
4.75,-0.0688528,0.33066,-0.228558,0,0.0606729,0.267917,-0.565995,16.3276
4.752,-0.0688528,0.33066,-0.228558,0,0.0606765,0.267888,-0.566016,16.3358
4.754,-0.0688528,0.33066,-0.228558,0,0.0606804,0.267843,-0.56601,16.344
4.756,-0.0688528,0.33066,-0.228558,0,0.0606845,0.267779,-0.565973,16.3523
4.758,-0.0688528,0.33066,-0.228558,0,0.0606889,0.267695,-0.565901,16.3605
4.76,-0.0688528,0.33066,-0.228558,0,0.0606934,0.267609,-0.565825,16.3688
4.762,-0.0707119,0.323196,-0.228486,0,0.0606977,0.26755,-0.5658,16.377
4.764,-0.0707119,0.323196,-0.228486,0,0.0607018,0.267509,-0.565814,16.3853
4.766,-0.0707119,0.323196,-0.228486,0,0.0607056,0.267481,-0.565856,16.3935
4.768,-0.0707119,0.323196,-0.228486,0,0.060709,0.267461,-0.565916,16.4017
4.77,-0.0707119,0.323196,-0.228486,0,0.060712,0.267446,-0.565986,16.4099
4.772,-0.0707119,0.323196,-0.228486,0,0.0607148,0.267435,-0.566059,16.4181
4.774,-0.0707119,0.323196,-0.228486,0,0.0607172,0.267427,-0.566127,16.4263
4.776,-0.0707119,0.323196,-0.228486,0,0.0607194,0.267421,-0.566186,16.4346
4.778,-0.0707119,0.323196,-0.228486,0,0.0607217,0.267409,-0.56623,16.4428
4.78,-0.0707119,0.323196,-0.228486,0,0.0607242,0.267382,-0.566253,16.451
4.782,-0.0692378,0.332367,-0.230517,0,0.060727,0.267337,-0.56625,16.4593
4.784,-0.0692378,0.332367,-0.230517,0,0.0607301,0.267273,-0.566217,16.4675
4.786,-0.0692378,0.332367,-0.230517,0,0.0607337,0.267193,-0.566151,16.4758
4.788,-0.0692378,0.332367,-0.230517,0,0.0607377,0.267096,-0.566049,16.484
4.79,-0.0692378,0.332367,-0.230517,0,0.0607419,0.267013,-0.565975,16.4922
4.792,-0.0692378,0.332367,-0.230517,0,0.0607461,0.266958,-0.565952,16.5005
4.794,-0.0692378,0.332367,-0.230517,0,0.0607501,0.266924,-0.565966,16.5087
4.796,-0.0692378,0.332367,-0.230517,0,0.0607541,0.266905,-0.566009,16.5169
4.798,-0.0692378,0.332367,-0.230517,0,0.0607578,0.266894,-0.566067,16.5251
4.8,-0.0692378,0.332367,-0.230517,0,0.0607615,0.266887,-0.566133,16.5333
4.802,-0.0683518,0.332933,-0.229111,0,0.060765,0.266883,-0.5662,16.5415
4.804,-0.0683518,0.332933,-0.229111,0,0.0607684,0.266882,-0.56626,16.5497
4.806,-0.0683518,0.332933,-0.229111,0,0.0607717,0.266881,-0.566309,16.5578
4.808,-0.0683518,0.332933,-0.229111,0,0.0607754,0.266875,-0.566342,16.566
4.81,-0.0683518,0.332933,-0.229111,0,0.0607793,0.266857,-0.566352,16.5742
4.812,-0.0683518,0.332933,-0.229111,0,0.0607835,0.266825,-0.566335,16.5824
4.814,-0.0683518,0.332933,-0.229111,0,0.060788,0.266775,-0.566287,16.5906
4.816,-0.0683518,0.332933,-0.229111,0,0.0607929,0.266706,-0.566204,16.5988
4.818,-0.0683518,0.332933,-0.229111,0,0.0607981,0.266636,-0.566117,16.607
4.82,-0.0683518,0.332933,-0.229111,0,0.0608032,0.266591,-0.566084,16.6151
4.822,-0.0702547,0.324869,-0.228234,0,0.060808,0.266568,-0.566092,16.6233
4.824,-0.0702547,0.324869,-0.228234,0,0.0608125,0.266559,-0.566131,16.6315
4.826,-0.0702547,0.324869,-0.228234,0,0.0608167,0.266558,-0.566188,16.6396
4.828,-0.0702547,0.324869,-0.228234,0,0.0608205,0.266559,-0.566254,16.6478
4.83,-0.0702547,0.324869,-0.228234,0,0.0608239,0.266561,-0.566322,16.6559
4.832,-0.0702547,0.324869,-0.228234,0,0.0608269,0.266565,-0.566386,16.6641
4.834,-0.0702547,0.324869,-0.228234,0,0.0608297,0.266569,-0.56644,16.6722
4.836,-0.0702547,0.324869,-0.228234,0,0.0608326,0.266567,-0.56648,16.6804
4.838,-0.0702547,0.324869,-0.228234,0,0.0608357,0.266554,-0.566499,16.6886
4.84,-0.0702547,0.324869,-0.228234,0,0.0608391,0.266523,-0.566492,16.6968
4.842,-0.0698852,0.329907,-0.229746,0,0.0608426,0.266473,-0.566454,16.705
4.844,-0.0698852,0.329907,-0.229746,0,0.0608464,0.266402,-0.566382,16.7132
4.846,-0.0698852,0.329907,-0.229746,0,0.0608505,0.26633,-0.566305,16.7214
4.848,-0.0698852,0.329907,-0.229746,0,0.0608546,0.266283,-0.566279,16.7295
4.85,-0.0698852,0.329907,-0.229746,0,0.0608586,0.266257,-0.566292,16.7377
4.852,-0.0698852,0.329907,-0.229746,0,0.0608626,0.266246,-0.566334,16.7458
4.854,-0.0698852,0.329907,-0.229746,0,0.0608664,0.266244,-0.566394,16.7539
4.856,-0.0698852,0.329907,-0.229746,0,0.0608701,0.266245,-0.566463,16.762
4.858,-0.0698852,0.329907,-0.229746,0,0.0608736,0.266249,-0.566535,16.7702
4.86,-0.0698852,0.329907,-0.229746,0,0.0608769,0.266253,-0.566601,16.7783
4.862,-0.0681339,0.335291,-0.229959,0,0.0608799,0.266258,-0.566658,16.7864
4.864,-0.0681339,0.335291,-0.229959,0,0.0608831,0.266262,-0.566702,16.7945
4.866,-0.0681339,0.335291,-0.229959,0,0.0608867,0.266262,-0.566727,16.8026
4.868,-0.0681339,0.335291,-0.229959,0,0.0608906,0.266252,-0.566727,16.8107
4.87,-0.0681339,0.335291,-0.229959,0,0.0608949,0.266228,-0.566699,16.8188
4.872,-0.0681339,0.335291,-0.229959,0,0.0608997,0.266188,-0.566637,16.8269
4.874,-0.0681339,0.335291,-0.229959,0,0.0609051,0.266131,-0.566541,16.835
4.876,-0.0681339,0.335291,-0.229959,0,0.0609106,0.266087,-0.566469,16.843
4.878,-0.0681339,0.335291,-0.229959,0,0.0609159,0.266067,-0.566445,16.8511
4.88,-0.0681339,0.335291,-0.229959,0,0.060921,0.266066,-0.566458,16.8591
4.882,-0.0700945,0.328174,-0.228293,0,0.060926,0.266078,-0.566497,16.8672
4.884,-0.0700945,0.328174,-0.228293,0,0.0609306,0.266097,-0.566552,16.8752
4.886,-0.0700945,0.328174,-0.228293,0,0.0609348,0.266117,-0.566614,16.8832
4.888,-0.0700945,0.328174,-0.228293,0,0.0609387,0.266136,-0.566675,16.8912
4.89,-0.0700945,0.328174,-0.228293,0,0.0609422,0.266153,-0.56673,16.8992
4.892,-0.0700945,0.328174,-0.228293,0,0.0609454,0.266169,-0.566774,16.9073
4.894,-0.0700945,0.328174,-0.228293,0,0.0609488,0.26618,-0.566805,16.9153
4.896,-0.0700945,0.328174,-0.228293,0,0.0609524,0.266183,-0.566814,16.9234
4.898,-0.0700945,0.328174,-0.228293,0,0.0609562,0.26617,-0.566797,16.9314
4.9,-0.0700945,0.328174,-0.228293,0,0.0609601,0.26614,-0.56675,16.9394
4.902,-0.070981,0.327174,-0.229284,0,0.0609642,0.26609,-0.566669,16.9475
4.904,-0.070981,0.327174,-0.229284,0,0.0609685,0.266036,-0.566583,16.9556
4.906,-0.070981,0.327174,-0.229284,0,0.0609727,0.266005,-0.566545,16.9636
4.908,-0.070981,0.327174,-0.229284,0,0.0609768,0.265993,-0.566546,16.9716
4.91,-0.070981,0.327174,-0.229284,0,0.0609808,0.265997,-0.566575,16.9796
4.912,-0.070981,0.327174,-0.229284,0,0.0609845,0.266009,-0.566624,16.9876
4.914,-0.070981,0.327174,-0.229284,0,0.060988,0.266026,-0.566684,16.9956
4.916,-0.070981,0.327174,-0.229284,0,0.0609912,0.266042,-0.566745,17.0036
4.918,-0.070981,0.327174,-0.229284,0,0.0609941,0.266056,-0.566802,17.0116
4.92,-0.070981,0.327174,-0.229284,0,0.0609968,0.26607,-0.56685,17.0196
4.922,-0.0685129,0.336488,-0.230979,0,0.0609996,0.26608,-0.566886,17.0276
4.924,-0.0685129,0.336488,-0.230979,0,0.0610027,0.266085,-0.566904,17.0356
4.926,-0.0685129,0.336488,-0.230979,0,0.0610063,0.266082,-0.566899,17.0436
4.928,-0.0685129,0.336488,-0.230979,0,0.0610104,0.266065,-0.566866,17.0516
4.93,-0.0685129,0.336488,-0.230979,0,0.061015,0.266034,-0.566802,17.0595
4.932,-0.0685129,0.336488,-0.230979,0,0.0610201,0.265987,-0.566704,17.0675
4.934,-0.0685129,0.336488,-0.230979,0,0.0610255,0.265953,-0.566631,17.0755
4.936,-0.0685129,0.336488,-0.230979,0,0.0610307,0.265944,-0.566603,17.0834
4.938,-0.0685129,0.336488,-0.230979,0,0.0610357,0.265955,-0.566611,17.0913
4.94,-0.0685129,0.336488,-0.230979,0,0.0610405,0.265981,-0.566647,17.0992
4.942,-0.0702777,0.330534,-0.228194,0,0.0610452,0.266017,-0.566699,17.1071
4.944,-0.0702777,0.330534,-0.228194,0,0.0610495,0.266056,-0.566758,17.115
4.946,-0.0702777,0.330534,-0.228194,0,0.0610534,0.266093,-0.566818,17.1229
4.948,-0.0702777,0.330534,-0.228194,0,0.061057,0.266126,-0.566871,17.1308
4.95,-0.0702777,0.330534,-0.228194,0,0.0610603,0.266157,-0.566914,17.1387
4.952,-0.0702777,0.330534,-0.228194,0,0.0610636,0.266185,-0.566945,17.1466
4.954,-0.0702777,0.330534,-0.228194,0,0.0610672,0.266204,-0.566956,17.1545
4.956,-0.0702777,0.330534,-0.228194,0,0.0610709,0.266212,-0.566942,17.1624
4.958,-0.0702777,0.330534,-0.228194,0,0.0610748,0.266204,-0.5669,17.1703
4.96,-0.0702777,0.330534,-0.228194,0,0.0610788,0.266178,-0.566825,17.1782
4.962,-0.0718977,0.325451,-0.228809,0,0.061083,0.266133,-0.566715,17.1861
4.964,-0.0718977,0.325451,-0.228809,0,0.0610873,0.266097,-0.566631,17.194
4.966,-0.0718977,0.325451,-0.228809,0,0.0610915,0.266083,-0.566593,17.2019
4.968,-0.0718977,0.325451,-0.228809,0,0.0610955,0.266086,-0.566591,17.2098
4.97,-0.0718977,0.325451,-0.228809,0,0.0610993,0.266102,-0.566617,17.2177
4.972,-0.0718977,0.325451,-0.228809,0,0.0611027,0.266126,-0.566659,17.2255
4.974,-0.0718977,0.325451,-0.228809,0,0.0611059,0.266153,-0.56671,17.2334
4.976,-0.0718977,0.325451,-0.228809,0,0.0611087,0.266176,-0.566761,17.2413
4.978,-0.0718977,0.325451,-0.228809,0,0.0611111,0.266197,-0.566806,17.2492
4.98,-0.0718977,0.325451,-0.228809,0,0.0611134,0.266216,-0.566843,17.2571
4.982,-0.0690158,0.337631,-0.231126,0,0.0611158,0.266231,-0.566868,17.265
4.984,-0.0690158,0.337631,-0.231126,0,0.0611187,0.266239,-0.566874,17.2729
4.986,-0.0690158,0.337631,-0.231126,0,0.0611221,0.266239,-0.566857,17.2808
4.988,-0.0690158,0.337631,-0.231126,0,0.061126,0.266226,-0.566812,17.2887
4.99,-0.0690158,0.337631,-0.231126,0,0.0611306,0.266199,-0.566736,17.2966
4.992,-0.0690158,0.337631,-0.231126,0,0.0611356,0.266169,-0.566656,17.3044
4.994,-0.0690158,0.337631,-0.231126,0,0.0611406,0.266164,-0.566623,17.3123
4.996,-0.0690158,0.337631,-0.231126,0,0.0611456,0.26618,-0.566627,17.3201
4.998,-0.0690158,0.337631,-0.231126,0,0.0611504,0.266213,-0.566659,17.3279
5,-0.0690158,0.337631,-0.231126,0,0.061155,0.266259,-0.56671,17.3357
5.002,-0.0704813,0.333038,-0.227657,0,0.0611595,0.266312,-0.566771,17.3434
5.004,-0.0704813,0.333038,-0.227657,0,0.0611638,0.266366,-0.566835,17.3512
5.006,-0.0704813,0.333038,-0.227657,0,0.0611677,0.266417,-0.566894,17.359
5.008,-0.0704813,0.333038,-0.227657,0,0.0611712,0.266464,-0.566943,17.3667
5.01,-0.0704813,0.333038,-0.227657,0,0.0611747,0.26651,-0.566982,17.3745
5.012,-0.0704813,0.333038,-0.227657,0,0.0611783,0.266552,-0.567006,17.3823
5.014,-0.0704813,0.333038,-0.227657,0,0.0611821,0.266583,-0.567008,17.39
5.016,-0.0704813,0.333038,-0.227657,0,0.061186,0.266602,-0.566984,17.3978
5.018,-0.0704813,0.333038,-0.227657,0,0.0611901,0.266605,-0.56693,17.4056
5.02,-0.0704813,0.333038,-0.227657,0,0.0611943,0.26659,-0.566842,17.4134
5.022,-0.0725239,0.32551,-0.228062,0,0.0611987,0.266569,-0.566749,17.4211
5.024,-0.0725239,0.32551,-0.228062,0,0.0612031,0.266568,-0.566702,17.4289
5.026,-0.0725239,0.32551,-0.228062,0,0.0612073,0.266582,-0.56669,17.4366
5.028,-0.0725239,0.32551,-0.228062,0,0.0612112,0.266608,-0.566704,17.4444
5.03,-0.0725239,0.32551,-0.228062,0,0.0612149,0.266645,-0.566737,17.4521
5.032,-0.0725239,0.32551,-0.228062,0,0.0612183,0.266687,-0.566781,17.4598
5.034,-0.0725239,0.32551,-0.228062,0,0.0612212,0.266728,-0.566826,17.4675
5.036,-0.0725239,0.32551,-0.228062,0,0.0612237,0.266766,-0.566868,17.4752
5.038,-0.0725239,0.32551,-0.228062,0,0.061226,0.266798,-0.566903,17.483
5.04,-0.0725239,0.32551,-0.228062,0,0.0612282,0.266827,-0.566928,17.4907
5.042,-0.0696341,0.339814,-0.230828,0,0.0612305,0.266849,-0.566939,17.4985
5.044,-0.0696341,0.339814,-0.230828,0,0.0612334,0.266864,-0.56693,17.5062
5.046,-0.0696341,0.339814,-0.230828,0,0.0612367,0.266871,-0.566897,17.514
5.048,-0.0696341,0.339814,-0.230828,0,0.0612406,0.266866,-0.566835,17.5217
5.05,-0.0696341,0.339814,-0.230828,0,0.0612451,0.266846,-0.566743,17.5294
5.052,-0.0696341,0.339814,-0.230828,0,0.06125,0.266825,-0.566647,17.5372
5.054,-0.0696341,0.339814,-0.230828,0,0.061255,0.266827,-0.566597,17.5448
5.056,-0.0696341,0.339814,-0.230828,0,0.0612599,0.266849,-0.566584,17.5525
5.058,-0.0696341,0.339814,-0.230828,0,0.0612647,0.26689,-0.566599,17.5601
5.06,-0.0696341,0.339814,-0.230828,0,0.0612693,0.266945,-0.566635,17.5678
5.062,-0.0713285,0.333709,-0.227297,0,0.0612738,0.267009,-0.566681,17.5754
5.064,-0.0713285,0.333709,-0.227297,0,0.061278,0.267077,-0.566732,17.583
5.066,-0.0713285,0.333709,-0.227297,0,0.0612818,0.267142,-0.566778,17.5906
5.068,-0.0713285,0.333709,-0.227297,0,0.0612854,0.267204,-0.566817,17.5982
5.07,-0.0713285,0.333709,-0.227297,0,0.0612888,0.267263,-0.566846,17.6058
5.072,-0.0713285,0.333709,-0.227297,0,0.0612924,0.267317,-0.566862,17.6134
5.074,-0.0713285,0.333709,-0.227297,0,0.061296,0.267359,-0.566857,17.621
5.076,-0.0713285,0.333709,-0.227297,0,0.0612999,0.267388,-0.566827,17.6287
5.078,-0.0713285,0.333709,-0.227297,0,0.0613038,0.2674,-0.566768,17.6363
5.08,-0.0713285,0.333709,-0.227297,0,0.0613079,0.267394,-0.566678,17.6439
5.082,-0.0735251,0.326786,-0.228021,0,0.0613122,0.267368,-0.566554,17.6516
5.084,-0.0735251,0.326786,-0.228021,0,0.0613165,0.267351,-0.566455,17.6592
5.086,-0.0735251,0.326786,-0.228021,0,0.0613206,0.267351,-0.566401,17.6668
5.088,-0.0735251,0.326786,-0.228021,0,0.0613245,0.267368,-0.566384,17.6744
5.09,-0.0735251,0.326786,-0.228021,0,0.0613283,0.267398,-0.566394,17.682
5.092,-0.0735251,0.326786,-0.228021,0,0.0613317,0.267438,-0.566421,17.6896
5.094,-0.0735251,0.326786,-0.228021,0,0.0613348,0.267484,-0.566457,17.6972
5.096,-0.0735251,0.326786,-0.228021,0,0.0613375,0.267531,-0.566495,17.7048
5.098,-0.0735251,0.326786,-0.228021,0,0.0613398,0.267574,-0.566528,17.7124
5.1,-0.0735251,0.326786,-0.228021,0,0.0613419,0.267612,-0.566555,17.7201
5.102,-0.0709451,0.339584,-0.230665,0,0.061344,0.267645,-0.566572,17.7277
5.104,-0.0709451,0.339584,-0.230665,0,0.0613464,0.267671,-0.566573,17.7354
5.106,-0.0709451,0.339584,-0.230665,0,0.0613493,0.26769,-0.566554,17.743
5.108,-0.0709451,0.339584,-0.230665,0,0.0613527,0.2677,-0.566509,17.7506
5.11,-0.0709451,0.339584,-0.230665,0,0.0613566,0.267697,-0.566437,17.7583
5.112,-0.0709451,0.339584,-0.230665,0,0.061361,0.267678,-0.566333,17.7659
5.114,-0.0709451,0.339584,-0.230665,0,0.0613656,0.267671,-0.566254,17.7735
5.116,-0.0709451,0.339584,-0.230665,0,0.0613702,0.267685,-0.56622,17.7811
5.118,-0.0709451,0.339584,-0.230665,0,0.0613748,0.267718,-0.56622,17.7887
5.12,-0.0709451,0.339584,-0.230665,0,0.0613793,0.267766,-0.566247,17.7962
5.122,-0.0726446,0.33354,-0.22731,0,0.0613837,0.267828,-0.56629,17.8037
5.124,-0.0726446,0.33354,-0.22731,0,0.0613878,0.267898,-0.566341,17.8112
5.126,-0.0726446,0.33354,-0.22731,0,0.0613915,0.267971,-0.566393,17.8188
5.128,-0.0726446,0.33354,-0.22731,0,0.0613949,0.268041,-0.566439,17.8263
5.13,-0.0726446,0.33354,-0.22731,0,0.0613981,0.268107,-0.566477,17.8338
5.132,-0.0726446,0.33354,-0.22731,0,0.0614012,0.26817,-0.566504,17.8413
5.134,-0.0726446,0.33354,-0.22731,0,0.0614043,0.268226,-0.566517,17.8489
5.136,-0.0726446,0.33354,-0.22731,0,0.0614077,0.268271,-0.566507,17.8564
5.138,-0.0726446,0.33354,-0.22731,0,0.0614113,0.268301,-0.56647,17.864
5.14,-0.0726446,0.33354,-0.22731,0,0.0614149,0.268314,-0.566405,17.8715
5.142,-0.073958,0.33021,-0.227946,0,0.0614188,0.268307,-0.566306,17.8791
5.144,-0.073958,0.33021,-0.227946,0,0.0614227,0.268294,-0.566203,17.8867
5.146,-0.073958,0.33021,-0.227946,0,0.0614266,0.268299,-0.566147,17.8942
5.148,-0.073958,0.33021,-0.227946,0,0.0614305,0.268318,-0.566128,17.9017
5.15,-0.073958,0.33021,-0.227946,0,0.0614342,0.268349,-0.566135,17.9092
5.152,-0.073958,0.33021,-0.227946,0,0.0614377,0.268391,-0.566162,17.9167
5.154,-0.073958,0.33021,-0.227946,0,0.061441,0.268442,-0.566199,17.9242
5.156,-0.073958,0.33021,-0.227946,0,0.061444,0.268497,-0.566239,17.9317
5.158,-0.073958,0.33021,-0.227946,0,0.0614466,0.268554,-0.566276,17.9392
5.16,-0.073958,0.33021,-0.227946,0,0.061449,0.268607,-0.566307,17.9467
5.162,-0.0721569,0.339652,-0.229791,0,0.0614513,0.268656,-0.566329,17.9542
5.164,-0.0721569,0.339652,-0.229791,0,0.0614539,0.268699,-0.566338,17.9617
5.166,-0.0721569,0.339652,-0.229791,0,0.0614568,0.268734,-0.566328,17.9692
5.168,-0.0721569,0.339652,-0.229791,0,0.0614601,0.268759,-0.566295,17.9768
5.17,-0.0721569,0.339652,-0.229791,0,0.0614637,0.268774,-0.566235,17.9843
5.172,-0.0721569,0.339652,-0.229791,0,0.0614677,0.268776,-0.566146,17.9918
5.174,-0.0721569,0.339652,-0.229791,0,0.0614719,0.268774,-0.566053,17.9993
5.176,-0.0721569,0.339652,-0.229791,0,0.0614762,0.268791,-0.566005,18.0067
5.178,-0.0721569,0.339652,-0.229791,0,0.0614803,0.268823,-0.565991,18.0142
5.18,-0.0721569,0.339652,-0.229791,0,0.0614843,0.26887,-0.566003,18.0216
5.182,-0.074145,0.334061,-0.227411,0,0.0614882,0.26893,-0.566034,18.029
5.184,-0.074145,0.334061,-0.227411,0,0.0614919,0.268999,-0.566075,18.0364
5.186,-0.074145,0.334061,-0.227411,0,0.0614952,0.269075,-0.566119,18.0438
5.188,-0.074145,0.334061,-0.227411,0,0.0614981,0.269152,-0.56616,18.0511
5.19,-0.074145,0.334061,-0.227411,0,0.0615008,0.269227,-0.566194,18.0585
5.192,-0.074145,0.334061,-0.227411,0,0.0615033,0.2693,-0.56622,18.0659
5.194,-0.074145,0.334061,-0.227411,0,0.0615058,0.269368,-0.566235,18.0733
5.196,-0.074145,0.334061,-0.227411,0,0.0615084,0.269429,-0.566233,18.0807
5.198,-0.074145,0.334061,-0.227411,0,0.0615112,0.269477,-0.566208,18.0881
5.2,-0.074145,0.334061,-0.227411,0,0.0615141,0.269511,-0.566158,18.0956
5.202,-0.0744997,0.333543,-0.228341,0,0.0615172,0.269528,-0.566078,18.103
5.204,-0.0744997,0.333543,-0.228341,0,0.0615204,0.269527,-0.565966,18.1104
5.206,-0.0744997,0.333543,-0.228341,0,0.0615238,0.269531,-0.565876,18.1179
5.208,-0.0744997,0.333543,-0.228341,0,0.0615272,0.269549,-0.565827,18.1253
5.21,-0.0744997,0.333543,-0.228341,0,0.0615305,0.269579,-0.56581,18.1326
5.212,-0.0744997,0.333543,-0.228341,0,0.0615338,0.26962,-0.565818,18.14
5.214,-0.0744997,0.333543,-0.228341,0,0.0615369,0.26967,-0.565842,18.1474
5.216,-0.0744997,0.333543,-0.228341,0,0.0615399,0.269729,-0.565875,18.1547
5.218,-0.0744997,0.333543,-0.228341,0,0.0615427,0.269793,-0.565909,18.1621
5.22,-0.0744997,0.333543,-0.228341,0,0.0615453,0.26986,-0.565941,18.1694
5.222,-0.0735568,0.339843,-0.2291,0,0.0615477,0.269926,-0.565967,18.1768
5.224,-0.0735568,0.339843,-0.2291,0,0.0615502,0.269991,-0.565984,18.1841
5.226,-0.0735568,0.339843,-0.2291,0,0.0615529,0.270052,-0.565991,18.1915
5.228,-0.0735568,0.339843,-0.2291,0,0.0615559,0.270105,-0.565979,18.1989
5.23,-0.0735568,0.339843,-0.2291,0,0.061559,0.270147,-0.565944,18.2063
5.232,-0.0735568,0.339843,-0.2291,0,0.0615624,0.270177,-0.565883,18.2137
5.234,-0.0735568,0.339843,-0.2291,0,0.0615661,0.270194,-0.565793,18.221
5.236,-0.0735568,0.339843,-0.2291,0,0.06157,0.270194,-0.565671,18.2284
5.238,-0.0735568,0.339843,-0.2291,0,0.0615741,0.270202,-0.565574,18.2358
5.24,-0.0735568,0.339843,-0.2291,0,0.0615781,0.270227,-0.565521,18.2432
5.242,-0.0757519,0.331371,-0.22732,0,0.061582,0.270268,-0.565502,18.2505
5.244,-0.0757519,0.331371,-0.22732,0,0.0615858,0.270319,-0.565509,18.2578
5.246,-0.0757519,0.331371,-0.22732,0,0.0615892,0.270379,-0.565532,18.2651
5.248,-0.0757519,0.331371,-0.22732,0,0.0615923,0.270444,-0.565564,18.2725
5.25,-0.0757519,0.331371,-0.22732,0,0.0615951,0.270513,-0.565598,18.2798
5.252,-0.0757519,0.331371,-0.22732,0,0.0615975,0.270583,-0.565629,18.2871
5.254,-0.0757519,0.331371,-0.22732,0,0.0615997,0.270651,-0.565654,18.2944
5.256,-0.0757519,0.331371,-0.22732,0,0.0616018,0.270714,-0.56567,18.3018
5.258,-0.0757519,0.331371,-0.22732,0,0.0616039,0.270768,-0.565672,18.3092
5.26,-0.0757519,0.331371,-0.22732,0,0.0616063,0.27081,-0.565654,18.3166
5.262,-0.0748364,0.337519,-0.228642,0,0.0616089,0.27084,-0.565613,18.3239
5.264,-0.0748364,0.337519,-0.228642,0,0.0616117,0.270857,-0.565546,18.3313
5.266,-0.0748364,0.337519,-0.228642,0,0.0616149,0.270858,-0.565448,18.3387
5.268,-0.0748364,0.337519,-0.228642,0,0.0616182,0.270855,-0.565348,18.3461
5.27,-0.0748364,0.337519,-0.228642,0,0.0616216,0.270867,-0.565292,18.3535
5.272,-0.0748364,0.337519,-0.228642,0,0.0616249,0.270894,-0.565272,18.3608
5.274,-0.0748364,0.337519,-0.228642,0,0.0616281,0.270932,-0.565279,18.3681
5.276,-0.0748364,0.337519,-0.228642,0,0.0616312,0.270981,-0.565305,18.3755
5.278,-0.0748364,0.337519,-0.228642,0,0.0616342,0.271039,-0.565341,18.3828
5.28,-0.0748364,0.337519,-0.228642,0,0.0616371,0.271105,-0.565382,18.39
5.282,-0.0747875,0.339289,-0.227595,0,0.0616397,0.271176,-0.565421,18.3973
5.284,-0.0747875,0.339289,-0.227595,0,0.0616422,0.271249,-0.565454,18.4046
5.286,-0.0747875,0.339289,-0.227595,0,0.0616447,0.271321,-0.565479,18.4119
5.288,-0.0747875,0.339289,-0.227595,0,0.0616473,0.271389,-0.565494,18.4192
5.29,-0.0747875,0.339289,-0.227595,0,0.0616499,0.271449,-0.565493,18.4265
5.292,-0.0747875,0.339289,-0.227595,0,0.0616527,0.271498,-0.565469,18.4339
5.294,-0.0747875,0.339289,-0.227595,0,0.0616557,0.271535,-0.565421,18.4412
5.296,-0.0747875,0.339289,-0.227595,0,0.0616588,0.271559,-0.565344,18.4485
5.298,-0.0747875,0.339289,-0.227595,0,0.0616621,0.271566,-0.565237,18.4559
5.3,-0.0747875,0.339289,-0.227595,0,0.0616656,0.27158,-0.565152,18.4632
5.302,-0.0768572,0.330814,-0.226813,0,0.061669,0.271608,-0.565107,18.4705
5.304,-0.0768572,0.330814,-0.226813,0,0.0616722,0.271647,-0.565093,18.4778
5.306,-0.0768572,0.330814,-0.226813,0,0.0616752,0.271692,-0.565103,18.485
5.308,-0.0768572,0.330814,-0.226813,0,0.061678,0.271744,-0.565127,18.4923
5.31,-0.0768572,0.330814,-0.226813,0,0.0616804,0.271801,-0.56516,18.4996
5.312,-0.0768572,0.330814,-0.226813,0,0.0616824,0.271861,-0.565194,18.5068
5.314,-0.0768572,0.330814,-0.226813,0,0.0616842,0.271923,-0.565224,18.5141
5.316,-0.0768572,0.330814,-0.226813,0,0.0616857,0.271985,-0.565249,18.5214
5.318,-0.0768572,0.330814,-0.226813,0,0.0616872,0.272045,-0.565265,18.5287
5.32,-0.0768572,0.330814,-0.226813,0,0.0616886,0.272097,-0.56527,18.536
5.322,-0.0742212,0.341737,-0.229561,0,0.0616901,0.27214,-0.565257,18.5433
5.324,-0.0742212,0.341737,-0.229561,0,0.061692,0.272174,-0.565223,18.5506
5.326,-0.0742212,0.341737,-0.229561,0,0.0616943,0.272198,-0.565163,18.558
5.328,-0.0742212,0.341737,-0.229561,0,0.0616971,0.272209,-0.565076,18.5653
5.33,-0.0742212,0.341737,-0.229561,0,0.0617004,0.272207,-0.564958,18.5726
5.332,-0.0742212,0.341737,-0.229561,0,0.0617039,0.27221,-0.564864,18.5799
5.334,-0.0742212,0.341737,-0.229561,0,0.0617074,0.272229,-0.564813,18.5872
5.336,-0.0742212,0.341737,-0.229561,0,0.0617109,0.272261,-0.564795,18.5945
5.338,-0.0742212,0.341737,-0.229561,0,0.0617144,0.272307,-0.564802,18.6018
5.34,-0.0742212,0.341737,-0.229561,0,0.0617177,0.272363,-0.564826,18.609
5.342,-0.076146,0.336916,-0.226764,0,0.061721,0.272428,-0.56486,18.6162
5.344,-0.076146,0.336916,-0.226764,0,0.061724,0.272501,-0.564896,18.6235
5.346,-0.076146,0.336916,-0.226764,0,0.0617267,0.272576,-0.564929,18.6307
5.348,-0.076146,0.336916,-0.226764,0,0.0617292,0.27265,-0.564957,18.638
5.35,-0.076146,0.336916,-0.226764,0,0.0617317,0.272722,-0.564975,18.6452
5.352,-0.076146,0.336916,-0.226764,0,0.0617342,0.272787,-0.564982,18.6525
5.354,-0.076146,0.336916,-0.226764,0,0.0617367,0.272841,-0.564971,18.6598
5.356,-0.076146,0.336916,-0.226764,0,0.0617394,0.272883,-0.564936,18.6671
5.358,-0.076146,0.336916,-0.226764,0,0.0617421,0.272912,-0.564876,18.6744
5.36,-0.076146,0.336916,-0.226764,0,0.061745,0.272926,-0.564786,18.6817
5.362,-0.0777686,0.330163,-0.226815,0,0.0617481,0.272921,-0.564665,18.689
5.364,-0.0777686,0.330163,-0.226815,0,0.0617512,0.272919,-0.564567,18.6964
5.366,-0.0777686,0.330163,-0.226815,0,0.0617542,0.272928,-0.564512,18.7037
5.368,-0.0777686,0.330163,-0.226815,0,0.0617569,0.272947,-0.564491,18.711
5.37,-0.0777686,0.330163,-0.226815,0,0.0617595,0.272974,-0.564495,18.7182
5.372,-0.0777686,0.330163,-0.226815,0,0.0617618,0.273009,-0.564515,18.7255
5.374,-0.0777686,0.330163,-0.226815,0,0.0617639,0.273049,-0.564544,18.7328
5.376,-0.0777686,0.330163,-0.226815,0,0.0617656,0.273093,-0.564575,18.7401
5.378,-0.0777686,0.330163,-0.226815,0,0.0617669,0.27314,-0.564603,18.7474
5.38,-0.0777686,0.330163,-0.226815,0,0.0617682,0.273186,-0.564625,18.7547
5.382,-0.0758139,0.340676,-0.22922,0,0.0617694,0.273228,-0.564639,18.7621
5.384,-0.0758139,0.340676,-0.22922,0,0.0617707,0.273265,-0.564641,18.7694
5.386,-0.0758139,0.340676,-0.22922,0,0.0617725,0.273295,-0.564625,18.7768
5.388,-0.0758139,0.340676,-0.22922,0,0.0617745,0.273317,-0.564587,18.7841
5.39,-0.0758139,0.340676,-0.22922,0,0.0617769,0.273329,-0.564524,18.7915
5.392,-0.0758139,0.340676,-0.22922,0,0.0617796,0.273327,-0.564431,18.7989
5.394,-0.0758139,0.340676,-0.22922,0,0.0617826,0.27332,-0.564335,18.8062
5.396,-0.0758139,0.340676,-0.22922,0,0.0617856,0.273329,-0.564284,18.8135
5.398,-0.0758139,0.340676,-0.22922,0,0.0617886,0.27335,-0.564267,18.8208
5.4,-0.0758139,0.340676,-0.22922,0,0.0617916,0.273384,-0.564276,18.8281
5.402,-0.0775879,0.335027,-0.226994,0,0.0617944,0.273428,-0.564303,18.8354
5.404,-0.0775879,0.335027,-0.226994,0,0.061797,0.273479,-0.56434,18.8427
5.406,-0.0775879,0.335027,-0.226994,0,0.0617993,0.273536,-0.564381,18.8499
5.408,-0.0775879,0.335027,-0.226994,0,0.0618013,0.273596,-0.56442,18.8572
5.41,-0.0775879,0.335027,-0.226994,0,0.0618031,0.273656,-0.564452,18.8645
5.412,-0.0775879,0.335027,-0.226994,0,0.0618048,0.273716,-0.564476,18.8717
5.414,-0.0775879,0.335027,-0.226994,0,0.0618065,0.27377,-0.56449,18.879
5.416,-0.0775879,0.335027,-0.226994,0,0.0618082,0.273816,-0.564489,18.8863
5.418,-0.0775879,0.335027,-0.226994,0,0.0618101,0.273852,-0.564467,18.8937
5.42,-0.0775879,0.335027,-0.226994,0,0.061812,0.273877,-0.564421,18.901
5.422,-0.0773581,0.334792,-0.227774,0,0.0618142,0.273887,-0.564347,18.9083
5.424,-0.0773581,0.334792,-0.227774,0,0.0618164,0.273878,-0.564242,18.9157
5.426,-0.0773581,0.334792,-0.227774,0,0.0618189,0.273861,-0.564132,18.9231
5.428,-0.0773581,0.334792,-0.227774,0,0.0618214,0.273857,-0.564067,18.9304
5.43,-0.0773581,0.334792,-0.227774,0,0.0618239,0.273864,-0.564038,18.9377
5.432,-0.0773581,0.334792,-0.227774,0,0.0618263,0.273882,-0.564035,18.945
5.434,-0.0773581,0.334792,-0.227774,0,0.0618286,0.273909,-0.564052,18.9523
5.436,-0.0773581,0.334792,-0.227774,0,0.0618309,0.273944,-0.56408,18.9596
5.438,-0.0773581,0.334792,-0.227774,0,0.0618329,0.273984,-0.564112,18.9669
5.44,-0.0773581,0.334792,-0.227774,0,0.0618348,0.274029,-0.564143,18.9742
5.442,-0.0768863,0.339475,-0.22798,0,0.0618365,0.274075,-0.564169,18.9815
5.444,-0.0768863,0.339475,-0.22798,0,0.0618383,0.274121,-0.564188,18.9888
5.446,-0.0768863,0.339475,-0.22798,0,0.0618403,0.274163,-0.564196,18.9962
5.448,-0.0768863,0.339475,-0.22798,0,0.0618423,0.274198,-0.564191,19.0035
5.45,-0.0768863,0.339475,-0.22798,0,0.0618446,0.274226,-0.564166,19.0109
5.452,-0.0768863,0.339475,-0.22798,0,0.0618469,0.274244,-0.564117,19.0182
5.454,-0.0768863,0.339475,-0.22798,0,0.0618495,0.274248,-0.56404,19.0256
5.456,-0.0768863,0.339475,-0.22798,0,0.0618523,0.274236,-0.563932,19.033
5.458,-0.0768863,0.339475,-0.22798,0,0.0618552,0.274228,-0.563847,19.0403
5.46,-0.0768863,0.339475,-0.22798,0,0.0618581,0.274235,-0.563804,19.0477
5.462,-0.0786098,0.332415,-0.226944,0,0.0618609,0.274255,-0.563793,19.055
5.464,-0.0786098,0.332415,-0.226944,0,0.0618635,0.274284,-0.563804,19.0623
5.466,-0.0786098,0.332415,-0.226944,0,0.0618659,0.27432,-0.563831,19.0696
5.468,-0.0786098,0.332415,-0.226944,0,0.0618681,0.274361,-0.563866,19.0769
5.47,-0.0786098,0.332415,-0.226944,0,0.0618699,0.274406,-0.563903,19.0842
5.472,-0.0786098,0.332415,-0.226944,0,0.0618715,0.274452,-0.563937,19.0915
5.474,-0.0786098,0.332415,-0.226944,0,0.0618729,0.274497,-0.563964,19.0989
5.476,-0.0786098,0.332415,-0.226944,0,0.0618743,0.274538,-0.563982,19.1062
5.478,-0.0786098,0.332415,-0.226944,0,0.0618757,0.274574,-0.563988,19.1136
5.48,-0.0786098,0.332415,-0.226944,0,0.0618772,0.274601,-0.563978,19.121
5.482,-0.0769044,0.338141,-0.228316,0,0.0618789,0.274617,-0.563944,19.1283
5.484,-0.0769044,0.338141,-0.228316,0,0.0618808,0.27462,-0.563884,19.1357
5.486,-0.0769044,0.338141,-0.228316,0,0.061883,0.274606,-0.563794,19.1431
5.488,-0.0769044,0.338141,-0.228316,0,0.0618855,0.274575,-0.563672,19.1506
5.49,-0.0769044,0.338141,-0.228316,0,0.0618882,0.274549,-0.563575,19.158
5.492,-0.0769044,0.338141,-0.228316,0,0.0618909,0.274539,-0.563522,19.1654
5.494,-0.0769044,0.338141,-0.228316,0,0.0618935,0.274543,-0.563503,19.1727
5.496,-0.0769044,0.338141,-0.228316,0,0.061896,0.274559,-0.563509,19.1801
5.498,-0.0769044,0.338141,-0.228316,0,0.0618983,0.274586,-0.563533,19.1875
5.5,-0.0769044,0.338141,-0.228316,0,0.0619006,0.274622,-0.563566,19.1948
5.502,-0.0776285,0.337181,-0.226587,0,0.0619027,0.274663,-0.563602,19.2022
5.504,-0.0776285,0.337181,-0.226587,0,0.0619046,0.274707,-0.563634,19.2095
5.506,-0.0776285,0.337181,-0.226587,0,0.0619065,0.274749,-0.56366,19.2169
5.508,-0.0776285,0.337181,-0.226587,0,0.0619084,0.274786,-0.563677,19.2243
5.51,-0.0776285,0.337181,-0.226587,0,0.0619102,0.274817,-0.563682,19.2317
5.512,-0.0776285,0.337181,-0.226587,0,0.0619122,0.274842,-0.56367,19.2391
5.514,-0.0776285,0.337181,-0.226587,0,0.0619142,0.274856,-0.563635,19.2465
5.516,-0.0776285,0.337181,-0.226587,0,0.0619162,0.274854,-0.563572,19.254
5.518,-0.0776285,0.337181,-0.226587,0,0.0619185,0.274835,-0.563479,19.2614
5.52,-0.0776285,0.337181,-0.226587,0,0.0619209,0.274809,-0.563382,19.2688
5.522,-0.0791488,0.329386,-0.226592,0,0.0619233,0.274799,-0.563331,19.2763
5.524,-0.0791488,0.329386,-0.226592,0,0.0619256,0.274801,-0.563314,19.2837
5.526,-0.0791488,0.329386,-0.226592,0,0.0619277,0.27481,-0.563323,19.2911
5.528,-0.0791488,0.329386,-0.226592,0,0.0619295,0.274826,-0.563349,19.2985
5.53,-0.0791488,0.329386,-0.226592,0,0.0619311,0.274848,-0.563386,19.3059
5.532,-0.0791488,0.329386,-0.226592,0,0.0619323,0.274873,-0.563426,19.3133
5.534,-0.0791488,0.329386,-0.226592,0,0.0619333,0.274899,-0.563463,19.3207
5.536,-0.0791488,0.329386,-0.226592,0,0.0619341,0.274924,-0.563494,19.3281
5.538,-0.0791488,0.329386,-0.226592,0,0.0619349,0.274946,-0.563516,19.3356
5.54,-0.0791488,0.329386,-0.226592,0,0.0619358,0.274964,-0.563528,19.343
5.542,-0.0766258,0.339394,-0.22874,0,0.0619367,0.274979,-0.563526,19.3505
5.544,-0.0766258,0.339394,-0.22874,0,0.0619379,0.274985,-0.563503,19.358
5.546,-0.0766258,0.339394,-0.22874,0,0.0619395,0.27498,-0.563455,19.3655
5.548,-0.0766258,0.339394,-0.22874,0,0.0619414,0.274959,-0.563378,19.373
5.55,-0.0766258,0.339394,-0.22874,0,0.0619437,0.27492,-0.563269,19.3805
5.552,-0.0766258,0.339394,-0.22874,0,0.0619462,0.274888,-0.563184,19.3879
5.554,-0.0766258,0.339394,-0.22874,0,0.0619488,0.274872,-0.563142,19.3954
5.556,-0.0766258,0.339394,-0.22874,0,0.0619513,0.27487,-0.563133,19.4029
5.558,-0.0766258,0.339394,-0.22874,0,0.0619537,0.274881,-0.563148,19.4103
5.56,-0.0766258,0.339394,-0.22874,0,0.0619561,0.274902,-0.563178,19.4177
5.562,-0.0781654,0.334996,-0.226379,0,0.0619583,0.274932,-0.563218,19.4252
5.564,-0.0781654,0.334996,-0.226379,0,0.0619603,0.274967,-0.563259,19.4326
5.566,-0.0781654,0.334996,-0.226379,0,0.0619621,0.275001,-0.563296,19.44
5.568,-0.0781654,0.334996,-0.226379,0,0.0619638,0.275032,-0.563325,19.4475
5.57,-0.0781654,0.334996,-0.226379,0,0.0619655,0.275058,-0.563346,19.4549
5.572,-0.0781654,0.334996,-0.226379,0,0.0619672,0.27508,-0.563354,19.4624
5.574,-0.0781654,0.334996,-0.226379,0,0.0619689,0.275095,-0.563345,19.4699
5.576,-0.0781654,0.334996,-0.226379,0,0.0619707,0.275097,-0.563311,19.4774
5.578,-0.0781654,0.334996,-0.226379,0,0.0619726,0.275082,-0.563249,19.4849
5.58,-0.0781654,0.334996,-0.226379,0,0.0619746,0.275049,-0.563156,19.4924
5.582,-0.079494,0.327283,-0.226672,0,0.0619768,0.275007,-0.563058,19.4999
5.584,-0.079494,0.327283,-0.226672,0,0.0619788,0.274979,-0.563006,19.5075
5.586,-0.079494,0.327283,-0.226672,0,0.0619807,0.274962,-0.562989,19.515
5.588,-0.079494,0.327283,-0.226672,0,0.0619824,0.274953,-0.562996,19.5224
5.59,-0.079494,0.327283,-0.226672,0,0.0619838,0.274951,-0.56302,19.5299
5.592,-0.079494,0.327283,-0.226672,0,0.061985,0.274954,-0.563056,19.5374
5.594,-0.079494,0.327283,-0.226672,0,0.0619859,0.27496,-0.563094,19.5449
5.596,-0.079494,0.327283,-0.226672,0,0.0619866,0.274968,-0.563129,19.5524
5.598,-0.079494,0.327283,-0.226672,0,0.061987,0.274975,-0.563159,19.56
5.6,-0.079494,0.327283,-0.226672,0,0.0619876,0.27498,-0.563181,19.5675
5.602,-0.0773194,0.338406,-0.228861,0,0.0619883,0.274985,-0.563193,19.575
5.604,-0.0773194,0.338406,-0.228861,0,0.0619893,0.274988,-0.563191,19.5826
5.606,-0.0773194,0.338406,-0.228861,0,0.0619905,0.274987,-0.563171,19.5901
5.608,-0.0773194,0.338406,-0.228861,0,0.0619919,0.274971,-0.563124,19.5977
5.61,-0.0773194,0.338406,-0.228861,0,0.0619937,0.274939,-0.563049,19.6053
5.612,-0.0773194,0.338406,-0.228861,0,0.0619958,0.274888,-0.562941,19.6129
5.614,-0.0773194,0.338406,-0.228861,0,0.061998,0.274844,-0.562858,19.6205
5.616,-0.0773194,0.338406,-0.228861,0,0.0620003,0.274818,-0.562819,19.628
5.618,-0.0773194,0.338406,-0.228861,0,0.0620026,0.274806,-0.562813,19.6356
5.62,-0.0773194,0.338406,-0.228861,0,0.0620048,0.274808,-0.562831,19.6431
5.622,-0.0786329,0.332963,-0.22666,0,0.0620069,0.27482,-0.562865,19.6506
5.624,-0.0786329,0.332963,-0.22666,0,0.0620088,0.274839,-0.562907,19.6582
5.626,-0.0786329,0.332963,-0.22666,0,0.0620105,0.274861,-0.562951,19.6657
5.628,-0.0786329,0.332963,-0.22666,0,0.062012,0.274881,-0.56299,19.6732
5.63,-0.0786329,0.332963,-0.22666,0,0.0620135,0.274898,-0.563021,19.6808
5.632,-0.0786329,0.332963,-0.22666,0,0.062015,0.274912,-0.563044,19.6883
5.634,-0.0786329,0.332963,-0.22666,0,0.0620165,0.274923,-0.563054,19.6959
5.636,-0.0786329,0.332963,-0.22666,0,0.0620181,0.274932,-0.563049,19.7035
5.638,-0.0786329,0.332963,-0.22666,0,0.0620197,0.274928,-0.563021,19.7111
5.64,-0.0786329,0.332963,-0.22666,0,0.0620215,0.274905,-0.562965,19.7187
5.642,-0.0782737,0.331096,-0.227179,0,0.0620233,0.274859,-0.562876,19.7264
5.644,-0.0782737,0.331096,-0.227179,0,0.0620253,0.274804,-0.562783,19.734
5.646,-0.0782737,0.331096,-0.227179,0,0.0620274,0.274764,-0.562738,19.7417
5.648,-0.0782737,0.331096,-0.227179,0,0.0620294,0.274739,-0.562729,19.7493
5.65,-0.0782737,0.331096,-0.227179,0,0.0620315,0.274724,-0.562746,19.7569
5.652,-0.0782737,0.331096,-0.227179,0,0.0620334,0.274718,-0.562779,19.7645
5.654,-0.0782737,0.331096,-0.227179,0,0.0620352,0.274718,-0.562823,19.7721
5.656,-0.0782737,0.331096,-0.227179,0,0.0620369,0.274722,-0.562869,19.7797
5.658,-0.0782737,0.331096,-0.227179,0,0.0620384,0.274726,-0.562913,19.7873
5.66,-0.0782737,0.331096,-0.227179,0,0.0620399,0.27473,-0.562949,19.795
5.662,-0.0770681,0.33749,-0.227247,0,0.0620414,0.274732,-0.562977,19.8026
5.664,-0.0770681,0.33749,-0.227247,0,0.0620431,0.274734,-0.562993,19.8102
5.666,-0.0770681,0.33749,-0.227247,0,0.062045,0.274735,-0.562995,19.8179
5.668,-0.0770681,0.33749,-0.227247,0,0.0620469,0.274725,-0.562975,19.8255
5.67,-0.0770681,0.33749,-0.227247,0,0.062049,0.274698,-0.562926,19.8332
5.672,-0.0770681,0.33749,-0.227247,0,0.0620514,0.274651,-0.562846,19.8409
5.674,-0.0770681,0.33749,-0.227247,0,0.062054,0.274598,-0.56276,19.8486
5.676,-0.0770681,0.33749,-0.227247,0,0.0620565,0.274563,-0.562722,19.8562
5.678,-0.0770681,0.33749,-0.227247,0,0.062059,0.274545,-0.562719,19.8639
5.68,-0.0770681,0.33749,-0.227247,0,0.0620614,0.27454,-0.56274,19.8715
5.682,-0.0783843,0.332962,-0.226169,0,0.0620636,0.274546,-0.562777,19.8791
5.684,-0.0783843,0.332962,-0.226169,0,0.0620657,0.274561,-0.562823,19.8867
5.686,-0.0783843,0.332962,-0.226169,0,0.0620675,0.274577,-0.562872,19.8943
5.688,-0.0783843,0.332962,-0.226169,0,0.0620691,0.274591,-0.562917,19.902
5.69,-0.0783843,0.332962,-0.226169,0,0.0620707,0.274604,-0.562955,19.9096
5.692,-0.0783843,0.332962,-0.226169,0,0.0620722,0.274614,-0.562984,19.9172
5.694,-0.0783843,0.332962,-0.226169,0,0.0620738,0.274622,-0.563001,19.9249
5.696,-0.0783843,0.332962,-0.226169,0,0.0620755,0.274628,-0.563003,19.9325
5.698,-0.0783843,0.332962,-0.226169,0,0.0620771,0.274626,-0.562985,19.9402
5.7,-0.0783843,0.332962,-0.226169,0,0.0620788,0.274603,-0.562938,19.9479
5.702,-0.0777969,0.331503,-0.227081,0,0.0620806,0.274558,-0.562859,19.9556
5.704,-0.0777969,0.331503,-0.227081,0,0.0620825,0.274502,-0.562775,19.9633
5.706,-0.0777969,0.331503,-0.227081,0,0.0620844,0.274463,-0.562736,19.971
5.708,-0.0777969,0.331503,-0.227081,0,0.0620864,0.274437,-0.562731,19.9787
5.71,-0.0777969,0.331503,-0.227081,0,0.0620883,0.274422,-0.562751,19.9864
5.712,-0.0777969,0.331503,-0.227081,0,0.0620901,0.274416,-0.562785,19.994
5.714,-0.0777969,0.331503,-0.227081,0,0.0620918,0.274415,-0.562829,20.0017
5.716,-0.0777969,0.331503,-0.227081,0,0.0620935,0.274416,-0.562876,20.0093
5.718,-0.0777969,0.331503,-0.227081,0,0.062095,0.274418,-0.562919,20.017
5.72,-0.0777969,0.331503,-0.227081,0,0.0620965,0.27442,-0.562956,20.0247
5.722,-0.0769356,0.337024,-0.227265,0,0.0620981,0.274421,-0.562984,20.0324
5.724,-0.0769356,0.337024,-0.227265,0,0.0620997,0.274421,-0.563001,20.04
5.726,-0.0769356,0.337024,-0.227265,0,0.0621016,0.27442,-0.563004,20.0477
5.728,-0.0769356,0.337024,-0.227265,0,0.0621035,0.274414,-0.562986,20.0554
5.73,-0.0769356,0.337024,-0.227265,0,0.0621055,0.274389,-0.562941,20.0631
5.732,-0.0769356,0.337024,-0.227265,0,0.0621077,0.274343,-0.562864,20.0709
5.734,-0.0769356,0.337024,-0.227265,0,0.0621102,0.274274,-0.562754,20.0786
5.736,-0.0769356,0.337024,-0.227265,0,0.0621129,0.274214,-0.562668,20.0863
5.738,-0.0769356,0.337024,-0.227265,0,0.0621154,0.274175,-0.562629,20.0941
5.74,-0.0769356,0.337024,-0.227265,0,0.062118,0.274153,-0.562623,20.1018
5.742,-0.0784627,0.330503,-0.226491,0,0.0621204,0.274146,-0.562641,20.1095
5.744,-0.0784627,0.330503,-0.226491,0,0.0621226,0.274149,-0.562675,20.1172
5.746,-0.0784627,0.330503,-0.226491,0,0.0621246,0.274154,-0.562717,20.1249
5.748,-0.0784627,0.330503,-0.226491,0,0.0621264,0.274159,-0.562761,20.1326
5.75,-0.0784627,0.330503,-0.226491,0,0.062128,0.274163,-0.562801,20.1403
5.752,-0.0784627,0.330503,-0.226491,0,0.0621296,0.274166,-0.562833,20.148
5.754,-0.0784627,0.330503,-0.226491,0,0.0621313,0.274168,-0.562856,20.1558
5.756,-0.0784627,0.330503,-0.226491,0,0.0621329,0.274169,-0.562867,20.1635
5.758,-0.0784627,0.330503,-0.226491,0,0.0621346,0.274162,-0.56286,20.1713
5.76,-0.0784627,0.330503,-0.226491,0,0.0621363,0.274134,-0.562825,20.1791
5.762,-0.0776613,0.331153,-0.227567,0,0.0621381,0.274082,-0.562759,20.1869
5.764,-0.0776613,0.331153,-0.227567,0,0.0621401,0.274004,-0.562659,20.1947
5.766,-0.0776613,0.331153,-0.227567,0,0.0621422,0.273934,-0.562585,20.2025
5.768,-0.0776613,0.331153,-0.227567,0,0.0621443,0.273882,-0.562556,20.2103
5.77,-0.0776613,0.331153,-0.227567,0,0.0621463,0.273847,-0.562562,20.2181
5.772,-0.0776613,0.331153,-0.227567,0,0.0621483,0.273824,-0.56259,20.2259
5.774,-0.0776613,0.331153,-0.227567,0,0.0621502,0.27381,-0.562634,20.2337
5.776,-0.0776613,0.331153,-0.227567,0,0.062152,0.273801,-0.562685,20.2415
5.778,-0.0776613,0.331153,-0.227567,0,0.0621537,0.273794,-0.562738,20.2493
5.78,-0.0776613,0.331153,-0.227567,0,0.0621553,0.273787,-0.562786,20.2571
5.782,-0.0767382,0.335578,-0.227162,0,0.0621569,0.273781,-0.562826,20.2649
5.784,-0.0767382,0.335578,-0.227162,0,0.0621586,0.273775,-0.562856,20.2727
5.786,-0.0767382,0.335578,-0.227162,0,0.0621604,0.27377,-0.562873,20.2805
5.788,-0.0767382,0.335578,-0.227162,0,0.0621623,0.273759,-0.562871,20.2883
5.79,-0.0767382,0.335578,-0.227162,0,0.0621643,0.273728,-0.562841,20.2962
5.792,-0.0767382,0.335578,-0.227162,0,0.0621665,0.273675,-0.56278,20.304
5.794,-0.0767382,0.335578,-0.227162,0,0.062169,0.273598,-0.562684,20.3119
5.796,-0.0767382,0.335578,-0.227162,0,0.0621716,0.27353,-0.562614,20.3197
5.798,-0.0767382,0.335578,-0.227162,0,0.0621741,0.273484,-0.56259,20.3276
5.8,-0.0767382,0.335578,-0.227162,0,0.0621766,0.273456,-0.5626,20.3354
5.802,-0.0780669,0.329868,-0.22645,0,0.062179,0.273441,-0.562632,20.3432
5.804,-0.0780669,0.329868,-0.22645,0,0.0621811,0.273435,-0.562679,20.351
5.806,-0.0780669,0.329868,-0.22645,0,0.062183,0.273431,-0.562733,20.3588
5.808,-0.0780669,0.329868,-0.22645,0,0.0621848,0.273429,-0.562788,20.3667
5.81,-0.0780669,0.329868,-0.22645,0,0.0621865,0.273426,-0.562838,20.3745
5.812,-0.0780669,0.329868,-0.22645,0,0.0621881,0.273423,-0.562879,20.3823
5.814,-0.0780669,0.329868,-0.22645,0,0.0621897,0.27342,-0.56291,20.3901
5.816,-0.0780669,0.329868,-0.22645,0,0.0621913,0.273416,-0.562927,20.398
5.818,-0.0780669,0.329868,-0.22645,0,0.062193,0.273405,-0.562925,20.4059
5.82,-0.0780669,0.329868,-0.22645,0,0.0621947,0.27337,-0.562893,20.4137
5.822,-0.0772849,0.330209,-0.227519,0,0.0621965,0.27331,-0.56283,20.4216
5.824,-0.0772849,0.330209,-0.227519,0,0.0621985,0.273223,-0.562731,20.4296
5.826,-0.0772849,0.330209,-0.227519,0,0.0622006,0.273142,-0.562658,20.4375
5.828,-0.0772849,0.330209,-0.227519,0,0.0622027,0.273083,-0.562631,20.4454
5.83,-0.0772849,0.330209,-0.227519,0,0.0622049,0.27304,-0.562639,20.4533
5.832,-0.0772849,0.330209,-0.227519,0,0.0622069,0.273009,-0.56267,20.4612
5.834,-0.0772849,0.330209,-0.227519,0,0.0622088,0.272987,-0.562716,20.469
5.836,-0.0772849,0.330209,-0.227519,0,0.0622107,0.27297,-0.56277,20.4769
5.838,-0.0772849,0.330209,-0.227519,0,0.0622124,0.272956,-0.562825,20.4848
5.84,-0.0772849,0.330209,-0.227519,0,0.0622142,0.272943,-0.562876,20.4927
5.842,-0.076381,0.334711,-0.227248,0,0.0622159,0.272932,-0.562917,20.5006
5.844,-0.076381,0.334711,-0.227248,0,0.0622177,0.272922,-0.562949,20.5085
5.846,-0.076381,0.334711,-0.227248,0,0.0622196,0.272913,-0.562966,20.5164
5.848,-0.076381,0.334711,-0.227248,0,0.0622216,0.272898,-0.562964,20.5243
5.85,-0.076381,0.334711,-0.227248,0,0.0622237,0.27286,-0.562932,20.5322
5.852,-0.076381,0.334711,-0.227248,0,0.0622261,0.272798,-0.562868,20.5401
5.854,-0.076381,0.334711,-0.227248,0,0.0622286,0.272728,-0.5628,20.5481
5.856,-0.076381,0.334711,-0.227248,0,0.0622311,0.272679,-0.562778,20.556
5.858,-0.076381,0.334711,-0.227248,0,0.0622336,0.272648,-0.562792,20.5639
5.86,-0.076381,0.334711,-0.227248,0,0.0622361,0.272631,-0.56283,20.5717
5.862,-0.077429,0.331281,-0.22664,0,0.0622384,0.272623,-0.562883,20.5796
5.864,-0.077429,0.331281,-0.22664,0,0.0622405,0.272619,-0.562944,20.5875
5.866,-0.077429,0.331281,-0.22664,0,0.0622425,0.272617,-0.563007,20.5954
5.868,-0.077429,0.331281,-0.22664,0,0.0622443,0.272615,-0.563066,20.6032
5.87,-0.077429,0.331281,-0.22664,0,0.0622461,0.272612,-0.563117,20.6111
5.872,-0.077429,0.331281,-0.22664,0,0.0622479,0.272609,-0.563157,20.619
5.874,-0.077429,0.331281,-0.22664,0,0.0622498,0.272607,-0.563184,20.6268
5.876,-0.077429,0.331281,-0.22664,0,0.0622517,0.272604,-0.563194,20.6347
5.878,-0.077429,0.331281,-0.22664,0,0.0622537,0.272592,-0.563182,20.6426
5.88,-0.077429,0.331281,-0.22664,0,0.0622556,0.272554,-0.56314,20.6505
5.882,-0.0768982,0.329154,-0.227376,0,0.0622577,0.272489,-0.563063,20.6585
5.884,-0.0768982,0.329154,-0.227376,0,0.0622599,0.272413,-0.56298,20.6664
5.886,-0.0768982,0.329154,-0.227376,0,0.0622622,0.272356,-0.562945,20.6744
5.888,-0.0768982,0.329154,-0.227376,0,0.0622645,0.272314,-0.562946,20.6823
5.89,-0.0768982,0.329154,-0.227376,0,0.0622668,0.272285,-0.562973,20.6902
5.892,-0.0768982,0.329154,-0.227376,0,0.062269,0.272265,-0.563015,20.6981
5.894,-0.0768982,0.329154,-0.227376,0,0.0622711,0.272249,-0.563066,20.706
5.896,-0.0768982,0.329154,-0.227376,0,0.0622731,0.272236,-0.56312,20.7139
5.898,-0.0768982,0.329154,-0.227376,0,0.0622751,0.272225,-0.563172,20.7218
5.9,-0.0768982,0.329154,-0.227376,0,0.062277,0.272215,-0.563216,20.7297
5.902,-0.0758965,0.335054,-0.227598,0,0.062279,0.272206,-0.56325,20.7376
5.904,-0.0758965,0.335054,-0.227598,0,0.0622811,0.272197,-0.563271,20.7455
5.906,-0.0758965,0.335054,-0.227598,0,0.0622834,0.27219,-0.563277,20.7534
5.908,-0.0758965,0.335054,-0.227598,0,0.0622857,0.272175,-0.563261,20.7614
5.91,-0.0758965,0.335054,-0.227598,0,0.0622882,0.272135,-0.563214,20.7693
5.912,-0.0758965,0.335054,-0.227598,0,0.062291,0.272069,-0.563133,20.7773
5.914,-0.0758965,0.335054,-0.227598,0,0.0622939,0.271993,-0.563047,20.7852
5.916,-0.0758965,0.335054,-0.227598,0,0.0622969,0.271941,-0.563012,20.7932
5.918,-0.0758965,0.335054,-0.227598,0,0.0622999,0.271908,-0.563014,20.8011
5.92,-0.0758965,0.335054,-0.227598,0,0.0623028,0.271889,-0.563044,20.809
5.922,-0.0770253,0.330629,-0.226757,0,0.0623056,0.271878,-0.563089,20.8169
5.924,-0.0770253,0.330629,-0.226757,0,0.0623082,0.27187,-0.563143,20.8249
5.926,-0.0770253,0.330629,-0.226757,0,0.0623107,0.271864,-0.563199,20.8328
5.928,-0.0770253,0.330629,-0.226757,0,0.0623131,0.271859,-0.563253,20.8407
5.93,-0.0770253,0.330629,-0.226757,0,0.0623154,0.271854,-0.563299,20.8486
5.932,-0.0770253,0.330629,-0.226757,0,0.0623177,0.27185,-0.563335,20.8565
5.934,-0.0770253,0.330629,-0.226757,0,0.06232,0.271845,-0.563357,20.8645
5.936,-0.0770253,0.330629,-0.226757,0,0.0623224,0.271841,-0.563364,20.8724
5.938,-0.0770253,0.330629,-0.226757,0,0.0623247,0.271819,-0.563344,20.8804
5.94,-0.0770253,0.330629,-0.226757,0,0.0623272,0.27177,-0.563293,20.8884
5.942,-0.0767981,0.327825,-0.227353,0,0.0623298,0.271693,-0.563207,20.8964
5.944,-0.0767981,0.327825,-0.227353,0,0.0623325,0.271621,-0.563145,20.9044
5.946,-0.0767981,0.327825,-0.227353,0,0.0623351,0.271568,-0.563129,20.9123
5.948,-0.0767981,0.327825,-0.227353,0,0.0623378,0.271531,-0.563146,20.9203
5.95,-0.0767981,0.327825,-0.227353,0,0.0623404,0.271504,-0.563185,20.9283
5.952,-0.0767981,0.327825,-0.227353,0,0.0623429,0.271483,-0.563236,20.9363
5.954,-0.0767981,0.327825,-0.227353,0,0.0623452,0.271467,-0.563295,20.9442
5.956,-0.0767981,0.327825,-0.227353,0,0.0623475,0.271453,-0.563354,20.9522
5.958,-0.0767981,0.327825,-0.227353,0,0.0623497,0.271441,-0.563407,20.9601
5.96,-0.0767981,0.327825,-0.227353,0,0.0623519,0.27143,-0.563452,20.9681
5.962,-0.0753319,0.335026,-0.227752,0,0.0623542,0.27142,-0.563485,20.9761
5.964,-0.0753319,0.335026,-0.227752,0,0.0623565,0.271411,-0.563504,20.984
5.966,-0.0753319,0.335026,-0.227752,0,0.062359,0.271403,-0.563504,20.992
5.968,-0.0753319,0.335026,-0.227752,0,0.0623617,0.271379,-0.563478,21
5.97,-0.0753319,0.335026,-0.227752,0,0.0623645,0.271329,-0.56342,21.008
5.972,-0.0753319,0.335026,-0.227752,0,0.0623676,0.271269,-0.563356,21.016
5.974,-0.0753319,0.335026,-0.227752,0,0.0623707,0.271229,-0.563338,21.024
5.976,-0.0753319,0.335026,-0.227752,0,0.0623738,0.271206,-0.563356,21.032
5.978,-0.0753319,0.335026,-0.227752,0,0.0623768,0.271195,-0.563398,21.04
5.98,-0.0753319,0.335026,-0.227752,0,0.0623798,0.271192,-0.563454,21.0479
5.982,-0.0762034,0.332457,-0.226786,0,0.0623827,0.271191,-0.563516,21.0558
5.984,-0.0762034,0.332457,-0.226786,0,0.0623855,0.271191,-0.56358,21.0638
5.986,-0.0762034,0.332457,-0.226786,0,0.0623881,0.27119,-0.563639,21.0717
5.988,-0.0762034,0.332457,-0.226786,0,0.0623907,0.27119,-0.563689,21.0796
5.99,-0.0762034,0.332457,-0.226786,0,0.0623933,0.271189,-0.563728,21.0875
5.992,-0.0762034,0.332457,-0.226786,0,0.0623959,0.271189,-0.563754,21.0955
5.994,-0.0762034,0.332457,-0.226786,0,0.0623986,0.271188,-0.563763,21.1034
5.996,-0.0762034,0.332457,-0.226786,0,0.0624013,0.271178,-0.563749,21.1114
5.998,-0.0762034,0.332457,-0.226786,0,0.0624041,0.271142,-0.563703,21.1194
6,-0.0762034,0.332457,-0.226786,0,0.062407,0.271079,-0.563622,21.1273
6.002,-0.0770475,0.324927,-0.227201,0,0.06241,0.271005,-0.563536,21.1353
6.004,-0.0770475,0.324927,-0.227201,0,0.0624131,0.270951,-0.563498,21.1433
6.006,-0.0770475,0.324927,-0.227201,0,0.062416,0.270912,-0.563497,21.1513
6.008,-0.0770475,0.324927,-0.227201,0,0.0624188,0.270883,-0.56352,21.1593
6.01,-0.0770475,0.324927,-0.227201,0,0.0624214,0.270862,-0.563559,21.1672
6.012,-0.0770475,0.324927,-0.227201,0,0.0624239,0.270845,-0.563607,21.1752
6.014,-0.0770475,0.324927,-0.227201,0,0.0624263,0.270831,-0.563658,21.1831
6.016,-0.0770475,0.324927,-0.227201,0,0.0624286,0.270819,-0.563706,21.1911
6.018,-0.0770475,0.324927,-0.227201,0,0.0624308,0.270808,-0.563747,21.199
6.02,-0.0770475,0.324927,-0.227201,0,0.0624331,0.270798,-0.563778,21.207
6.022,-0.0750366,0.335114,-0.228706,0,0.0624354,0.270789,-0.563795,21.215
6.024,-0.0750366,0.335114,-0.228706,0,0.0624378,0.27078,-0.563797,21.223
6.026,-0.0750366,0.335114,-0.228706,0,0.0624404,0.270765,-0.563776,21.231
6.028,-0.0750366,0.335114,-0.228706,0,0.0624433,0.270725,-0.563724,21.239
6.03,-0.0750366,0.335114,-0.228706,0,0.0624464,0.27066,-0.563638,21.247
6.032,-0.0750366,0.335114,-0.228706,0,0.0624497,0.2706,-0.563576,21.255
6.034,-0.0750366,0.335114,-0.228706,0,0.062453,0.270562,-0.56356,21.263
6.036,-0.0750366,0.335114,-0.228706,0,0.0624563,0.270539,-0.563577,21.271
6.038,-0.0750366,0.335114,-0.228706,0,0.0624596,0.270528,-0.563616,21.279
6.04,-0.0750366,0.335114,-0.228706,0,0.0624627,0.270522,-0.563668,21.2869
6.042,-0.0759769,0.331693,-0.227009,0,0.0624657,0.270519,-0.563726,21.2949
6.044,-0.0759769,0.331693,-0.227009,0,0.0624686,0.270517,-0.563783,21.3028
6.046,-0.0759769,0.331693,-0.227009,0,0.0624714,0.270515,-0.563836,21.3108
6.048,-0.0759769,0.331693,-0.227009,0,0.0624741,0.270513,-0.563879,21.3187
6.05,-0.0759769,0.331693,-0.227009,0,0.0624769,0.270511,-0.56391,21.3267
6.052,-0.0759769,0.331693,-0.227009,0,0.0624797,0.27051,-0.563927,21.3346
6.054,-0.0759769,0.331693,-0.227009,0,0.0624826,0.270509,-0.563926,21.3426
6.056,-0.0759769,0.331693,-0.227009,0,0.0624854,0.270491,-0.563898,21.3506
6.058,-0.0759769,0.331693,-0.227009,0,0.0624884,0.270447,-0.563837,21.3586
6.06,-0.0759769,0.331693,-0.227009,0,0.0624915,0.270376,-0.56374,21.3666
6.062,-0.0768912,0.324322,-0.22742,0,0.0624948,0.270311,-0.563669,21.3746
6.064,-0.0768912,0.324322,-0.22742,0,0.0624981,0.270265,-0.563645,21.3826
6.066,-0.0768912,0.324322,-0.22742,0,0.0625012,0.270231,-0.563654,21.3906
6.068,-0.0768912,0.324322,-0.22742,0,0.0625043,0.270207,-0.563686,21.3986
6.07,-0.0768912,0.324322,-0.22742,0,0.0625072,0.270189,-0.563731,21.4066
6.072,-0.0768912,0.324322,-0.22742,0,0.0625099,0.270174,-0.563783,21.4146
6.074,-0.0768912,0.324322,-0.22742,0,0.0625125,0.270161,-0.563836,21.4226
6.076,-0.0768912,0.324322,-0.22742,0,0.0625151,0.27015,-0.563884,21.4306
6.078,-0.0768912,0.324322,-0.22742,0,0.0625176,0.27014,-0.563923,21.4386
6.08,-0.0768912,0.324322,-0.22742,0,0.0625201,0.270131,-0.56395,21.4466
6.082,-0.0745435,0.33483,-0.228759,0,0.0625227,0.270122,-0.563963,21.4546
6.084,-0.0745435,0.33483,-0.228759,0,0.0625255,0.270107,-0.563955,21.4626
6.086,-0.0745435,0.33483,-0.228759,0,0.0625284,0.270069,-0.563917,21.4707
6.088,-0.0745435,0.33483,-0.228759,0,0.0625317,0.270006,-0.563846,21.4787
6.09,-0.0745435,0.33483,-0.228759,0,0.0625352,0.269933,-0.56377,21.4868
6.092,-0.0745435,0.33483,-0.228759,0,0.0625388,0.269883,-0.563744,21.4948
6.094,-0.0745435,0.33483,-0.228759,0,0.0625423,0.269851,-0.563754,21.5028
6.096,-0.0745435,0.33483,-0.228759,0,0.0625457,0.269832,-0.56379,21.5107
6.098,-0.0745435,0.33483,-0.228759,0,0.0625491,0.269822,-0.56384,21.5187
6.1,-0.0745435,0.33483,-0.228759,0,0.0625522,0.269817,-0.563899,21.5267
6.102,-0.0756777,0.331745,-0.226778,0,0.0625553,0.269813,-0.563959,21.5346
6.104,-0.0756777,0.331745,-0.226778,0,0.0625581,0.26981,-0.564014,21.5426
6.106,-0.0756777,0.331745,-0.226778,0,0.0625609,0.269808,-0.564061,21.5505
6.108,-0.0756777,0.331745,-0.226778,0,0.0625637,0.269806,-0.564097,21.5585
6.11,-0.0756777,0.331745,-0.226778,0,0.0625665,0.269805,-0.564119,21.5664
6.112,-0.0756777,0.331745,-0.226778,0,0.0625694,0.269804,-0.564123,21.5744
6.114,-0.0756777,0.331745,-0.226778,0,0.0625722,0.269795,-0.564104,21.5824
6.116,-0.0756777,0.331745,-0.226778,0,0.0625751,0.269763,-0.564054,21.5904
6.118,-0.0756777,0.331745,-0.226778,0,0.0625781,0.269706,-0.563968,21.5984
6.12,-0.0756777,0.331745,-0.226778,0,0.0625813,0.269653,-0.563906,21.6064
6.122,-0.07663,0.327262,-0.227704,0,0.0625845,0.269618,-0.563888,21.6144
6.124,-0.07663,0.327262,-0.227704,0,0.0625876,0.269596,-0.563903,21.6223
6.126,-0.07663,0.327262,-0.227704,0,0.0625907,0.269583,-0.563938,21.6303
6.128,-0.07663,0.327262,-0.227704,0,0.0625936,0.269575,-0.563985,21.6382
6.13,-0.07663,0.327262,-0.227704,0,0.0625963,0.26957,-0.564039,21.6462
6.132,-0.07663,0.327262,-0.227704,0,0.062599,0.269566,-0.564092,21.6541
6.134,-0.07663,0.327262,-0.227704,0,0.0626015,0.269562,-0.56414,21.662
6.136,-0.07663,0.327262,-0.227704,0,0.0626041,0.269559,-0.564179,21.67
6.138,-0.07663,0.327262,-0.227704,0,0.0626067,0.269556,-0.564207,21.6779
6.14,-0.07663,0.327262,-0.227704,0,0.0626094,0.269553,-0.56422,21.6859
6.142,-0.0743199,0.334524,-0.228418,0,0.0626121,0.26955,-0.564215,21.6939
6.144,-0.0743199,0.334524,-0.228418,0,0.0626149,0.269531,-0.564183,21.7018
6.146,-0.0743199,0.334524,-0.228418,0,0.062618,0.269488,-0.564119,21.7098
6.148,-0.0743199,0.334524,-0.228418,0,0.0626214,0.269419,-0.564019,21.7178
6.15,-0.0743199,0.334524,-0.228418,0,0.062625,0.269357,-0.563945,21.7258
6.152,-0.0743199,0.334524,-0.228418,0,0.0626287,0.269314,-0.563918,21.7338
6.154,-0.0743199,0.334524,-0.228418,0,0.0626324,0.269288,-0.563925,21.7417
6.156,-0.0743199,0.334524,-0.228418,0,0.062636,0.269274,-0.563954,21.7497
6.158,-0.0743199,0.334524,-0.228418,0,0.0626395,0.269267,-0.563997,21.7576
6.16,-0.0743199,0.334524,-0.228418,0,0.0626429,0.269264,-0.564047,21.7655
6.162,-0.0755746,0.332027,-0.226817,0,0.0626462,0.269262,-0.564097,21.7734
6.164,-0.0755746,0.332027,-0.226817,0,0.0626494,0.269261,-0.564141,21.7813
6.166,-0.0755746,0.332027,-0.226817,0,0.0626525,0.26926,-0.564177,21.7893
6.168,-0.0755746,0.332027,-0.226817,0,0.0626556,0.26926,-0.564202,21.7972
6.17,-0.0755746,0.332027,-0.226817,0,0.0626587,0.26926,-0.564211,21.8051
6.172,-0.0755746,0.332027,-0.226817,0,0.0626619,0.26926,-0.564203,21.8131
6.174,-0.0755746,0.332027,-0.226817,0,0.062665,0.269246,-0.564168,21.821
6.176,-0.0755746,0.332027,-0.226817,0,0.0626683,0.269209,-0.5641,21.829
6.178,-0.0755746,0.332027,-0.226817,0,0.0626717,0.269162,-0.564028,21.8369
6.18,-0.0755746,0.332027,-0.226817,0,0.0626751,0.269133,-0.564003,21.8449
6.182,-0.076505,0.329357,-0.227768,0,0.0626786,0.269116,-0.564014,21.8528
6.184,-0.076505,0.329357,-0.227768,0,0.062682,0.26911,-0.564048,21.8607
6.186,-0.076505,0.329357,-0.227768,0,0.0626853,0.269111,-0.564097,21.8686
6.188,-0.076505,0.329357,-0.227768,0,0.0626885,0.269115,-0.564152,21.8765
6.19,-0.076505,0.329357,-0.227768,0,0.0626915,0.269119,-0.564209,21.8844
6.192,-0.076505,0.329357,-0.227768,0,0.0626944,0.269123,-0.564261,21.8923
6.194,-0.076505,0.329357,-0.227768,0,0.0626972,0.269126,-0.564304,21.9002
6.196,-0.076505,0.329357,-0.227768,0,0.0627001,0.269129,-0.564338,21.9081
6.198,-0.076505,0.329357,-0.227768,0,0.062703,0.269131,-0.564358,21.916
6.2,-0.076505,0.329357,-0.227768,0,0.062706,0.269133,-0.56436,21.9239
6.202,-0.0742486,0.334647,-0.228048,0,0.062709,0.269134,-0.564342,21.9318
6.204,-0.0742486,0.334647,-0.228048,0,0.0627121,0.26912,-0.564297,21.9397
6.206,-0.0742486,0.334647,-0.228048,0,0.0627155,0.269081,-0.564217,21.9477
6.208,-0.0742486,0.334647,-0.228048,0,0.0627192,0.269032,-0.564132,21.9556
6.21,-0.0742486,0.334647,-0.228048,0,0.062723,0.269,-0.564096,21.9635
6.212,-0.0742486,0.334647,-0.228048,0,0.0627268,0.268983,-0.564097,21.9714
6.214,-0.0742486,0.334647,-0.228048,0,0.0627307,0.268977,-0.564122,21.9793
6.216,-0.0742486,0.334647,-0.228048,0,0.0627346,0.26898,-0.564163,21.9872
6.218,-0.0742486,0.334647,-0.228048,0,0.0627383,0.268987,-0.56421,21.995
6.22,-0.0742486,0.334647,-0.228048,0,0.062742,0.268995,-0.564259,22.0029
6.222,-0.0754338,0.33358,-0.226849,0,0.0627455,0.269002,-0.564304,22.0107
6.224,-0.0754338,0.33358,-0.226849,0,0.062749,0.269008,-0.564341,22.0186
6.226,-0.0754338,0.33358,-0.226849,0,0.0627525,0.269014,-0.564368,22.0264
6.228,-0.0754338,0.33358,-0.226849,0,0.0627561,0.269019,-0.564382,22.0343
6.23,-0.0754338,0.33358,-0.226849,0,0.0627596,0.269024,-0.564378,22.0421
6.232,-0.0754338,0.33358,-0.226849,0,0.0627631,0.269022,-0.564351,22.05
6.234,-0.0754338,0.33358,-0.226849,0,0.0627667,0.269,-0.564294,22.0579
6.236,-0.0754338,0.33358,-0.226849,0,0.0627704,0.268955,-0.564203,22.0658
6.238,-0.0754338,0.33358,-0.226849,0,0.0627742,0.268916,-0.564136,22.0737
6.24,-0.0754338,0.33358,-0.226849,0,0.062778,0.268892,-0.564113,22.0815
6.242,-0.0769812,0.329494,-0.227585,0,0.0627818,0.268881,-0.564122,22.0894
6.244,-0.0769812,0.329494,-0.227585,0,0.0627854,0.26888,-0.564151,22.0972
6.246,-0.0769812,0.329494,-0.227585,0,0.0627889,0.268885,-0.564192,22.105
6.248,-0.0769812,0.329494,-0.227585,0,0.0627921,0.268893,-0.564239,22.1128
6.25,-0.0769812,0.329494,-0.227585,0,0.0627952,0.268902,-0.564285,22.1206
6.252,-0.0769812,0.329494,-0.227585,0,0.062798,0.26891,-0.564326,22.1284
6.254,-0.0769812,0.329494,-0.227585,0,0.0628009,0.268917,-0.564359,22.1363
6.256,-0.0769812,0.329494,-0.227585,0,0.0628038,0.268923,-0.564382,22.1441
6.258,-0.0769812,0.329494,-0.227585,0,0.0628067,0.268929,-0.564389,22.1519
6.26,-0.0769812,0.329494,-0.227585,0,0.0628096,0.268933,-0.564379,22.1597
6.262,-0.074617,0.334793,-0.228333,0,0.0628125,0.26893,-0.564347,22.1676
6.264,-0.074617,0.334793,-0.228333,0,0.0628156,0.268904,-0.564283,22.1755
6.266,-0.074617,0.334793,-0.228333,0,0.062819,0.268855,-0.564185,22.1833
6.268,-0.074617,0.334793,-0.228333,0,0.0628226,0.268811,-0.564112,22.1912
6.27,-0.074617,0.334793,-0.228333,0,0.0628262,0.268783,-0.564083,22.199
6.272,-0.074617,0.334793,-0.228333,0,0.06283,0.268769,-0.564087,22.2068
6.274,-0.074617,0.334793,-0.228333,0,0.0628337,0.268765,-0.564112,22.2146
6.276,-0.074617,0.334793,-0.228333,0,0.0628373,0.26877,-0.56415,22.2224
6.278,-0.074617,0.334793,-0.228333,0,0.0628408,0.26878,-0.564195,22.2302
6.28,-0.074617,0.334793,-0.228333,0,0.0628442,0.268793,-0.56424,22.2379
6.282,-0.0758767,0.333908,-0.226865,0,0.0628475,0.268804,-0.564279,22.2457
6.284,-0.0758767,0.333908,-0.226865,0,0.0628508,0.268814,-0.56431,22.2535
6.286,-0.0758767,0.333908,-0.226865,0,0.062854,0.268823,-0.564331,22.2612
6.288,-0.0758767,0.333908,-0.226865,0,0.0628573,0.268831,-0.564337,22.269
6.29,-0.0758767,0.333908,-0.226865,0,0.0628606,0.268838,-0.564325,22.2768
6.292,-0.0758767,0.333908,-0.226865,0,0.0628639,0.26884,-0.564291,22.2846
6.294,-0.0758767,0.333908,-0.226865,0,0.0628672,0.268822,-0.564227,22.2924
6.296,-0.0758767,0.333908,-0.226865,0,0.0628706,0.268783,-0.564129,22.3002
6.298,-0.0758767,0.333908,-0.226865,0,0.0628742,0.268751,-0.564056,22.308
6.3,-0.0758767,0.333908,-0.226865,0,0.0628778,0.268734,-0.564027,22.3158
6.302,-0.0774895,0.329587,-0.227759,0,0.0628814,0.268728,-0.564031,22.3236
6.304,-0.0774895,0.329587,-0.227759,0,0.062885,0.268731,-0.564056,22.3313
6.306,-0.0774895,0.329587,-0.227759,0,0.0628883,0.268738,-0.564093,22.3391
6.308,-0.0774895,0.329587,-0.227759,0,0.0628915,0.26875,-0.564137,22.3468
6.31,-0.0774895,0.329587,-0.227759,0,0.0628944,0.268763,-0.56418,22.3545
6.312,-0.0774895,0.329587,-0.227759,0,0.0628969,0.269045,-0.564254,22.3611
6.314,-0.0774895,0.329587,-0.227759,0,0.062899,0.269673,-0.564363,22.3661
6.316,-0.0774895,0.329587,-0.227759,0,0.0629006,0.270563,-0.564492,22.3698
6.318,-0.0774895,0.329587,-0.227759,0,0.0629015,0.271646,-0.564631,22.3724
6.32,-0.0774895,0.329587,-0.227759,0,0.0629015,0.272871,-0.56477,22.374
6.322,-0.07509,0.472609,-0.268941,0,0.0629004,0.274193,-0.564903,22.3748
6.324,-0.07509,0.472609,-0.268941,0,0.0629174,0.275632,-0.565052,22.3751
6.326,-0.07509,0.472609,-0.268941,0,0.0629682,0.277208,-0.565238,22.3748
6.328,-0.07509,0.472609,-0.268941,0,0.0630471,0.27888,-0.56545,22.374
6.33,-0.07509,0.472609,-0.268941,0,0.0631493,0.280617,-0.565678,22.3729
6.332,-0.07509,0.472609,-0.268941,0,0.0632706,0.282394,-0.565915,22.3715
6.334,-0.07509,0.472609,-0.268941,0,0.0634032,0.28418,-0.566156,22.3699
6.336,-0.07509,0.472609,-0.268941,0,0.0635376,0.285922,-0.566392,22.368
6.338,-0.07509,0.472609,-0.268941,0,0.063675,0.28759,-0.566621,22.366
6.34,-0.07509,0.472609,-0.268941,0,0.0638169,0.289165,-0.566839,22.3639
6.342,-0.132064,0.489357,-0.329086,0,0.0639644,0.290631,-0.567044,22.3616
6.344,-0.132064,0.489357,-0.329086,0,0.0641032,0.29207,-0.56727,22.3593
6.346,-0.132064,0.489357,-0.329086,0,0.0642219,0.293549,-0.567545,22.3571
6.348,-0.132064,0.489357,-0.329086,0,0.0643245,0.295039,-0.567858,22.3548
6.35,-0.132064,0.489357,-0.329086,0,0.0644146,0.296517,-0.568205,22.3525
6.352,-0.132064,0.489357,-0.329086,0,0.0644947,0.297969,-0.568579,22.3502
6.354,-0.132064,0.489357,-0.329086,0,0.0645671,0.299384,-0.568979,22.348
6.356,-0.132064,0.489357,-0.329086,0,0.0646335,0.300756,-0.569401,22.3458
6.358,-0.132064,0.489357,-0.329086,0,0.0646953,0.302081,-0.569844,22.3436
6.36,-0.132064,0.489357,-0.329086,0,0.0647534,0.303358,-0.570307,22.3415
6.362,-0.162604,0.498018,-0.33991,0,0.0648082,0.304586,-0.570789,22.3393
6.364,-0.162604,0.498018,-0.33991,0,0.0648515,0.305865,-0.571312,22.3373
6.366,-0.162604,0.498018,-0.33991,0,0.0648768,0.307276,-0.571893,22.3353
6.368,-0.162604,0.498018,-0.33991,0,0.0648868,0.308786,-0.572522,22.3333
6.37,-0.162604,0.498018,-0.33991,0,0.064884,0.31037,-0.573191,22.3314
6.372,-0.162604,0.498018,-0.33991,0,0.0648701,0.312006,-0.573895,22.3295
6.374,-0.162604,0.498018,-0.33991,0,0.0648467,0.313679,-0.574628,22.3277
6.376,-0.162604,0.498018,-0.33991,0,0.064815,0.315376,-0.575386,22.3259
6.378,-0.162604,0.498018,-0.33991,0,0.0647762,0.317086,-0.576166,22.3241
6.38,-0.162604,0.498018,-0.33991,0,0.0647311,0.318803,-0.576965,22.3224
6.382,-0.160711,0.569168,-0.293709,0,0.0646804,0.320519,-0.577783,22.3207
6.384,-0.160711,0.569168,-0.293709,0,0.064622,0.322301,-0.578623,22.319
6.386,-0.160711,0.569168,-0.293709,0,0.0645541,0.324203,-0.579488,22.3174
6.388,-0.160711,0.569168,-0.293709,0,0.0644778,0.326199,-0.580371,22.3158
6.39,-0.160711,0.569168,-0.293709,0,0.064394,0.328267,-0.581268,22.3143
6.392,-0.160711,0.569168,-0.293709,0,0.0643035,0.330388,-0.582174,22.3127
6.394,-0.160711,0.569168,-0.293709,0,0.0642072,0.332548,-0.583086,22.3112
6.396,-0.160711,0.569168,-0.293709,0,0.0641057,0.334734,-0.584001,22.3097
6.398,-0.160711,0.569168,-0.293709,0,0.0639997,0.336937,-0.584918,22.3082
6.4,-0.160711,0.569168,-0.293709,0,0.0638898,0.339149,-0.585835,22.3067
6.402,-0.153583,0.611678,-0.226962,0,0.0637765,0.341362,-0.586751,22.3053
6.404,-0.153583,0.611678,-0.226962,0,0.0636559,0.343599,-0.587655,22.3039
6.406,-0.153583,0.611678,-0.226962,0,0.0635242,0.345875,-0.588536,22.3025
6.408,-0.153583,0.611678,-0.226962,0,0.0633831,0.34818,-0.589394,22.301
6.41,-0.153583,0.611678,-0.226962,0,0.0632338,0.350503,-0.590229,22.2996
6.412,-0.153583,0.611678,-0.226962,0,0.0630775,0.352838,-0.591042,22.2982
6.414,-0.153583,0.611678,-0.226962,0,0.0629152,0.355177,-0.591832,22.2968
6.416,-0.153583,0.611678,-0.226962,0,0.0627478,0.357514,-0.5926,22.2955
6.418,-0.153583,0.611678,-0.226962,0,0.062576,0.359846,-0.593346,22.2941
6.42,-0.153583,0.611678,-0.226962,0,0.0624006,0.362169,-0.594072,22.2928
6.422,-0.142318,0.631244,-0.154737,0,0.062222,0.36448,-0.594777,22.2914
6.424,-0.142318,0.631244,-0.154737,0,0.0620382,0.366793,-0.595446,22.2901
6.426,-0.142318,0.631244,-0.154737,0,0.0618473,0.36912,-0.596064,22.2888
6.428,-0.142318,0.631244,-0.154737,0,0.0616503,0.371455,-0.596633,22.2875
6.43,-0.142318,0.631244,-0.154737,0,0.0614483,0.373794,-0.597156,22.2861
6.432,-0.142318,0.631244,-0.154737,0,0.061242,0.376133,-0.597634,22.2848
6.434,-0.142318,0.631244,-0.154737,0,0.0610321,0.378468,-0.59807,22.2834
6.436,-0.142318,0.631244,-0.154737,0,0.0608193,0.380796,-0.598465,22.2821
6.438,-0.142318,0.631244,-0.154737,0,0.0606039,0.383116,-0.598821,22.2807
6.44,-0.142318,0.631244,-0.154737,0,0.0603865,0.385424,-0.599139,22.2794
6.442,-0.127474,0.631808,-0.0877474,0,0.0601673,0.387721,-0.599422,22.278
6.444,-0.127474,0.631808,-0.0877474,0,0.0599469,0.390002,-0.599656,22.2767
6.446,-0.127474,0.631808,-0.0877474,0,0.0597255,0.392268,-0.599831,22.2753
6.448,-0.127474,0.631808,-0.0877474,0,0.0595035,0.394517,-0.599951,22.2739
6.45,-0.127474,0.631808,-0.0877474,0,0.0592811,0.39675,-0.600017,22.2726
6.452,-0.127474,0.631808,-0.0877474,0,0.0590585,0.398966,-0.600033,22.2712
6.454,-0.127474,0.631808,-0.0877474,0,0.0588359,0.401167,-0.6,22.2698
6.456,-0.127474,0.631808,-0.0877474,0,0.0586133,0.403351,-0.599921,22.2684
6.458,-0.127474,0.631808,-0.0877474,0,0.058391,0.40552,-0.599797,22.2669
6.46,-0.127474,0.631808,-0.0877474,0,0.0581689,0.407672,-0.599629,22.2655
6.462,-0.104642,0.624818,-0.0136777,0,0.0579472,0.409808,-0.599419,22.2641
6.464,-0.104642,0.624818,-0.0136777,0,0.0577294,0.411911,-0.599147,22.2627
6.466,-0.104642,0.624818,-0.0136777,0,0.0575179,0.413967,-0.598792,22.2612
6.468,-0.104642,0.624818,-0.0136777,0,0.0573116,0.415983,-0.598362,22.2597
6.47,-0.104642,0.624818,-0.0136777,0,0.0571093,0.417965,-0.597859,22.2582
6.472,-0.104642,0.624818,-0.0136777,0,0.0569102,0.419917,-0.597288,22.2567
6.474,-0.104642,0.624818,-0.0136777,0,0.0567136,0.421843,-0.596652,22.2552
6.476,-0.104642,0.624818,-0.0136777,0,0.056519,0.423747,-0.595955,22.2536
6.478,-0.104642,0.624818,-0.0136777,0,0.056326,0.425629,-0.5952,22.2521
6.48,-0.104642,0.624818,-0.0136777,0,0.0561342,0.427493,-0.594389,22.2505
6.482,-0.0655986,0.608547,0.0729289,0,0.0559434,0.42934,-0.593525,22.249
6.484,-0.0655986,0.608547,0.0729289,0,0.0557573,0.431148,-0.592583,22.2474
6.486,-0.0655986,0.608547,0.0729289,0,0.0555796,0.4329,-0.591544,22.2457
6.488,-0.0655986,0.608547,0.0729289,0,0.0554095,0.434607,-0.590412,22.2441
6.49,-0.0655986,0.608547,0.0729289,0,0.0552464,0.436275,-0.589194,22.2424
6.492,-0.0655986,0.608547,0.0729289,0,0.0550896,0.437913,-0.587896,22.2406
6.494,-0.0655986,0.608547,0.0729289,0,0.0549386,0.439524,-0.586521,22.2389
6.496,-0.0655986,0.608547,0.0729289,0,0.0547927,0.441114,-0.585075,22.2371
6.498,-0.0655986,0.608547,0.0729289,0,0.0546514,0.442687,-0.58356,22.2353
6.5,-0.0655986,0.608547,0.0729289,0,0.0545143,0.444245,-0.581981,22.2334
6.502,-0.00898777,0.589159,0.17203,0,0.0543807,0.445789,-0.580341,22.2316
6.504,-0.00898777,0.589159,0.17203,0,0.0542545,0.447295,-0.578613,22.2297
6.506,-0.00898777,0.589159,0.17203,0,0.0541376,0.448741,-0.576772,22.2278
6.508,-0.00898777,0.589159,0.17203,0,0.0540286,0.450139,-0.574827,22.2258
6.51,-0.00898777,0.589159,0.17203,0,0.0539268,0.451498,-0.572784,22.2238
6.512,-0.00898777,0.589159,0.17203,0,0.0538314,0.452826,-0.570649,22.2217
6.514,-0.00898777,0.589159,0.17203,0,0.0537419,0.45413,-0.568427,22.2197
6.516,-0.00898777,0.589159,0.17203,0,0.0536576,0.455415,-0.566124,22.2175
6.518,-0.00898777,0.589159,0.17203,0,0.0535781,0.456685,-0.563744,22.2154
6.52,-0.00898777,0.589159,0.17203,0,0.0535029,0.457943,-0.561292,22.2132
6.522,0.0766215,0.563665,0.28213,0,0.0534315,0.459191,-0.558771,22.211
6.524,0.0766215,0.563665,0.28213,0,0.0533707,0.460399,-0.556156,22.2088
6.526,0.0766215,0.563665,0.28213,0,0.0533262,0.461539,-0.553422,22.2065
6.528,0.0766215,0.563665,0.28213,0,0.0532964,0.462625,-0.550579,22.2042
6.53,0.0766215,0.563665,0.28213,0,0.0532796,0.46367,-0.547634,22.2019
6.532,0.0766215,0.563665,0.28213,0,0.0532745,0.464682,-0.544593,22.1995
6.534,0.0766215,0.563665,0.28213,0,0.05328,0.465668,-0.541462,22.197
6.536,0.0766215,0.563665,0.28213,0,0.0532948,0.466634,-0.538247,22.1946
6.538,0.0766215,0.563665,0.28213,0,0.0533181,0.467586,-0.534953,22.1921
6.54,0.0766215,0.563665,0.28213,0,0.053349,0.468527,-0.531583,22.1896
6.542,0.270239,0.602441,0.490153,0,0.0533867,0.469461,-0.528142,22.187
6.544,0.270239,0.602441,0.490153,0,0.0534304,0.470386,-0.524633,22.1844
6.546,0.270239,0.602441,0.490153,0,0.0534813,0.471297,-0.521061,22.1818
6.548,0.270239,0.602441,0.490153,0,0.053543,0.47219,-0.517427,22.1792
6.55,0.270239,0.602441,0.490153,0,0.0536171,0.473058,-0.513735,22.1765
6.552,0.270239,0.602441,0.490153,0,0.053705,0.4739,-0.509988,22.1738
6.554,0.270239,0.602441,0.490153,0,0.0538073,0.474714,-0.506187,22.171
6.556,0.270239,0.602441,0.490153,0,0.0539241,0.475499,-0.502336,22.1683
6.558,0.270239,0.602441,0.490153,0,0.054056,0.476251,-0.498437,22.1655
6.56,0.270239,0.602441,0.490153,0,0.0542031,0.476969,-0.494493,22.1627
6.562,0.52766,0.73797,0.686933,0,0.0543677,0.477654,-0.490506,22.16
6.564,0.52766,0.73797,0.686933,0,0.0544857,0.478407,-0.486536,22.1572
6.566,0.52766,0.73797,0.686933,0,0.0545046,0.479281,-0.482634,22.1544
6.568,0.52766,0.73797,0.686933,0,0.0544548,0.480209,-0.478784,22.1516
6.57,0.52766,0.73797,0.686933,0,0.0543673,0.481146,-0.474976,22.1488
6.572,0.52766,0.73797,0.686933,0,0.0542658,0.48206,-0.471202,22.1461
6.574,0.52766,0.73797,0.686933,0,0.0541686,0.482929,-0.467455,22.1433
6.576,0.52766,0.73797,0.686933,0,0.0540851,0.483744,-0.463728,22.1406
6.578,0.52766,0.73797,0.686933,0,0.0540167,0.484501,-0.46001,22.1379
6.58,0.52766,0.73797,0.686933,0,0.0539677,0.485183,-0.456294,22.1352
6.582,0.465889,0.862993,0.685288,0,0.0539482,0.485779,-0.452579,22.1324
6.584,0.465889,0.862993,0.685288,0,0.0538995,0.486355,-0.448904,22.1297
6.586,0.465889,0.862993,0.685288,0,0.0537749,0.486955,-0.445304,22.1269
6.588,0.465889,0.862993,0.685288,0,0.0535986,0.487542,-0.441769,22.1242
6.59,0.465889,0.862993,0.685288,0,0.0533887,0.48809,-0.438292,22.1214
6.592,0.465889,0.862993,0.685288,0,0.0531654,0.488583,-0.434868,22.1187
6.594,0.465889,0.862993,0.685288,0,0.0529458,0.489013,-0.431495,22.1161
6.596,0.465889,0.862993,0.685288,0,0.0527434,0.489376,-0.42817,22.1134
6.598,0.465889,0.862993,0.685288,0,0.0525652,0.489673,-0.424871,22.1107
6.6,0.465889,0.862993,0.685288,0,0.0524166,0.489914,-0.421589,22.108
6.602,0.376197,0.871593,0.685034,0,0.052296,0.490094,-0.418337,22.1054
6.604,0.376197,0.871593,0.685034,0,0.0521748,0.490202,-0.415153,22.103
6.606,0.376197,0.871593,0.685034,0,0.0520356,0.49025,-0.41204,22.101
6.608,0.376197,0.871593,0.685034,0,0.0519017,0.490273,-0.408955,22.0989
6.61,0.376197,0.871593,0.685034,0,0.0517846,0.490285,-0.405878,22.0966
6.612,0.376197,0.871593,0.685034,0,0.0516869,0.490286,-0.402803,22.0942
6.614,0.376197,0.871593,0.685034,0,0.0516071,0.490279,-0.399727,22.0916
6.616,0.376197,0.871593,0.685034,0,0.0515422,0.490266,-0.396646,22.0889
6.618,0.376197,0.871593,0.685034,0,0.0514857,0.490227,-0.39359,22.0863
6.62,0.376197,0.871593,0.685034,0,0.0514358,0.49016,-0.390574,22.0839
6.622,0.340345,0.747175,0.665398,0,0.0513927,0.49008,-0.387592,22.0819
6.624,0.340345,0.747175,0.665398,0,0.0513686,0.489903,-0.384566,22.0798
6.626,0.340345,0.747175,0.665398,0,0.0513649,0.489559,-0.381444,22.0774
6.628,0.340345,0.747175,0.665398,0,0.0513723,0.489101,-0.37824,22.0748
6.63,0.340345,0.747175,0.665398,0,0.0513831,0.488567,-0.374967,22.0721
6.632,0.340345,0.747175,0.665398,0,0.051393,0.487991,-0.371632,22.0692
6.634,0.340345,0.747175,0.665398,0,0.0513914,0.487364,-0.368277,22.0664
6.636,0.340345,0.747175,0.665398,0,0.0513721,0.486699,-0.364919,22.064
6.638,0.340345,0.747175,0.665398,0,0.0513376,0.486033,-0.361556,22.0617
6.64,0.340345,0.747175,0.665398,0,0.0513049,0.485431,-0.358167,22.0594
6.642,0.353847,0.563531,0.601647,0,0.0512769,0.484909,-0.354748,22.0569
6.644,0.353847,0.563531,0.601647,0,0.0512533,0.484267,-0.351231,22.0543
6.646,0.353847,0.563531,0.601647,0,0.0512349,0.483353,-0.347564,22.0516
6.648,0.353847,0.563531,0.601647,0,0.0512027,0.482222,-0.343791,22.049
6.65,0.353847,0.563531,0.601647,0,0.0511533,0.48095,-0.339933,22.0465
6.652,0.353847,0.563531,0.601647,0,0.0510896,0.479609,-0.336003,22.0441
6.654,0.353847,0.563531,0.601647,0,0.0510211,0.47827,-0.332005,22.0416
6.656,0.353847,0.563531,0.601647,0,0.0509404,0.476957,-0.327947,22.0391
6.658,0.353847,0.563531,0.601647,0,0.0508199,0.475645,-0.323837,22.0366
6.66,0.353847,0.563531,0.601647,0,0.0506688,0.474374,-0.319679,22.0342
6.662,0.267774,0.445624,0.249719,0,0.050496,0.473175,-0.315476,22.0318
6.664,0.267774,0.445624,0.249719,0,0.0503432,0.47198,-0.31128,22.0294
6.666,0.267774,0.445624,0.249719,0,0.050212,0.470682,-0.307115,22.0274
6.668,0.267774,0.445624,0.249719,0,0.0500914,0.469359,-0.302991,22.0257
6.67,0.267774,0.445624,0.249719,0,0.049996,0.468109,-0.298933,22.0241
6.672,0.267774,0.445624,0.249719,0,0.0499176,0.466959,-0.294941,22.0227
6.674,0.267774,0.445624,0.249719,0,0.0498652,0.46592,-0.290919,22.0214
6.676,0.267774,0.445624,0.249719,0,0.0498569,0.464889,-0.286565,22.0206
6.678,0.267774,0.445624,0.249719,0,0.0498703,0.463705,-0.281679,22.0212
6.68,0.267774,0.445624,0.249719,0,0.0499148,0.462415,-0.276356,22.023
6.682,-0.0131213,0.399435,-0.783088,0,0.0499962,0.461007,-0.270668,22.0261
6.684,-0.0131213,0.399435,-0.783088,0,0.0501291,0.459945,-0.265745,22.0306
6.686,-0.0131213,0.399435,-0.783088,0,0.0502988,0.459568,-0.262524,22.0365
6.688,-0.0131213,0.399435,-0.783088,0,0.0504587,0.459654,-0.260708,22.0437
6.69,-0.0131213,0.399435,-0.783088,0,0.0506005,0.460126,-0.260034,22.0519
6.692,-0.0131213,0.399435,-0.783088,0,0.0507179,0.460885,-0.260297,22.0608
6.694,-0.0131213,0.399435,-0.783088,0,0.0508053,0.461816,-0.261336,22.0704
6.696,-0.0131213,0.399435,-0.783088,0,0.0508491,0.462835,-0.263019,22.0807
6.698,-0.0131213,0.399435,-0.783088,0,0.0508322,0.463878,-0.265235,22.0915
6.7,-0.0131213,0.399435,-0.783088,0,0.0507444,0.464894,-0.267893,22.1028
6.702,-0.0504367,0.592274,-1.4426,0,0.0505791,0.465851,-0.270918,22.1146
6.704,-0.0504367,0.592274,-1.4426,0,0.0504426,0.467423,-0.27491,22.1275
6.706,-0.0504367,0.592274,-1.4426,0,0.0504076,0.470131,-0.280343,22.1421
6.708,-0.0504367,0.592274,-1.4426,0,0.0504131,0.473676,-0.286932,22.1581
6.71,-0.0504367,0.592274,-1.4426,0,0.0504223,0.477838,-0.294451,22.1752
6.712,-0.0504367,0.592274,-1.4426,0,0.0504088,0.482449,-0.302719,22.1931
6.714,-0.0504367,0.592274,-1.4426,0,0.0503569,0.487374,-0.311673,22.2116
6.716,-0.0504367,0.592274,-1.4426,0,0.0502682,0.492499,-0.321335,22.2301
6.718,-0.0504367,0.592274,-1.4426,0,0.050132,0.49772,-0.331561,22.2486
6.72,-0.0504367,0.592274,-1.4426,0,0.0499338,0.502956,-0.342225,22.2669
6.722,-0.0399357,0.580044,-1.60179,0,0.0496602,0.508148,-0.35323,22.2852
6.724,-0.0399357,0.580044,-1.60179,0,0.0493575,0.513476,-0.364715,22.3034
6.726,-0.0399357,0.580044,-1.60179,0,0.0490727,0.519078,-0.376786,22.3213
6.728,-0.0399357,0.580044,-1.60179,0,0.0487916,0.524831,-0.389306,22.3392
6.73,-0.0399357,0.580044,-1.60179,0,0.0485018,0.53064,-0.402164,22.3568
6.732,-0.0399357,0.580044,-1.60179,0,0.0481942,0.536433,-0.415275,22.3742
6.734,-0.0399357,0.580044,-1.60179,0,0.0478582,0.542157,-0.428565,22.3914
6.736,-0.0399357,0.580044,-1.60179,0,0.0474858,0.54777,-0.441979,22.4084
6.738,-0.0399357,0.580044,-1.60179,0,0.0470716,0.553243,-0.455471,22.4253
6.74,-0.0399357,0.580044,-1.60179,0,0.0466122,0.558553,-0.469004,22.4419
6.742,-0.0533374,0.487764,-1.41888,0,0.0461054,0.563685,-0.482548,22.4583
6.744,-0.0533374,0.487764,-1.41888,0,0.045526,0.568474,-0.495892,22.4745
6.746,-0.0533374,0.487764,-1.41888,0,0.0448592,0.572796,-0.508865,22.4905
6.748,-0.0533374,0.487764,-1.41888,0,0.0441228,0.576713,-0.521517,22.5063
6.75,-0.0533374,0.487764,-1.41888,0,0.0433305,0.580275,-0.533885,22.5218
6.752,-0.0533374,0.487764,-1.41888,0,0.0424936,0.583521,-0.546001,22.5372
6.754,-0.0533374,0.487764,-1.41888,0,0.0416206,0.586485,-0.557888,22.5524
6.756,-0.0533374,0.487764,-1.41888,0,0.0407185,0.589192,-0.569568,22.5675
6.758,-0.0533374,0.487764,-1.41888,0,0.0397927,0.591663,-0.581054,22.5824
6.76,-0.0533374,0.487764,-1.41888,0,0.038847,0.593912,-0.59236,22.5972
6.762,-0.0215787,0.460034,-1.191,0,0.0378848,0.595942,-0.603496,22.6119
6.764,-0.0215787,0.460034,-1.191,0,0.0368984,0.597596,-0.614261,22.6264
6.766,-0.0215787,0.460034,-1.191,0,0.0358877,0.598761,-0.624492,22.6408
6.768,-0.0215787,0.460034,-1.191,0,0.0348673,0.599526,-0.634259,22.6551
6.77,-0.0215787,0.460034,-1.191,0,0.0338477,0.599961,-0.643619,22.6694
6.772,-0.0215787,0.460034,-1.191,0,0.0328367,0.600124,-0.65262,22.6835
6.774,-0.0215787,0.460034,-1.191,0,0.0318362,0.600059,-0.6613,22.6975
6.776,-0.0215787,0.460034,-1.191,0,0.0308417,0.599791,-0.669688,22.7115
6.778,-0.0215787,0.460034,-1.191,0,0.0298537,0.599342,-0.677811,22.7255
6.78,-0.0215787,0.460034,-1.191,0,0.0288754,0.598736,-0.685693,22.7394
6.782,0.0434901,0.476733,-0.8936,0,0.0279088,0.597997,-0.693355,22.7532
6.784,0.0434901,0.476733,-0.8936,0,0.0269511,0.596946,-0.700558,22.767
6.786,0.0434901,0.476733,-0.8936,0,0.0260069,0.595453,-0.707102,22.7806
6.788,0.0434901,0.476733,-0.8936,0,0.0250907,0.593618,-0.713072,22.7942
6.79,0.0434901,0.476733,-0.8936,0,0.0242084,0.591523,-0.718537,22.8076
6.792,0.0434901,0.476733,-0.8936,0,0.0233572,0.589221,-0.723555,22.821
6.794,0.0434901,0.476733,-0.8936,0,0.0225398,0.586756,-0.728177,22.8343
6.796,0.0434901,0.476733,-0.8936,0,0.0217611,0.58417,-0.732445,22.8476
6.798,0.0434901,0.476733,-0.8936,0,0.021024,0.581499,-0.7364,22.8608
6.8,0.0434901,0.476733,-0.8936,0,0.0203301,0.578771,-0.740073,22.874
6.802,0.10624,0.514757,-0.476368,0,0.0196797,0.57601,-0.743492,22.8872
6.804,0.10624,0.514757,-0.476368,0,0.0190563,0.573017,-0.746356,22.9003
6.806,0.10624,0.514757,-0.476368,0,0.0184542,0.569647,-0.74841,22.9132
6.808,0.10624,0.514757,-0.476368,0,0.0178923,0.566,-0.749758,22.926
6.81,0.10624,0.514757,-0.476368,0,0.0173838,0.562156,-0.750489,22.9386
6.812,0.10624,0.514757,-0.476368,0,0.0169382,0.558183,-0.75068,22.9511
6.814,0.10624,0.514757,-0.476368,0,0.0165617,0.554132,-0.750396,22.9635
6.816,0.10624,0.514757,-0.476368,0,0.0162542,0.55004,-0.749693,22.9759
6.818,0.10624,0.514757,-0.476368,0,0.0160053,0.54594,-0.748618,22.9882
6.82,0.10624,0.514757,-0.476368,0,0.0158065,0.54186,-0.747213,23.0005
6.822,0.145581,0.585601,-0.0681955,0,0.0156572,0.537826,-0.745516,23.0128
6.824,0.145581,0.585601,-0.0681955,0,0.0155458,0.53367,-0.743251,23.0249
6.826,0.145581,0.585601,-0.0681955,0,0.0154679,0.529264,-0.740178,23.0367
6.828,0.145581,0.585601,-0.0681955,0,0.0154397,0.524697,-0.736402,23.0483
6.83,0.145581,0.585601,-0.0681955,0,0.0154728,0.52005,-0.732015,23.0597
6.832,0.145581,0.585601,-0.0681955,0,0.015575,0.515385,-0.727095,23.0709
6.834,0.145581,0.585601,-0.0681955,0,0.0157507,0.51075,-0.721711,23.082
6.836,0.145581,0.585601,-0.0681955,0,0.016002,0.506182,-0.715921,23.093
6.838,0.145581,0.585601,-0.0681955,0,0.016329,0.501708,-0.709778,23.1039
6.84,0.145581,0.585601,-0.0681955,0,0.0167305,0.49735,-0.703327,23.1147
6.842,0.163032,0.383128,0.207066,0,0.0172041,0.493122,-0.696609,23.1255
6.844,0.163032,0.383128,0.207066,0,0.0177242,0.488757,-0.689376,23.1362
6.846,0.163032,0.383128,0.207066,0,0.0182898,0.484296,-0.682012,23.1462
6.848,0.163032,0.383128,0.207066,0,0.0189127,0.480283,-0.675703,23.1552
6.85,0.163032,0.383128,0.207066,0,0.019548,0.476641,-0.67029,23.1632
6.852,0.163032,0.383128,0.207066,0,0.0201583,0.473282,-0.665599,23.1703
6.854,0.163032,0.383128,0.207066,0,0.0207163,0.470135,-0.661485,23.1768
6.856,0.163032,0.383128,0.207066,0,0.0212027,0.467146,-0.657826,23.1825
6.858,0.163032,0.383128,0.207066,0,0.0216076,0.464273,-0.654522,23.1877
6.86,0.163032,0.383128,0.207066,0,0.0219375,0.461487,-0.651493,23.1924
6.862,0.120799,0.419221,0.0680841,0,0.0222009,0.458769,-0.648675,23.1965
6.864,0.120799,0.419221,0.0680841,0,0.0224297,0.456138,-0.646054,23.2002
6.866,0.120799,0.419221,0.0680841,0,0.0226504,0.453612,-0.643621,23.2036
6.868,0.120799,0.419221,0.0680841,0,0.0228541,0.451167,-0.64133,23.2066
6.87,0.120799,0.419221,0.0680841,0,0.0230346,0.448787,-0.639139,23.2093
6.872,0.120799,0.419221,0.0680841,0,0.0231881,0.446462,-0.637017,23.2117
6.874,0.120799,0.419221,0.0680841,0,0.0233141,0.444181,-0.634939,23.2139
6.876,0.120799,0.419221,0.0680841,0,0.0234169,0.441941,-0.632886,23.2158
6.878,0.120799,0.419221,0.0680841,0,0.0235004,0.439739,-0.630844,23.2174
6.88,0.120799,0.419221,0.0680841,0,0.0235681,0.437571,-0.628799,23.2188
6.882,0.0643216,0.425027,-0.0676642,0,0.0236227,0.435438,-0.626744,23.22
6.884,0.0643216,0.425027,-0.0676642,0,0.0236672,0.433391,-0.624707,23.2211
6.886,0.0643216,0.425027,-0.0676642,0,0.023704,0.431473,-0.622714,23.2221
6.888,0.0643216,0.425027,-0.0676642,0,0.0237344,0.429663,-0.620753,23.223
6.89,0.0643216,0.425027,-0.0676642,0,0.0237594,0.427944,-0.618817,23.2238
6.892,0.0643216,0.425027,-0.0676642,0,0.0237798,0.426303,-0.616899,23.2245
6.894,0.0643216,0.425027,-0.0676642,0,0.0237966,0.424728,-0.614994,23.2252
6.896,0.0643216,0.425027,-0.0676642,0,0.0238102,0.423213,-0.613098,23.2258
6.898,0.0643216,0.425027,-0.0676642,0,0.0238212,0.421749,-0.61121,23.2264
6.9,0.0643216,0.425027,-0.0676642,0,0.0238301,0.420332,-0.609327,23.2269
6.902,0.0300501,0.410639,-0.136194,0,0.0238372,0.418958,-0.607449,23.2275
6.904,0.0300501,0.410639,-0.136194,0,0.0238414,0.417655,-0.605592,23.228
6.906,0.0300501,0.410639,-0.136194,0,0.0238417,0.416445,-0.603774,23.2285
6.908,0.0300501,0.410639,-0.136194,0,0.023839,0.415312,-0.60199,23.229
6.91,0.0300501,0.410639,-0.136194,0,0.023834,0.414245,-0.600238,23.2296
6.912,0.0300501,0.410639,-0.136194,0,0.023827,0.413231,-0.598516,23.2302
6.914,0.0300501,0.410639,-0.136194,0,0.0238186,0.412264,-0.596822,23.2309
6.916,0.0300501,0.410639,-0.136194,0,0.0238091,0.411336,-0.595157,23.2316
6.918,0.0300501,0.410639,-0.136194,0,0.0237988,0.410443,-0.593519,23.2323
6.92,0.0300501,0.410639,-0.136194,0,0.023788,0.409579,-0.591909,23.2331
6.922,0.0103089,0.388265,-0.181415,0,0.023777,0.408741,-0.590326,23.2339
6.924,0.0103089,0.388265,-0.181415,0,0.0237594,0.407938,-0.588778,23.2347
6.926,0.0103089,0.388265,-0.181415,0,0.0237301,0.407176,-0.587273,23.2357
6.928,0.0103089,0.388265,-0.181415,0,0.0236906,0.406446,-0.585809,23.2367
6.93,0.0103089,0.388265,-0.181415,0,0.023643,0.405739,-0.584385,23.2377
6.932,0.0103089,0.388265,-0.181415,0,0.0235898,0.405048,-0.582999,23.2389
6.934,0.0103089,0.388265,-0.181415,0,0.023533,0.404369,-0.581651,23.2401
6.936,0.0103089,0.388265,-0.181415,0,0.0234743,0.403695,-0.58034,23.2414
6.938,0.0103089,0.388265,-0.181415,0,0.0234151,0.403024,-0.579065,23.2427
6.94,0.0103089,0.388265,-0.181415,0,0.0233565,0.402353,-0.577825,23.2441
6.942,-0.00688154,0.370604,-0.215239,0,0.0232994,0.40168,-0.576621,23.2456
6.944,-0.00688154,0.370604,-0.215239,0,0.0232396,0.401019,-0.575459,23.2471
6.946,-0.00688154,0.370604,-0.215239,0,0.0231739,0.400381,-0.574342,23.2487
6.948,-0.00688154,0.370604,-0.215239,0,0.0231041,0.39976,-0.57327,23.2504
6.95,-0.00688154,0.370604,-0.215239,0,0.0230319,0.399151,-0.572241,23.2522
6.952,-0.00688154,0.370604,-0.215239,0,0.0229584,0.39855,-0.571255,23.254
6.954,-0.00688154,0.370604,-0.215239,0,0.0228847,0.397953,-0.570308,23.2559
6.956,-0.00688154,0.370604,-0.215239,0,0.0228116,0.397357,-0.569401,23.2578
6.958,-0.00688154,0.370604,-0.215239,0,0.0227397,0.396762,-0.568532,23.2599
6.96,-0.00688154,0.370604,-0.215239,0,0.0226697,0.396165,-0.5677,23.262
6.962,-0.0195537,0.369057,-0.238519,0,0.0226018,0.395564,-0.566904,23.2641
6.964,-0.0195537,0.369057,-0.238519,0,0.0225284,0.394982,-0.566146,23.2663
6.966,-0.0195537,0.369057,-0.238519,0,0.0224426,0.394436,-0.565427,23.2686
6.968,-0.0195537,0.369057,-0.238519,0,0.0223464,0.393916,-0.564745,23.2709
6.97,-0.0195537,0.369057,-0.238519,0,0.0222416,0.393417,-0.564097,23.2733
6.972,-0.0195537,0.369057,-0.238519,0,0.0221297,0.392933,-0.563484,23.2757
6.974,-0.0195537,0.369057,-0.238519,0,0.022012,0.39246,-0.562904,23.2781
6.976,-0.0195537,0.369057,-0.238519,0,0.0218897,0.391993,-0.562356,23.2807
6.978,-0.0195537,0.369057,-0.238519,0,0.0217639,0.391531,-0.561839,23.2832
6.98,-0.0195537,0.369057,-0.238519,0,0.0216354,0.391071,-0.561353,23.2859
6.982,-0.0265486,0.369759,-0.255618,0,0.0215051,0.390611,-0.560896,23.2886
6.984,-0.0265486,0.369759,-0.255618,0,0.0213702,0.390165,-0.560471,23.2913
6.986,-0.0265486,0.369759,-0.255618,0,0.0212287,0.389742,-0.560076,23.2941
6.988,-0.0265486,0.369759,-0.255618,0,0.0210818,0.389335,-0.559711,23.2969
6.99,-0.0265486,0.369759,-0.255618,0,0.0209307,0.388939,-0.559374,23.2997
6.992,-0.0265486,0.369759,-0.255618,0,0.0207765,0.388551,-0.559064,23.3026
6.994,-0.0265486,0.369759,-0.255618,0,0.0206201,0.388168,-0.558779,23.3056
6.996,-0.0265486,0.369759,-0.255618,0,0.0204623,0.387786,-0.558519,23.3086
6.998,-0.0265486,0.369759,-0.255618,0,0.0203037,0.387405,-0.558282,23.3116
7,-0.0265486,0.369759,-0.255618,0,0.020145,0.387022,-0.558069,23.3147
7.002,-0.0306259,0.374541,-0.268498,0,0.0199867,0.386636,-0.557878,23.3179
7.004,-0.0306259,0.374541,-0.268498,0,0.019829,0.386261,-0.55771,23.321
7.006,-0.0306259,0.374541,-0.268498,0,0.0196722,0.385908,-0.557565,23.3242
7.008,-0.0306259,0.374541,-0.268498,0,0.0195151,0.385575,-0.557444,23.3275
7.01,-0.0306259,0.374541,-0.268498,0,0.0193549,0.385263,-0.557347,23.3307
7.012,-0.0306259,0.374541,-0.268498,0,0.0191909,0.384966,-0.55727,23.334
7.014,-0.0306259,0.374541,-0.268498,0,0.0190229,0.38468,-0.557212,23.3373
7.016,-0.0306259,0.374541,-0.268498,0,0.0188514,0.384403,-0.557169,23.3405
7.018,-0.0306259,0.374541,-0.268498,0,0.0186771,0.384133,-0.557142,23.3438
7.02,-0.0306259,0.374541,-0.268498,0,0.018504,0.383863,-0.557128,23.3471
7.022,-0.033491,0.381453,-0.279366,0,0.0183345,0.383588,-0.557123,23.3505
7.024,-0.033491,0.381453,-0.279366,0,0.0181702,0.383322,-0.557128,23.3538
7.026,-0.033491,0.381453,-0.279366,0,0.0180124,0.383073,-0.557144,23.3572
7.028,-0.033491,0.381453,-0.279366,0,0.0178612,0.382836,-0.557169,23.3605
7.03,-0.033491,0.381453,-0.279366,0,0.0177165,0.382606,-0.557199,23.3639
7.032,-0.033491,0.381453,-0.279366,0,0.0175781,0.38238,-0.557235,23.3674
7.034,-0.033491,0.381453,-0.279366,0,0.017446,0.382153,-0.557274,23.3708
7.036,-0.033491,0.381453,-0.279366,0,0.0173199,0.381924,-0.557316,23.3743
7.038,-0.033491,0.381453,-0.279366,0,0.0171997,0.381691,-0.55736,23.3778
7.04,-0.033491,0.381453,-0.279366,0,0.0170853,0.381453,-0.557405,23.3813
7.042,-0.0387483,0.376617,-0.284328,0,0.0169765,0.381208,-0.55745,23.3849
7.044,-0.0387483,0.376617,-0.284328,0,0.0168685,0.380964,-0.557494,23.3885
7.046,-0.0387483,0.376617,-0.284328,0,0.0167572,0.380724,-0.557535,23.3921
7.048,-0.0387483,0.376617,-0.284328,0,0.0166434,0.380486,-0.557574,23.3958
7.05,-0.0387483,0.376617,-0.284328,0,0.016528,0.380249,-0.55761,23.3995
7.052,-0.0387483,0.376617,-0.284328,0,0.0164118,0.38001,-0.557643,23.4033
7.054,-0.0387483,0.376617,-0.284328,0,0.0162954,0.379769,-0.557672,23.4071
7.056,-0.0387483,0.376617,-0.284328,0,0.0161799,0.379524,-0.557697,23.4109
7.058,-0.0387483,0.376617,-0.284328,0,0.0160659,0.379277,-0.55772,23.4149
7.06,-0.0387483,0.376617,-0.284328,0,0.0159543,0.379025,-0.55774,23.4188
7.062,-0.0390253,0.369286,-0.283262,0,0.0158455,0.37877,-0.557758,23.4228
7.064,-0.0390253,0.369286,-0.283262,0,0.0157387,0.378508,-0.557772,23.4269
7.066,-0.0390253,0.369286,-0.283262,0,0.0156329,0.378241,-0.557782,23.431
7.068,-0.0390253,0.369286,-0.283262,0,0.015529,0.377967,-0.55779,23.4353
7.07,-0.0390253,0.369286,-0.283262,0,0.0154278,0.377688,-0.557794,23.4395
7.072,-0.0390253,0.369286,-0.283262,0,0.0153262,0.37743,-0.557823,23.4438
7.074,-0.0390253,0.369286,-0.283262,0,0.0152221,0.377204,-0.557888,23.4481
7.076,-0.0390253,0.369286,-0.283262,0,0.0151145,0.377001,-0.557981,23.4523
7.078,-0.0390253,0.369286,-0.283262,0,0.0150029,0.376815,-0.558095,23.4566
7.08,-0.0390253,0.369286,-0.283262,0,0.0148871,0.376644,-0.558226,23.4608
7.082,-0.0355772,0.372875,-0.281897,0,0.0147669,0.376481,-0.558367,23.4651
7.084,-0.0355772,0.372875,-0.281897,0,0.0146443,0.376324,-0.558516,23.4693
7.086,-0.0355772,0.372875,-0.281897,0,0.0145208,0.376169,-0.558668,23.4735
7.088,-0.0355772,0.372875,-0.281897,0,0.0143956,0.376016,-0.558821,23.4778
7.09,-0.0355772,0.372875,-0.281897,0,0.0142684,0.375865,-0.558972,23.482
7.092,-0.0355772,0.372875,-0.281897,0,0.0141389,0.375715,-0.55912,23.4863
7.094,-0.0355772,0.372875,-0.281897,0,0.014007,0.375566,-0.559262,23.4906
7.096,-0.0355772,0.372875,-0.281897,0,0.0138726,0.375417,-0.559398,23.4949
7.098,-0.0355772,0.372875,-0.281897,0,0.0137359,0.37527,-0.559526,23.4992
7.1,-0.0355772,0.372875,-0.281897,0,0.0135968,0.375122,-0.559645,23.5035
7.102,-0.0303405,0.376398,-0.279052,0,0.0134558,0.374975,-0.559755,23.5079
7.104,-0.0303405,0.376398,-0.279052,0,0.0133185,0.374824,-0.559855,23.5122
7.106,-0.0303405,0.376398,-0.279052,0,0.0131903,0.374663,-0.559945,23.5167
7.108,-0.0303405,0.376398,-0.279052,0,0.0130704,0.374495,-0.560023,23.5211
7.11,-0.0303405,0.376398,-0.279052,0,0.0129579,0.374323,-0.560091,23.5256
7.112,-0.0303405,0.376398,-0.279052,0,0.012853,0.374148,-0.560147,23.5302
7.114,-0.0303405,0.376398,-0.279052,0,0.0127559,0.373974,-0.560195,23.5348
7.116,-0.0303405,0.376398,-0.279052,0,0.0126664,0.373801,-0.560233,23.5394
7.118,-0.0303405,0.376398,-0.279052,0,0.012583,0.37363,-0.560264,23.5441
7.12,-0.0303405,0.376398,-0.279052,0,0.0125047,0.373457,-0.560284,23.5488
7.122,-0.0252898,0.370124,-0.269229,0,0.0124304,0.373278,-0.560291,23.5536
7.124,-0.0252898,0.370124,-0.269229,0,0.0123602,0.373088,-0.560297,23.5585
7.126,-0.0252898,0.370124,-0.269229,0,0.012293,0.3729,-0.560329,23.5633
7.128,-0.0252898,0.370124,-0.269229,0,0.0122277,0.372712,-0.560378,23.5681
7.13,-0.0252898,0.370124,-0.269229,0,0.0121638,0.372523,-0.560442,23.5729
7.132,-0.0252898,0.370124,-0.269229,0,0.0121006,0.372331,-0.560514,23.5777
7.134,-0.0252898,0.370124,-0.269229,0,0.0120376,0.372137,-0.560592,23.5825
7.136,-0.0252898,0.370124,-0.269229,0,0.0119747,0.37194,-0.560671,23.5873
7.138,-0.0252898,0.370124,-0.269229,0,0.0119115,0.371741,-0.560748,23.5921
7.14,-0.0252898,0.370124,-0.269229,0,0.0118481,0.371541,-0.560819,23.5969
7.142,-0.0240106,0.373082,-0.262731,0,0.0117843,0.371339,-0.560883,23.6017
7.144,-0.0240106,0.373082,-0.262731,0,0.0117203,0.371137,-0.560937,23.6066
7.146,-0.0240106,0.373082,-0.262731,0,0.0116566,0.370935,-0.560981,23.6114
7.148,-0.0240106,0.373082,-0.262731,0,0.0115932,0.370735,-0.561017,23.6163
7.15,-0.0240106,0.373082,-0.262731,0,0.0115312,0.370536,-0.561043,23.6212
7.152,-0.0240106,0.373082,-0.262731,0,0.0114711,0.370339,-0.561059,23.6262
7.154,-0.0240106,0.373082,-0.262731,0,0.0114127,0.370144,-0.561065,23.6312
7.156,-0.0240106,0.373082,-0.262731,0,0.0113561,0.369951,-0.561058,23.6363
7.158,-0.0240106,0.373082,-0.262731,0,0.0113011,0.36976,-0.561038,23.6414
7.16,-0.0240106,0.373082,-0.262731,0,0.0112477,0.36957,-0.561004,23.6465
7.162,-0.0200843,0.369347,-0.254799,0,0.0111959,0.369382,-0.560955,23.6517
7.164,-0.0200843,0.369347,-0.254799,0,0.011147,0.369187,-0.56089,23.657
7.166,-0.0200843,0.369347,-0.254799,0,0.0111021,0.368977,-0.560807,23.6624
7.168,-0.0200843,0.369347,-0.254799,0,0.0110609,0.368756,-0.560707,23.6678
7.17,-0.0200843,0.369347,-0.254799,0,0.0110213,0.368542,-0.560608,23.6733
7.172,-0.0200843,0.369347,-0.254799,0,0.0109784,0.368366,-0.560547,23.6788
7.174,-0.0200843,0.369347,-0.254799,0,0.010932,0.368221,-0.560514,23.6842
7.176,-0.0200843,0.369347,-0.254799,0,0.010882,0.368091,-0.560502,23.6897
7.178,-0.0200843,0.369347,-0.254799,0,0.0108288,0.367965,-0.560502,23.6952
7.18,-0.0200843,0.369347,-0.254799,0,0.0107731,0.36784,-0.560509,23.7007
7.182,-0.0160088,0.373095,-0.249519,0,0.0107152,0.367716,-0.560517,23.7063
7.184,-0.0160088,0.373095,-0.249519,0,0.0106602,0.36758,-0.560525,23.7118
7.186,-0.0160088,0.373095,-0.249519,0,0.0106134,0.367426,-0.560531,23.7174
7.188,-0.0160088,0.373095,-0.249519,0,0.0105746,0.367255,-0.560533,23.7231
7.19,-0.0160088,0.373095,-0.249519,0,0.0105425,0.367069,-0.560529,23.7288
7.192,-0.0160088,0.373095,-0.249519,0,0.0105158,0.366868,-0.560516,23.7345
7.194,-0.0160088,0.373095,-0.249519,0,0.0104937,0.366653,-0.560492,23.7403
7.196,-0.0160088,0.373095,-0.249519,0,0.0104753,0.366427,-0.560454,23.7461
7.198,-0.0160088,0.373095,-0.249519,0,0.0104599,0.36619,-0.560401,23.752
7.2,-0.0160088,0.373095,-0.249519,0,0.0104471,0.365944,-0.560331,23.758
7.202,-0.016515,0.365676,-0.243245,0,0.0104364,0.36569,-0.560243,23.764
7.204,-0.016515,0.365676,-0.243245,0,0.0104274,0.365417,-0.560134,23.77
7.206,-0.016515,0.365676,-0.243245,0,0.0104197,0.365116,-0.560003,23.7762
7.208,-0.016515,0.365676,-0.243245,0,0.0104131,0.364792,-0.559849,23.7824
7.21,-0.016515,0.365676,-0.243245,0,0.0104071,0.364468,-0.559697,23.7887
7.212,-0.016515,0.365676,-0.243245,0,0.0104009,0.364181,-0.559587,23.795
7.214,-0.016515,0.365676,-0.243245,0,0.0103927,0.363923,-0.55951,23.8014
7.216,-0.016515,0.365676,-0.243245,0,0.0103808,0.363689,-0.559457,23.8077
7.218,-0.016515,0.365676,-0.243245,0,0.0103635,0.363472,-0.559421,23.8141
7.22,-0.016515,0.365676,-0.243245,0,0.0103418,0.363264,-0.559393,23.8205
7.222,-0.0137728,0.370181,-0.242718,0,0.0103194,0.36306,-0.559372,23.8269
7.224,-0.0137728,0.370181,-0.242718,0,0.0102996,0.362845,-0.559352,23.8334
7.226,-0.0137728,0.370181,-0.242718,0,0.0102835,0.362606,-0.559332,23.8399
7.228,-0.0137728,0.370181,-0.242718,0,0.0102705,0.362346,-0.559305,23.8465
7.23,-0.0137728,0.370181,-0.242718,0,0.01026,0.362065,-0.559268,23.8532
7.232,-0.0137728,0.370181,-0.242718,0,0.0102517,0.361764,-0.559217,23.8599
7.234,-0.0137728,0.370181,-0.242718,0,0.0102453,0.361447,-0.559151,23.8667
7.236,-0.0137728,0.370181,-0.242718,0,0.0102403,0.361114,-0.559067,23.8735
7.238,-0.0137728,0.370181,-0.242718,0,0.0102367,0.360768,-0.558963,23.8804
7.24,-0.0137728,0.370181,-0.242718,0,0.0102342,0.360411,-0.558837,23.8874
7.242,-0.0148273,0.359758,-0.239198,0,0.0102326,0.360045,-0.558688,23.8944
7.244,-0.0148273,0.359758,-0.239198,0,0.0102316,0.359658,-0.558514,23.9016
7.246,-0.0148273,0.359758,-0.239198,0,0.0102307,0.359262,-0.558341,23.9088
7.248,-0.0148273,0.359758,-0.239198,0,0.0102294,0.3589,-0.558218,23.9161
7.25,-0.0148273,0.359758,-0.239198,0,0.0102275,0.358564,-0.558136,23.9233
7.252,-0.0148273,0.359758,-0.239198,0,0.0102247,0.358246,-0.558083,23.9307
7.254,-0.0148273,0.359758,-0.239198,0,0.0102206,0.357936,-0.558048,23.9381
7.256,-0.0148273,0.359758,-0.239198,0,0.0102156,0.357628,-0.558022,23.9455
7.258,-0.0148273,0.359758,-0.239198,0,0.0102107,0.357318,-0.558001,23.9529
7.26,-0.0148273,0.359758,-0.239198,0,0.0102064,0.357004,-0.557981,23.9605
7.262,-0.0146772,0.361929,-0.240568,0,0.0102025,0.356683,-0.557955,23.968
7.264,-0.0146772,0.361929,-0.240568,0,0.0101994,0.356345,-0.55792,23.9757
7.266,-0.0146772,0.361929,-0.240568,0,0.010197,0.355984,-0.557872,23.9834
7.268,-0.0146772,0.361929,-0.240568,0,0.0101953,0.355602,-0.557806,23.9913
7.27,-0.0146772,0.361929,-0.240568,0,0.0101942,0.355201,-0.557721,23.9992
7.272,-0.0146772,0.361929,-0.240568,0,0.0101935,0.354784,-0.557613,24.0072
7.274,-0.0146772,0.361929,-0.240568,0,0.0101934,0.35435,-0.55748,24.0152
7.276,-0.0146772,0.361929,-0.240568,0,0.0101936,0.353896,-0.557319,24.0234
7.278,-0.0146772,0.361929,-0.240568,0,0.0101938,0.353468,-0.557191,24.0316
7.28,-0.0146772,0.361929,-0.240568,0,0.0101934,0.353081,-0.557116,24.0398
7.282,-0.0106492,0.356792,-0.242411,0,0.0101925,0.352723,-0.55708,24.0481
7.284,-0.0106492,0.356792,-0.242411,0,0.0101915,0.352374,-0.557067,24.0564
7.286,-0.0106492,0.356792,-0.242411,0,0.0101907,0.352018,-0.55707,24.0648
7.288,-0.0106492,0.356792,-0.242411,0,0.0101896,0.351651,-0.557078,24.0733
7.29,-0.0106492,0.356792,-0.242411,0,0.0101885,0.351273,-0.557087,24.0818
7.292,-0.0106492,0.356792,-0.242411,0,0.0101877,0.350885,-0.557092,24.0904
7.294,-0.0106492,0.356792,-0.242411,0,0.0101875,0.350484,-0.557089,24.099
7.296,-0.0106492,0.356792,-0.242411,0,0.0101877,0.350065,-0.557071,24.1078
7.298,-0.0106492,0.356792,-0.242411,0,0.0101884,0.349627,-0.557033,24.1166
7.3,-0.0106492,0.356792,-0.242411,0,0.0101895,0.349164,-0.556971,24.1255
7.302,-0.0102284,0.349558,-0.24256,0,0.0101909,0.348675,-0.556881,24.1344
7.304,-0.0102284,0.349558,-0.24256,0,0.0101925,0.348157,-0.556761,24.1435
7.306,-0.0102284,0.349558,-0.24256,0,0.0101937,0.347652,-0.556678,24.1526
7.308,-0.0102284,0.349558,-0.24256,0,0.0101941,0.347181,-0.556654,24.1618
7.31,-0.0102284,0.349558,-0.24256,0,0.0101939,0.346731,-0.556671,24.171
7.312,-0.0102284,0.349558,-0.24256,0,0.0101933,0.34629,-0.556714,24.1803
7.314,-0.0102284,0.349558,-0.24256,0,0.0101925,0.345849,-0.556769,24.1896
7.316,-0.0102284,0.349558,-0.24256,0,0.0101916,0.345402,-0.556826,24.199
7.318,-0.0102284,0.349558,-0.24256,0,0.0101902,0.344943,-0.556877,24.2085
7.32,-0.0102284,0.349558,-0.24256,0,0.0101886,0.344473,-0.556919,24.218
7.322,-0.00921403,0.350301,-0.246267,0,0.0101873,0.343992,-0.556947,24.2276
7.324,-0.00921403,0.350301,-0.246267,0,0.0101864,0.343495,-0.556959,24.2372
7.326,-0.00921403,0.350301,-0.246267,0,0.0101859,0.342979,-0.556951,24.247
7.328,-0.00921403,0.350301,-0.246267,0,0.0101859,0.342445,-0.556919,24.2568
7.33,-0.00921403,0.350301,-0.246267,0,0.0101863,0.341897,-0.556857,24.2667
7.332,-0.00921403,0.350301,-0.246267,0,0.0101865,0.341383,-0.556838,24.2767
7.334,-0.00921403,0.350301,-0.246267,0,0.0101864,0.340918,-0.556881,24.2868
7.336,-0.00921403,0.350301,-0.246267,0,0.0101861,0.34048,-0.556967,24.2969
7.338,-0.00921403,0.350301,-0.246267,0,0.0101858,0.340054,-0.557078,24.307
7.34,-0.00921403,0.350301,-0.246267,0,0.0101855,0.339631,-0.5572,24.3172
7.342,-0.00702226,0.347195,-0.250585,0,0.0101852,0.339203,-0.557321,24.3274
7.344,-0.00702226,0.347195,-0.250585,0,0.0101849,0.33876,-0.557433,24.3377
7.346,-0.00702226,0.347195,-0.250585,0,0.0101844,0.338297,-0.557532,24.348
7.348,-0.00702226,0.347195,-0.250585,0,0.0101838,0.337818,-0.557614,24.3585
7.35,-0.00702226,0.347195,-0.250585,0,0.0101835,0.337325,-0.557675,24.369
7.352,-0.00702226,0.347195,-0.250585,0,0.0101836,0.336821,-0.557712,24.3796
7.354,-0.00702226,0.347195,-0.250585,0,0.010184,0.336305,-0.557718,24.3903
7.356,-0.00702226,0.347195,-0.250585,0,0.0101842,0.335829,-0.557769,24.4011
7.358,-0.00702226,0.347195,-0.250585,0,0.0101842,0.3354,-0.557883,24.4119
7.36,-0.00702226,0.347195,-0.250585,0,0.0101842,0.335,-0.558041,24.4227
7.362,-0.00230003,0.343399,-0.256309,0,0.010184,0.334611,-0.558223,24.4336
7.364,-0.00230003,0.343399,-0.256309,0,0.0101839,0.334218,-0.558417,24.4445
7.366,-0.00230003,0.343399,-0.256309,0,0.0101841,0.333808,-0.55861,24.4556
7.368,-0.00230003,0.343399,-0.256309,0,0.0101843,0.333377,-0.558791,24.4666
7.37,-0.00230003,0.343399,-0.256309,0,0.0101846,0.332926,-0.558953,24.4778
7.372,-0.00230003,0.343399,-0.256309,0,0.0101844,0.332459,-0.559091,24.489
7.374,-0.00230003,0.343399,-0.256309,0,0.0101843,0.331979,-0.559201,24.5003
7.376,-0.00230003,0.343399,-0.256309,0,0.0101846,0.331489,-0.559281,24.5117
7.378,-0.00230003,0.343399,-0.256309,0,0.0101851,0.331016,-0.559367,24.5231
7.38,-0.00230003,0.343399,-0.256309,0,0.0101854,0.330597,-0.559526,24.5346
7.382,0.00469801,0.338052,-0.262609,0,0.0101857,0.33021,-0.559735,24.5461
7.384,0.00469801,0.338052,-0.262609,0,0.010186,0.329832,-0.559975,24.5577
7.386,0.00469801,0.338052,-0.262609,0,0.0101866,0.329444,-0.560231,24.5693
7.388,0.00469801,0.338052,-0.262609,0,0.0101874,0.329041,-0.560486,24.581
7.39,0.00469801,0.338052,-0.262609,0,0.0101883,0.328619,-0.560729,24.5927
7.392,0.00469801,0.338052,-0.262609,0,0.0101892,0.328176,-0.56095,24.6045
7.394,0.00469801,0.338052,-0.262609,0,0.0101898,0.327717,-0.561143,24.6164
7.396,0.00469801,0.338052,-0.262609,0,0.0101901,0.327242,-0.561303,24.6283
7.398,0.00469801,0.338052,-0.262609,0,0.0101907,0.326757,-0.561428,24.6403
7.4,0.00469801,0.338052,-0.262609,0,0.0101916,0.326286,-0.561556,24.6524
7.402,0.0127284,0.330981,-0.268802,0,0.0101927,0.325866,-0.561758,24.6645
7.404,0.0127284,0.330981,-0.268802,0,0.010194,0.325469,-0.562012,24.6766
7.406,0.0127284,0.330981,-0.268802,0,0.0101955,0.325073,-0.562297,24.6888
7.408,0.0127284,0.330981,-0.268802,0,0.0101908,0.324634,-0.562595,24.7011
7.41,0.0127284,0.330981,-0.268802,0,0.0101763,0.324114,-0.562888,24.7134
7.412,0.0127284,0.330981,-0.268802,0,0.0101521,0.323476,-0.563156,24.7257
7.414,0.0127284,0.330981,-0.268802,0,0.0101189,0.322697,-0.563385,24.7381
7.416,0.0127284,0.330981,-0.268802,0,0.0100838,0.32177,-0.563569,24.7506
7.418,0.0127284,0.330981,-0.268802,0,0.0100533,0.320696,-0.563706,24.7631
7.42,0.0127284,0.330981,-0.268802,0,0.0100273,0.319504,-0.563834,24.7756
7.422,-0.0812609,0.205407,-0.232787,0,0.010002,0.318246,-0.564029,24.7881
7.424,-0.0812609,0.205407,-0.232787,0,0.00994506,0.317117,-0.564237,24.7998
7.426,-0.0812609,0.205407,-0.232787,0,0.00983526,0.316439,-0.564423,24.8092
7.428,-0.0812609,0.205407,-0.232787,0,0.00967437,0.316114,-0.564582,24.8167
7.43,-0.0812609,0.205407,-0.232787,0,0.00946602,0.316044,-0.564707,24.8225
7.432,-0.0812609,0.205407,-0.232787,0,0.00921221,0.31615,-0.56479,24.8269
7.434,-0.0812609,0.205407,-0.232787,0,0.00891357,0.316366,-0.56482,24.8301
7.436,-0.0812609,0.205407,-0.232787,0,0.00857183,0.316641,-0.56479,24.8323
7.438,-0.0812609,0.205407,-0.232787,0,0.00819078,0.316938,-0.564699,24.8336
7.44,-0.0812609,0.205407,-0.232787,0,0.00777524,0.31723,-0.564549,24.8343
7.442,-0.00457448,0.582338,0.108311,0,0.0073302,0.317499,-0.564347,24.8343
7.444,-0.00457448,0.582338,0.108311,0,0.00690694,0.317969,-0.564068,24.8337
7.446,-0.00457448,0.582338,0.108311,0,0.0065468,0.318832,-0.563684,24.8326
7.448,-0.00457448,0.582338,0.108311,0,0.00623907,0.320017,-0.563193,24.8309
7.45,-0.00457448,0.582338,0.108311,0,0.00597503,0.321467,-0.562594,24.8287
7.452,-0.00457448,0.582338,0.108311,0,0.00574832,0.323134,-0.561888,24.8262
7.454,-0.00457448,0.582338,0.108311,0,0.00555478,0.324979,-0.561079,24.8234
7.456,-0.00457448,0.582338,0.108311,0,0.00539109,0.326971,-0.56017,24.8204
7.458,-0.00457448,0.582338,0.108311,0,0.00525428,0.329082,-0.559164,24.8171
7.46,-0.00457448,0.582338,0.108311,0,0.00514146,0.331291,-0.558067,24.8137
7.462,0.149323,0.665,0.313235,0,0.00504897,0.33358,-0.556882,24.8101
7.464,0.149323,0.665,0.313235,0,0.00500864,0.336034,-0.555589,24.8063
7.466,0.149323,0.665,0.313235,0,0.00504884,0.33873,-0.554167,24.8024
7.468,0.149323,0.665,0.313235,0,0.005159,0.341625,-0.552621,24.7984
7.47,0.149323,0.665,0.313235,0,0.00532967,0.344685,-0.550953,24.7943
7.472,0.149323,0.665,0.313235,0,0.00555262,0.347882,-0.549167,24.79
7.474,0.149323,0.665,0.313235,0,0.00582278,0.351194,-0.547267,24.7858
7.476,0.149323,0.665,0.313235,0,0.00613718,0.354607,-0.545256,24.7815
7.478,0.149323,0.665,0.313235,0,0.00648521,0.358103,-0.543138,24.7771
7.48,0.149323,0.665,0.313235,0,0.00686056,0.361664,-0.540916,24.7728
7.482,0.485429,0.801893,0.610779,0,0.00725924,0.365273,-0.538593,24.7684
7.484,0.485429,0.801893,0.610779,0,0.00764892,0.368961,-0.536192,24.764
7.486,0.485429,0.801893,0.610779,0,0.008008,0.372737,-0.533735,24.7596
7.488,0.485429,0.801893,0.610779,0,0.0083492,0.376554,-0.531217,24.7553
7.49,0.485429,0.801893,0.610779,0,0.00868414,0.380379,-0.528636,24.7509
7.492,0.485429,0.801893,0.610779,0,0.00901932,0.384191,-0.52599,24.7466
7.494,0.485429,0.801893,0.610779,0,0.00936039,0.387968,-0.523278,24.7422
7.496,0.485429,0.801893,0.610779,0,0.00971381,0.391695,-0.520501,24.7379
7.498,0.485429,0.801893,0.610779,0,0.0100904,0.395374,-0.51766,24.7336
7.5,0.485429,0.801893,0.610779,0,0.0104913,0.399013,-0.514758,24.7294
7.502,0.639768,1.01378,0.794068,0,0.0109099,0.402624,-0.511797,24.7252
7.504,0.639768,1.01378,0.794068,0,0.0112037,0.406303,-0.50884,24.721
7.506,0.639768,1.01378,0.794068,0,0.0112705,0.410091,-0.50594,24.7168
7.508,0.639768,1.01378,0.794068,0,0.0111766,0.413904,-0.503082,24.7127
7.51,0.639768,1.01378,0.794068,0,0.0109744,0.417675,-0.500251,24.7086
7.512,0.639768,1.01378,0.794068,0,0.0107069,0.421352,-0.497436,24.7046
7.514,0.639768,1.01378,0.794068,0,0.0104084,0.424902,-0.494628,24.7006
7.516,0.639768,1.01378,0.794068,0,0.010106,0.428302,-0.491822,24.6966
7.518,0.639768,1.01378,0.794068,0,0.00981821,0.431539,-0.489011,24.6926
7.52,0.639768,1.01378,0.794068,0,0.00955172,0.434604,-0.486188,24.6887
7.522,0.47242,1.11752,0.758213,0,0.0093151,0.437499,-0.483349,24.6848
7.524,0.47242,1.11752,0.758213,0,0.0090396,0.440298,-0.480533,24.681
7.526,0.47242,1.11752,0.758213,0,0.00866932,0.443056,-0.477776,24.6772
7.528,0.47242,1.11752,0.758213,0,0.00823864,0.445742,-0.475069,24.6734
7.53,0.47242,1.11752,0.758213,0,0.00777502,0.448339,-0.472407,24.6697
7.532,0.47242,1.11752,0.758213,0,0.00729013,0.450827,-0.469781,24.6661
7.534,0.47242,1.11752,0.758213,0,0.00679453,0.453203,-0.467183,24.6625
7.536,0.47242,1.11752,0.758213,0,0.00630597,0.455472,-0.46461,24.6589
7.538,0.47242,1.11752,0.758213,0,0.005838,0.457643,-0.462059,24.6554
7.54,0.47242,1.11752,0.758213,0,0.005386,0.459685,-0.459535,24.6522
7.542,0.36255,1.09059,0.702685,0,0.00495184,0.461595,-0.457038,24.6495
7.544,0.36255,1.09059,0.702685,0,0.00456498,0.463367,-0.45457,24.647
7.546,0.36255,1.09059,0.702685,0,0.00425215,0.465031,-0.45213,24.6445
7.548,0.36255,1.09059,0.702685,0,0.00400092,0.466612,-0.44971,24.6419
7.55,0.36255,1.09059,0.702685,0,0.00380229,0.468132,-0.447304,24.6393
7.552,0.36255,1.09059,0.702685,0,0.00364916,0.469606,-0.444903,24.6367
7.554,0.36255,1.09059,0.702685,0,0.00353502,0.471046,-0.442501,24.634
7.556,0.36255,1.09059,0.702685,0,0.00344195,0.472428,-0.440076,24.6314
7.558,0.36255,1.09059,0.702685,0,0.00334611,0.4737,-0.437607,24.6292
7.56,0.36255,1.09059,0.702685,0,0.00327953,0.474984,-0.435121,24.627
7.562,0.33274,0.944242,0.605734,0,0.00324933,0.476336,-0.43262,24.6247
7.564,0.33274,0.944242,0.605734,0,0.00329945,0.477584,-0.430059,24.6223
7.566,0.33274,0.944242,0.605734,0,0.00346155,0.478598,-0.427399,24.6198
7.568,0.33274,0.944242,0.605734,0,0.00369207,0.479427,-0.424637,24.6174
7.57,0.33274,0.944242,0.605734,0,0.00394023,0.480094,-0.421764,24.6151
7.572,0.33274,0.944242,0.605734,0,0.00421697,0.480705,-0.41881,24.6129
7.574,0.33274,0.944242,0.605734,0,0.00452131,0.481331,-0.415795,24.6107
7.576,0.33274,0.944242,0.605734,0,0.00483637,0.481998,-0.41272,24.6084
7.578,0.33274,0.944242,0.605734,0,0.00512969,0.482671,-0.409574,24.6063
7.58,0.33274,0.944242,0.605734,0,0.00549952,0.483385,-0.406017,24.6042
7.582,0.300915,0.664187,0.426184,0,0.00589042,0.484096,-0.402103,24.6024
7.584,0.300915,0.664187,0.426184,0,0.00623675,0.484559,-0.398174,24.6008
7.586,0.300915,0.664187,0.426184,0,0.00657223,0.484599,-0.394168,24.5996
7.588,0.300915,0.664187,0.426184,0,0.00688723,0.484358,-0.390109,24.5988
7.59,0.300915,0.664187,0.426184,0,0.00720504,0.484011,-0.386048,24.598
7.592,0.300915,0.664187,0.426184,0,0.00757063,0.483752,-0.382047,24.5971
7.594,0.300915,0.664187,0.426184,0,0.00795311,0.483601,-0.378093,24.5959
7.596,0.300915,0.664187,0.426184,0,0.00833024,0.483565,-0.374167,24.5946
7.598,0.300915,0.664187,0.426184,0,0.0086848,0.483642,-0.370248,24.5931
7.6,0.300915,0.664187,0.426184,0,0.00904525,0.483819,-0.366172,24.5913
7.602,0.0977575,0.539764,-0.506899,0,0.00948558,0.484084,-0.361647,24.5894
7.604,0.0977575,0.539764,-0.506899,0,0.0100039,0.484642,-0.357388,24.5882
7.606,0.0977575,0.539764,-0.506899,0,0.0105688,0.485581,-0.353928,24.5886
7.608,0.0977575,0.539764,-0.506899,0,0.0111377,0.486825,-0.351112,24.5907
7.61,0.0977575,0.539764,-0.506899,0,0.0116772,0.488341,-0.348837,24.5944
7.612,0.0977575,0.539764,-0.506899,0,0.0121625,0.490097,-0.347016,24.5996
7.614,0.0977575,0.539764,-0.506899,0,0.0125786,0.492069,-0.345584,24.6061
7.616,0.0977575,0.539764,-0.506899,0,0.0129226,0.494192,-0.34449,24.6138
7.618,0.0977575,0.539764,-0.506899,0,0.0132125,0.496326,-0.343677,24.6226
7.62,0.0977575,0.539764,-0.506899,0,0.013463,0.498386,-0.343088,24.6325
7.622,-0.0452205,0.541825,-1.35748,0,0.0136725,0.50051,-0.342887,24.6425
7.624,-0.0452205,0.541825,-1.35748,0,0.0139581,0.503171,-0.343737,24.6531
7.626,-0.0452205,0.541825,-1.35748,0,0.014409,0.506628,-0.346074,24.6652
7.628,-0.0452205,0.541825,-1.35748,0,0.0149626,0.510628,-0.349618,24.6787
7.63,-0.0452205,0.541825,-1.35748,0,0.0155688,0.514986,-0.354141,24.6933
7.632,-0.0452205,0.541825,-1.35748,0,0.0161972,0.519546,-0.359462,24.7089
7.634,-0.0452205,0.541825,-1.35748,0,0.0168212,0.524193,-0.365432,24.7255
7.636,-0.0452205,0.541825,-1.35748,0,0.0174179,0.528844,-0.371932,24.7429
7.638,-0.0452205,0.541825,-1.35748,0,0.0179701,0.533439,-0.378862,24.761
7.64,-0.0452205,0.541825,-1.35748,0,0.0184646,0.537935,-0.386144,24.7798
7.642,0.00357696,0.611754,-1.77345,0,0.0188909,0.542313,-0.393715,24.7992
7.644,0.00357696,0.611754,-1.77345,0,0.0193571,0.547072,-0.401937,24.8195
7.646,0.00357696,0.611754,-1.77345,0,0.0199444,0.552592,-0.411091,24.8407
7.648,0.00357696,0.611754,-1.77345,0,0.0206022,0.558657,-0.420991,24.8627
7.65,0.00357696,0.611754,-1.77345,0,0.0213104,0.565074,-0.431652,24.8848
7.652,0.00357696,0.611754,-1.77345,0,0.022042,0.57169,-0.443002,24.9068
7.654,0.00357696,0.611754,-1.77345,0,0.0227655,0.578396,-0.454896,24.9287
7.656,0.00357696,0.611754,-1.77345,0,0.0234545,0.585099,-0.46722,24.9504
7.658,0.00357696,0.611754,-1.77345,0,0.0240915,0.591733,-0.479881,24.972
7.66,0.00357696,0.611754,-1.77345,0,0.0246658,0.598247,-0.492803,24.9933
7.662,0.0222609,0.492594,-1.70598,0,0.0251714,0.604607,-0.505924,25.0145
7.664,0.0222609,0.492594,-1.70598,0,0.0256234,0.610756,-0.519131,25.0354
7.666,0.0222609,0.492594,-1.70598,0,0.0260345,0.616648,-0.532331,25.056
7.668,0.0222609,0.492594,-1.70598,0,0.0264049,0.622274,-0.545507,25.0764
7.67,0.0222609,0.492594,-1.70598,0,0.0267345,0.627631,-0.558648,25.0965
7.672,0.0222609,0.492594,-1.70598,0,0.0270232,0.63272,-0.571741,25.1164
7.674,0.0222609,0.492594,-1.70598,0,0.0272712,0.637538,-0.584778,25.136
7.676,0.0222609,0.492594,-1.70598,0,0.0274787,0.642079,-0.597751,25.1555
7.678,0.0222609,0.492594,-1.70598,0,0.0276484,0.646342,-0.610654,25.1747
7.68,0.0222609,0.492594,-1.70598,0,0.0277859,0.650329,-0.623485,25.1938
7.682,0.0339314,0.385289,-1.45479,0,0.027897,0.654043,-0.63624,25.2127
7.684,0.0339314,0.385289,-1.45479,0,0.0279678,0.657276,-0.648679,25.2314
7.686,0.0339314,0.385289,-1.45479,0,0.0279874,0.659876,-0.660607,25.2498
7.688,0.0339314,0.385289,-1.45479,0,0.0279679,0.661929,-0.672096,25.2681
7.69,0.0339314,0.385289,-1.45479,0,0.0279213,0.663498,-0.683199,25.2862
7.692,0.0339314,0.385289,-1.45479,0,0.0278574,0.664642,-0.693964,25.3041
7.694,0.0339314,0.385289,-1.45479,0,0.0277825,0.665417,-0.704429,25.3219
7.696,0.0339314,0.385289,-1.45479,0,0.0277005,0.665868,-0.714625,25.3395
7.698,0.0339314,0.385289,-1.45479,0,0.0276137,0.666035,-0.724579,25.3571
7.7,0.0339314,0.385289,-1.45479,0,0.0275187,0.665949,-0.734309,25.3745
7.702,0.108697,0.348888,-1.18397,0,0.0274116,0.665637,-0.743834,25.3918
7.704,0.108697,0.348888,-1.18397,0,0.0272971,0.664879,-0.752939,25.409
7.706,0.108697,0.348888,-1.18397,0,0.0271763,0.663509,-0.761443,25.4261
7.708,0.108697,0.348888,-1.18397,0,0.027059,0.66164,-0.769425,25.443
7.71,0.108697,0.348888,-1.18397,0,0.0269484,0.659354,-0.776949,25.4598
7.712,0.108697,0.348888,-1.18397,0,0.0268508,0.656722,-0.784069,25.4764
7.714,0.108697,0.348888,-1.18397,0,0.0267704,0.653794,-0.790832,25.493
7.716,0.108697,0.348888,-1.18397,0,0.0267049,0.650621,-0.797276,25.5095
7.718,0.108697,0.348888,-1.18397,0,0.0266519,0.647249,-0.803432,25.526
7.72,0.108697,0.348888,-1.18397,0,0.0266092,0.643719,-0.80933,25.5423
7.722,0.166691,0.344465,-0.76606,0,0.026575,0.640062,-0.814993,25.5586
7.724,0.166691,0.344465,-0.76606,0,0.0265279,0.636033,-0.820111,25.5748
7.726,0.166691,0.344465,-0.76606,0,0.0264618,0.631452,-0.824422,25.5907
7.728,0.166691,0.344465,-0.76606,0,0.0263984,0.62645,-0.828028,25.6064
7.73,0.166691,0.344465,-0.76606,0,0.0263466,0.621129,-0.831019,25.6218
7.732,0.166691,0.344465,-0.76606,0,0.026305,0.615583,-0.833469,25.6372
7.734,0.166691,0.344465,-0.76606,0,0.0262772,0.609892,-0.835453,25.6524
7.736,0.166691,0.344465,-0.76606,0,0.0262648,0.604119,-0.837037,25.6674
7.738,0.166691,0.344465,-0.76606,0,0.026275,0.598305,-0.83827,25.6824
7.74,0.166691,0.344465,-0.76606,0,0.0263111,0.592481,-0.839189,25.6973
7.742,0.202973,0.435052,-0.377823,0,0.0263698,0.586668,-0.839827,25.7121
7.744,0.202973,0.435052,-0.377823,0,0.0264346,0.580692,-0.839939,25.7267
7.746,0.202973,0.435052,-0.377823,0,0.0264993,0.574431,-0.839315,25.741
7.748,0.202973,0.435052,-0.377823,0,0.026584,0.56799,-0.838051,25.755
7.75,0.202973,0.435052,-0.377823,0,0.0266973,0.561454,-0.836225,25.7687
7.752,0.202973,0.435052,-0.377823,0,0.0268403,0.554887,-0.833904,25.7823
7.754,0.202973,0.435052,-0.377823,0,0.0270192,0.548342,-0.831149,25.7956
7.756,0.202973,0.435052,-0.377823,0,0.0272402,0.541861,-0.828013,25.8088
7.758,0.202973,0.435052,-0.377823,0,0.0275074,0.535476,-0.824542,25.8219
7.76,0.202973,0.435052,-0.377823,0,0.0278225,0.529213,-0.820779,25.8349
7.762,0.175844,0.492589,-0.0814687,0,0.028184,0.523083,-0.816759,25.8477
7.764,0.175844,0.492589,-0.0814687,0,0.0285785,0.516957,-0.812303,25.8604
7.766,0.175844,0.492589,-0.0814687,0,0.0290011,0.51074,-0.807258,25.8727
7.768,0.175844,0.492589,-0.0814687,0,0.0294645,0.504502,-0.801702,25.8847
7.77,0.175844,0.492589,-0.0814687,0,0.0299772,0.498295,-0.7957,25.8964
7.772,0.175844,0.492589,-0.0814687,0,0.0305441,0.492163,-0.789312,25.9079
7.774,0.175844,0.492589,-0.0814687,0,0.0311677,0.486137,-0.782589,25.9192
7.776,0.175844,0.492589,-0.0814687,0,0.0318485,0.480243,-0.775575,25.9304
7.778,0.175844,0.492589,-0.0814687,0,0.0325854,0.4745,-0.768311,25.9414
7.78,0.175844,0.492589,-0.0814687,0,0.0333761,0.468921,-0.760831,25.9523
7.782,0.102989,0.403329,0.125818,0,0.0342167,0.463516,-0.753167,25.9632
7.784,0.102989,0.403329,0.125818,0,0.035068,0.458134,-0.745148,25.9738
7.786,0.102989,0.403329,0.125818,0,0.0359035,0.452663,-0.73663,25.9841
7.788,0.102989,0.403329,0.125818,0,0.0367394,0.447158,-0.727685,25.9942
7.79,0.102989,0.403329,0.125818,0,0.0375877,0.441666,-0.718378,26.0042
7.792,0.102989,0.403329,0.125818,0,0.0384565,0.436223,-0.708764,26.0139
7.794,0.102989,0.403329,0.125818,0,0.0393512,0.430855,-0.698892,26.0235
7.796,0.102989,0.403329,0.125818,0,0.0402749,0.425586,-0.688806,26.0329
7.798,0.102989,0.403329,0.125818,0,0.0412289,0.420431,-0.678544,26.0423
7.8,0.102989,0.403329,0.125818,0,0.0422099,0.415625,-0.668781,26.0515
7.802,0.0137191,0.290511,0.118257,0,0.0431885,0.411532,-0.660675,26.0604
7.804,0.0137191,0.290511,0.118257,0,0.0440912,0.407947,-0.653945,26.0693
7.806,0.0137191,0.290511,0.118257,0,0.0448589,0.404687,-0.648326,26.0781
7.808,0.0137191,0.290511,0.118257,0,0.0454908,0.401643,-0.643614,26.087
7.81,0.0137191,0.290511,0.118257,0,0.0459976,0.398738,-0.639637,26.096
7.812,0.0137191,0.290511,0.118257,0,0.0463804,0.395909,-0.636249,26.105
7.814,0.0137191,0.290511,0.118257,0,0.046662,0.393132,-0.633289,26.1142
7.816,0.0137191,0.290511,0.118257,0,0.0468551,0.39038,-0.63065,26.1238
7.818,0.0137191,0.290511,0.118257,0,0.0469597,0.387627,-0.628259,26.1336
7.82,0.0137191,0.290511,0.118257,0,0.0469608,0.384875,-0.6261,26.1435
7.822,0.0329172,0.39692,0.0141724,0,0.0468395,0.382148,-0.624194,26.1531
7.824,0.0329172,0.39692,0.0141724,0,0.0466445,0.379568,-0.622527,26.1624
7.826,0.0329172,0.39692,0.0141724,0,0.046424,0.377233,-0.621089,26.1714
7.828,0.0329172,0.39692,0.0141724,0,0.0461837,0.375084,-0.61982,26.1802
7.83,0.0329172,0.39692,0.0141724,0,0.0459275,0.373074,-0.618671,26.1887
7.832,0.0329172,0.39692,0.0141724,0,0.045656,0.371166,-0.617601,26.1971
7.834,0.0329172,0.39692,0.0141724,0,0.0453696,0.369334,-0.616578,26.2053
7.836,0.0329172,0.39692,0.0141724,0,0.0450693,0.367557,-0.615575,26.2133
7.838,0.0329172,0.39692,0.0141724,0,0.0447562,0.365821,-0.614571,26.2212
7.84,0.0329172,0.39692,0.0141724,0,0.0444317,0.364115,-0.613549,26.2289
7.842,0.042285,0.393284,-0.0408301,0,0.0440971,0.362433,-0.612497,26.2366
7.844,0.042285,0.393284,-0.0408301,0,0.0437574,0.360828,-0.611426,26.2441
7.846,0.042285,0.393284,-0.0408301,0,0.043417,0.359344,-0.610347,26.2514
7.848,0.042285,0.393284,-0.0408301,0,0.0430767,0.357954,-0.609249,26.2587
7.85,0.042285,0.393284,-0.0408301,0,0.0427368,0.35668,-0.60818,26.2658
7.852,0.042285,0.393284,-0.0408301,0,0.0423978,0.355516,-0.607149,26.2727
7.854,0.042285,0.393284,-0.0408301,0,0.0420607,0.354433,-0.60614,26.2794
7.856,0.042285,0.393284,-0.0408301,0,0.0417267,0.353409,-0.605138,26.286
7.858,0.042285,0.393284,-0.0408301,0,0.0413969,0.352429,-0.604133,26.2925
7.86,0.042285,0.393284,-0.0408301,0,0.0410723,0.351481,-0.603118,26.2988
7.862,0.0402216,0.353848,-0.0960628,0,0.0407538,0.350554,-0.602087,26.3051
7.864,0.0402216,0.353848,-0.0960628,0,0.0404341,0.349669,-0.601044,26.3112
7.866,0.0402216,0.353848,-0.0960628,0,0.040107,0.34884,-0.599995,26.3172
7.868,0.0402216,0.353848,-0.0960628,0,0.0397755,0.348056,-0.598937,26.3232
7.87,0.0402216,0.353848,-0.0960628,0,0.039442,0.347305,-0.597866,26.3291
7.872,0.0402216,0.353848,-0.0960628,0,0.0391084,0.346578,-0.596781,26.3349
7.874,0.0402216,0.353848,-0.0960628,0,0.0387766,0.345868,-0.59568,26.3407
7.876,0.0402216,0.353848,-0.0960628,0,0.038448,0.345167,-0.594564,26.3465
7.878,0.0402216,0.353848,-0.0960628,0,0.038124,0.344472,-0.593433,26.3522
7.88,0.0402216,0.353848,-0.0960628,0,0.0378058,0.343778,-0.592286,26.3579
7.882,0.0303966,0.316507,-0.174619,0,0.0374941,0.343082,-0.591126,26.3636
7.884,0.0303966,0.316507,-0.174619,0,0.0371833,0.342397,-0.589964,26.3692
7.886,0.0303966,0.316507,-0.174619,0,0.0368692,0.341767,-0.588863,26.3749
7.888,0.0303966,0.316507,-0.174619,0,0.0365549,0.341184,-0.587835,26.3804
7.89,0.0303966,0.316507,-0.174619,0,0.0362412,0.340633,-0.586867,26.3859
7.892,0.0303966,0.316507,-0.174619,0,0.0359294,0.340099,-0.58595,26.3914
7.894,0.0303966,0.316507,-0.174619,0,0.0356206,0.339574,-0.585073,26.3967
7.896,0.0303966,0.316507,-0.174619,0,0.0353156,0.339049,-0.584232,26.4021
7.898,0.0303966,0.316507,-0.174619,0,0.0350157,0.338516,-0.58342,26.4074
7.9,0.0303966,0.316507,-0.174619,0,0.0347217,0.337972,-0.582632,26.4127
7.902,0.0177952,0.313393,-0.240754,0,0.0344345,0.337411,-0.581866,26.4179
7.904,0.0177952,0.313393,-0.240754,0,0.0341476,0.336865,-0.581131,26.4231
7.906,0.0177952,0.313393,-0.240754,0,0.0338556,0.336356,-0.580436,26.4283
7.908,0.0177952,0.313393,-0.240754,0,0.0335605,0.335873,-0.579775,26.4334
7.91,0.0177952,0.313393,-0.240754,0,0.0332642,0.335404,-0.579146,26.4385
7.912,0.0177952,0.313393,-0.240754,0,0.0329685,0.334943,-0.578546,26.4436
7.914,0.0177952,0.313393,-0.240754,0,0.0326747,0.334481,-0.577971,26.4486
7.916,0.0177952,0.313393,-0.240754,0,0.0323842,0.334016,-0.577421,26.4537
7.918,0.0177952,0.313393,-0.240754,0,0.0320981,0.333543,-0.576894,26.4587
7.92,0.0177952,0.313393,-0.240754,0,0.0318173,0.333059,-0.576389,26.4638
7.922,0.0131969,0.322926,-0.273847,0,0.0315426,0.332562,-0.575904,26.4688
7.924,0.0131969,0.322926,-0.273847,0,0.0312725,0.33209,-0.575446,26.4738
7.926,0.0131969,0.322926,-0.273847,0,0.0310042,0.331683,-0.575039,26.4788
7.928,0.0131969,0.322926,-0.273847,0,0.0307343,0.331351,-0.574711,26.4837
7.93,0.0131969,0.322926,-0.273847,0,0.0304619,0.331076,-0.574449,26.4885
7.932,0.0131969,0.322926,-0.273847,0,0.0301867,0.330843,-0.574242,26.4932
7.934,0.0131969,0.322926,-0.273847,0,0.0299091,0.330638,-0.574083,26.4978
7.936,0.0131969,0.322926,-0.273847,0,0.0296294,0.330453,-0.573963,26.5024
7.938,0.0131969,0.322926,-0.273847,0,0.0293481,0.33028,-0.573876,26.507
7.94,0.0131969,0.322926,-0.273847,0,0.0290658,0.330112,-0.573819,26.5115
7.942,0.0148837,0.347023,-0.294675,0,0.0287832,0.329944,-0.573787,26.5159
7.944,0.0148837,0.347023,-0.294675,0,0.0285023,0.329794,-0.573781,26.5203
7.946,0.0148837,0.347023,-0.294675,0,0.0282252,0.329676,-0.573802,26.5246
7.948,0.0148837,0.347023,-0.294675,0,0.027952,0.329582,-0.573846,26.5289
7.95,0.0148837,0.347023,-0.294675,0,0.0276835,0.329508,-0.573911,26.5332
7.952,0.0148837,0.347023,-0.294675,0,0.0274202,0.329448,-0.573994,26.5374
7.954,0.0148837,0.347023,-0.294675,0,0.0271623,0.329401,-0.574093,26.5416
7.956,0.0148837,0.347023,-0.294675,0,0.0269111,0.329363,-0.574206,26.5457
7.958,0.0148837,0.347023,-0.294675,0,0.026668,0.329331,-0.574333,26.5498
7.96,0.0148837,0.347023,-0.294675,0,0.0264343,0.329303,-0.574472,26.5539
7.962,0.0105352,0.36221,-0.303493,0,0.026211,0.329279,-0.574621,26.558
7.964,0.0105352,0.36221,-0.303493,0,0.0259965,0.329264,-0.574779,26.5621
7.966,0.0105352,0.36221,-0.303493,0,0.0257891,0.329263,-0.574943,26.5661
7.968,0.0105352,0.36221,-0.303493,0,0.0255893,0.329269,-0.575111,26.5701
7.97,0.0105352,0.36221,-0.303493,0,0.0253977,0.329276,-0.575282,26.5742
7.972,0.0105352,0.36221,-0.303493,0,0.0252148,0.329284,-0.575456,26.5782
7.974,0.0105352,0.36221,-0.303493,0,0.0250411,0.329292,-0.575632,26.5822
7.976,0.0105352,0.36221,-0.303493,0,0.0248769,0.32931,-0.575828,26.5862
7.978,0.0105352,0.36221,-0.303493,0,0.0247211,0.329357,-0.576072,26.5901
7.98,0.0105352,0.36221,-0.303493,0,0.0245721,0.329422,-0.576359,26.594
7.982,0.00102869,0.373227,-0.308672,0,0.0244284,0.3295,-0.57668,26.5978
7.984,0.00102869,0.373227,-0.308672,0,0.0242865,0.329603,-0.57703,26.6016
7.986,0.00102869,0.373227,-0.308672,0,0.0241436,0.329743,-0.577402,26.6053
7.988,0.00102869,0.373227,-0.308672,0,0.0239994,0.32991,-0.577792,26.6089
7.99,0.00102869,0.373227,-0.308672,0,0.023854,0.330095,-0.578193,26.6125
7.992,0.00102869,0.373227,-0.308672,0,0.0237075,0.330293,-0.578603,26.6161
7.994,0.00102869,0.373227,-0.308672,0,0.0235602,0.330497,-0.579016,26.6196
7.996,0.00102869,0.373227,-0.308672,0,0.0234124,0.330704,-0.579431,26.6231
7.998,0.00102869,0.373227,-0.308672,0,0.0232642,0.33091,-0.579845,26.6266
8,0.00102869,0.373227,-0.308672,0,0.0231162,0.331114,-0.580256,26.6301
8.002,-0.00778733,0.384169,-0.315036,0,0.0229686,0.331312,-0.580662,26.6335
8.004,-0.00778733,0.384169,-0.315036,0,0.022823,0.331516,-0.581064,26.6369
8.006,-0.00778733,0.384169,-0.315036,0,0.0226809,0.331736,-0.581461,26.6403
8.008,-0.00778733,0.384169,-0.315036,0,0.022542,0.331967,-0.581851,26.6437
8.01,-0.00778733,0.384169,-0.315036,0,0.0224064,0.332206,-0.582232,26.6471
8.012,-0.00778733,0.384169,-0.315036,0,0.0222741,0.332448,-0.582604,26.6505
8.014,-0.00778733,0.384169,-0.315036,0,0.0221451,0.332691,-0.582966,26.6539
8.016,-0.00778733,0.384169,-0.315036,0,0.0220194,0.332935,-0.583317,26.6573
8.018,-0.00778733,0.384169,-0.315036,0,0.0218972,0.333176,-0.583657,26.6607
8.02,-0.00778733,0.384169,-0.315036,0,0.0217784,0.333414,-0.583984,26.6642
8.022,-0.0164599,0.384974,-0.312273,0,0.0216632,0.333647,-0.5843,26.6676
8.024,-0.0164599,0.384974,-0.312273,0,0.0215512,0.333872,-0.5846,26.6711
8.026,-0.0164599,0.384974,-0.312273,0,0.0214418,0.334087,-0.584881,26.6746
8.028,-0.0164599,0.384974,-0.312273,0,0.0213354,0.334292,-0.585144,26.6781
8.03,-0.0164599,0.384974,-0.312273,0,0.021232,0.334489,-0.58539,26.6817
8.032,-0.0164599,0.384974,-0.312273,0,0.0211318,0.334678,-0.585618,26.6853
8.034,-0.0164599,0.384974,-0.312273,0,0.0210347,0.334861,-0.585828,26.689
8.036,-0.0164599,0.384974,-0.312273,0,0.0209414,0.335066,-0.586058,26.6926
8.038,-0.0164599,0.384974,-0.312273,0,0.020851,0.335304,-0.586317,26.6962
8.04,-0.0164599,0.384974,-0.312273,0,0.020762,0.335567,-0.586599,26.6998
8.042,-0.0212043,0.386167,-0.306403,0,0.020673,0.33585,-0.586898,26.7033
8.044,-0.0212043,0.386167,-0.306403,0,0.0205855,0.336136,-0.587204,26.7069
8.046,-0.0212043,0.386167,-0.306403,0,0.0205007,0.336417,-0.58751,26.7104
8.048,-0.0212043,0.386167,-0.306403,0,0.0204176,0.336691,-0.587812,26.7139
8.05,-0.0212043,0.386167,-0.306403,0,0.0203355,0.336961,-0.588108,26.7174
8.052,-0.0212043,0.386167,-0.306403,0,0.0202539,0.337226,-0.588395,26.7209
8.054,-0.0212043,0.386167,-0.306403,0,0.0201723,0.337488,-0.588671,26.7243
8.056,-0.0212043,0.386167,-0.306403,0,0.0200906,0.337746,-0.588934,26.7278
8.058,-0.0212043,0.386167,-0.306403,0,0.0200085,0.338001,-0.589182,26.7313
8.06,-0.0212043,0.386167,-0.306403,0,0.019926,0.338254,-0.589416,26.7348
8.062,-0.0204753,0.395454,-0.301773,0,0.0198428,0.338504,-0.589634,26.7383
8.064,-0.0204753,0.395454,-0.301773,0,0.0197657,0.338739,-0.589833,26.7418
8.066,-0.0204753,0.395454,-0.301773,0,0.0197018,0.338948,-0.590011,26.7453
8.068,-0.0204753,0.395454,-0.301773,0,0.0196492,0.339135,-0.590169,26.7489
8.07,-0.0204753,0.395454,-0.301773,0,0.0196058,0.3393,-0.590304,26.7525
8.072,-0.0204753,0.395454,-0.301773,0,0.0195702,0.339446,-0.590418,26.7561
8.074,-0.0204753,0.395454,-0.301773,0,0.0195412,0.339575,-0.59051,26.7597
8.076,-0.0204753,0.395454,-0.301773,0,0.019518,0.339691,-0.590584,26.7633
8.078,-0.0204753,0.395454,-0.301773,0,0.0194996,0.339796,-0.590641,26.767
8.08,-0.0204753,0.395454,-0.301773,0,0.0194853,0.339891,-0.59068,26.7707
8.082,-0.0251623,0.378982,-0.287066,0,0.019474,0.339975,-0.590701,26.7744
8.084,-0.0251623,0.378982,-0.287066,0,0.0194648,0.340047,-0.590701,26.7782
8.086,-0.0251623,0.378982,-0.287066,0,0.019457,0.340104,-0.590678,26.782
8.088,-0.0251623,0.378982,-0.287066,0,0.0194502,0.340149,-0.590632,26.7859
8.09,-0.0251623,0.378982,-0.287066,0,0.019444,0.340185,-0.590565,26.7898
8.092,-0.0251623,0.378982,-0.287066,0,0.0194376,0.340219,-0.590492,26.7938
8.094,-0.0251623,0.378982,-0.287066,0,0.0194291,0.340265,-0.590445,26.7977
8.096,-0.0251623,0.378982,-0.287066,0,0.0194172,0.340319,-0.590416,26.8017
8.098,-0.0251623,0.378982,-0.287066,0,0.0194013,0.340379,-0.590401,26.8056
8.1,-0.0251623,0.378982,-0.287066,0,0.0193806,0.340444,-0.590395,26.8095
8.102,-0.0226372,0.378548,-0.277964,0,0.0193551,0.340512,-0.590393,26.8134
8.104,-0.0226372,0.378548,-0.277964,0,0.0193288,0.340574,-0.590393,26.8173
8.106,-0.0226372,0.378548,-0.277964,0,0.019305,0.340626,-0.590392,26.8213
8.108,-0.0226372,0.378548,-0.277964,0,0.0192788,0.340669,-0.59039,26.8252
8.11,-0.0226372,0.378548,-0.277964,0,0.0192435,0.340701,-0.590387,26.8292
8.112,-0.0226372,0.378548,-0.277964,0,0.0192021,0.340714,-0.590383,26.8332
8.114,-0.0226372,0.378548,-0.277964,0,0.0191569,0.340695,-0.590375,26.8372
8.116,-0.0226372,0.378548,-0.277964,0,0.0191093,0.340638,-0.59036,26.8412
8.118,-0.0226372,0.378548,-0.277964,0,0.0190606,0.340536,-0.590336,26.8452
8.12,-0.0226372,0.378548,-0.277964,0,0.0190113,0.34039,-0.590304,26.8492
8.122,-0.0393151,0.33481,-0.267431,0,0.0189611,0.340198,-0.590261,26.8533
8.124,-0.0393151,0.33481,-0.267431,0,0.0188905,0.339961,-0.590204,26.8574
8.126,-0.0393151,0.33481,-0.267431,0,0.0187836,0.33968,-0.590133,26.8616
8.128,-0.0393151,0.33481,-0.267431,0,0.0186465,0.339356,-0.590048,26.8658
8.13,-0.0393151,0.33481,-0.267431,0,0.0184842,0.338991,-0.58995,26.8701
8.132,-0.0393151,0.33481,-0.267431,0,0.0183014,0.338587,-0.589841,26.8745
8.134,-0.0393151,0.33481,-0.267431,0,0.0181018,0.338146,-0.589721,26.879
8.136,-0.0393151,0.33481,-0.267431,0,0.0178887,0.337672,-0.589592,26.8835
8.138,-0.0393151,0.33481,-0.267431,0,0.0176651,0.337165,-0.589455,26.8881
8.14,-0.0393151,0.33481,-0.267431,0,0.0174333,0.33663,-0.589311,26.8927
8.142,-0.0486269,0.340183,-0.252537,0,0.0171955,0.336068,-0.58916,26.8975
8.144,-0.0486269,0.340183,-0.252537,0,0.0169451,0.335533,-0.589041,26.9022
8.146,-0.0486269,0.340183,-0.252537,0,0.0166765,0.335051,-0.588969,26.907
8.148,-0.0486269,0.340183,-0.252537,0,0.0163909,0.33461,-0.588934,26.9117
8.15,-0.0486269,0.340183,-0.252537,0,0.0160896,0.334198,-0.58893,26.9165
8.152,-0.0486269,0.340183,-0.252537,0,0.0157737,0.333807,-0.588948,26.9212
8.154,-0.0486269,0.340183,-0.252537,0,0.0154447,0.333429,-0.588985,26.926
8.156,-0.0486269,0.340183,-0.252537,0,0.0151038,0.333059,-0.589033,26.9308
8.158,-0.0486269,0.340183,-0.252537,0,0.0147526,0.332693,-0.589091,26.9356
8.16,-0.0486269,0.340183,-0.252537,0,0.0143922,0.332326,-0.589153,26.9405
8.162,-0.0543943,0.370822,-0.235636,0,0.0140242,0.331957,-0.589218,26.9454
8.164,-0.0543943,0.370822,-0.235636,0,0.0136552,0.331613,-0.589285,26.9502
8.166,-0.0543943,0.370822,-0.235636,0,0.0132907,0.331319,-0.589357,26.9552
8.168,-0.0543943,0.370822,-0.235636,0,0.0129299,0.331064,-0.589428,26.9601
8.17,-0.0543943,0.370822,-0.235636,0,0.0125723,0.330836,-0.589496,26.9651
8.172,-0.0543943,0.370822,-0.235636,0,0.0122175,0.330629,-0.589558,26.9701
8.174,-0.0543943,0.370822,-0.235636,0,0.0118652,0.330436,-0.589613,26.9751
8.176,-0.0543943,0.370822,-0.235636,0,0.0115164,0.330253,-0.589659,26.9802
8.178,-0.0543943,0.370822,-0.235636,0,0.0111729,0.330076,-0.589698,26.9853
8.18,-0.0543943,0.370822,-0.235636,0,0.0108363,0.329903,-0.589729,26.9905
8.182,-0.0629825,0.377671,-0.210035,0,0.0105078,0.329732,-0.589753,26.9957
8.184,-0.0629825,0.377671,-0.210035,0,0.010188,0.329576,-0.589766,27.001
8.186,-0.0629825,0.377671,-0.210035,0,0.00987666,0.329448,-0.589765,27.0064
8.188,-0.0629825,0.377671,-0.210035,0,0.00957118,0.329345,-0.589765,27.0118
8.19,-0.0629825,0.377671,-0.210035,0,0.0092658,0.32927,-0.589797,27.0171
8.192,-0.0629825,0.377671,-0.210035,0,0.00895965,0.329213,-0.589852,27.0225
8.194,-0.0629825,0.377671,-0.210035,0,0.0086524,0.329168,-0.589923,27.0279
8.196,-0.0629825,0.377671,-0.210035,0,0.00834418,0.329134,-0.590005,27.0333
8.198,-0.0629825,0.377671,-0.210035,0,0.00803521,0.329107,-0.590091,27.0387
8.2,-0.0629825,0.377671,-0.210035,0,0.00772588,0.329086,-0.590177,27.0441
8.202,-0.0678375,0.398416,-0.185839,0,0.00741664,0.329068,-0.590259,27.0495
8.204,-0.0678375,0.398416,-0.185839,0,0.0071125,0.329067,-0.590331,27.0549
8.206,-0.0678375,0.398416,-0.185839,0,0.00681973,0.329088,-0.590388,27.0603
8.208,-0.0678375,0.398416,-0.185839,0,0.00653935,0.329123,-0.59043,27.0657
8.21,-0.0678375,0.398416,-0.185839,0,0.00627055,0.329163,-0.590454,27.0711
8.212,-0.0678375,0.398416,-0.185839,0,0.00601241,0.329204,-0.590456,27.0766
8.214,-0.0678375,0.398416,-0.185839,0,0.00576426,0.32924,-0.590436,27.0821
8.216,-0.0678375,0.398416,-0.185839,0,0.00552576,0.329272,-0.590393,27.0876
8.218,-0.0678375,0.398416,-0.185839,0,0.00529672,0.329299,-0.590326,27.0932
8.22,-0.0678375,0.398416,-0.185839,0,0.00507706,0.329322,-0.590234,27.0987
8.222,-0.0700743,0.409075,-0.151198,0,0.0048667,0.329342,-0.590118,27.1044
8.224,-0.0700743,0.409075,-0.151198,0,0.00466925,0.329375,-0.589968,27.11
8.226,-0.0700743,0.409075,-0.151198,0,0.00448768,0.329434,-0.589774,27.1157
8.228,-0.0700743,0.409075,-0.151198,0,0.00432082,0.329513,-0.589535,27.1214
8.23,-0.0700743,0.409075,-0.151198,0,0.00416859,0.329642,-0.589298,27.1271
8.232,-0.0700743,0.409075,-0.151198,0,0.00402917,0.329829,-0.58908,27.1328
8.234,-0.0700743,0.409075,-0.151198,0,0.0038996,0.33006,-0.588871,27.1384
8.236,-0.0700743,0.409075,-0.151198,0,0.00377762,0.330322,-0.588663,27.144
8.238,-0.0700743,0.409075,-0.151198,0,0.0036615,0.330605,-0.588447,27.1495
8.24,-0.0700743,0.409075,-0.151198,0,0.00354999,0.3309,-0.588218,27.1551
8.242,-0.0568138,0.429349,-0.107184,0,0.00344218,0.331202,-0.587971,27.1606
8.244,-0.0568138,0.429349,-0.107184,0,0.00334549,0.331526,-0.587691,27.1661
8.246,-0.0568138,0.429349,-0.107184,0,0.00326527,0.331886,-0.587363,27.1716
8.248,-0.0568138,0.429349,-0.107184,0,0.00319837,0.332271,-0.586985,27.1771
8.25,-0.0568138,0.429349,-0.107184,0,0.00314221,0.332675,-0.586554,27.1825
8.252,-0.0568138,0.429349,-0.107184,0,0.00309471,0.333092,-0.586069,27.188
8.254,-0.0568138,0.429349,-0.107184,0,0.00305422,0.333516,-0.585529,27.1934
8.256,-0.0568138,0.429349,-0.107184,0,0.00301937,0.333942,-0.584933,27.1989
8.258,-0.0568138,0.429349,-0.107184,0,0.00298909,0.334368,-0.584281,27.2044
8.26,-0.0568138,0.429349,-0.107184,0,0.00296251,0.334789,-0.583572,27.2099
8.262,-0.0276228,0.433187,-0.0612723,0,0.00293894,0.335204,-0.582807,27.2154
8.264,-0.0276228,0.433187,-0.0612723,0,0.00291928,0.335614,-0.581969,27.221
8.266,-0.0276228,0.433187,-0.0612723,0,0.00290412,0.336021,-0.581043,27.2266
8.268,-0.0276228,0.433187,-0.0612723,0,0.00289252,0.336423,-0.580029,27.2322
8.27,-0.0276228,0.433187,-0.0612723,0,0.00288391,0.336862,-0.578983,27.2378
8.272,-0.0276228,0.433187,-0.0612723,0,0.00287901,0.337439,-0.577912,27.2428
8.274,-0.0276228,0.433187,-0.0612723,0,0.0028787,0.338294,-0.576788,27.2466
8.276,-0.0276228,0.433187,-0.0612723,0,0.00288113,0.33937,-0.575601,27.2492
8.278,-0.0276228,0.433187,-0.0612723,0,0.00288586,0.340612,-0.57435,27.2508
8.28,-0.0276228,0.433187,-0.0612723,0,0.0028929,0.341978,-0.573035,27.2516
8.282,0.0438252,0.518262,0.000364248,0,0.00290223,0.343432,-0.571656,27.2517
8.284,0.0438252,0.518262,0.000364248,0,0.00294419,0.344994,-0.570217,27.2512
8.286,0.0438252,0.518262,0.000364248,0,0.00304388,0.346683,-0.56872,27.2502
8.288,0.0438252,0.518262,0.000364248,0,0.00319222,0.348468,-0.567162,27.2488
8.29,0.0438252,0.518262,0.000364248,0,0.00338156,0.350324,-0.565543,27.2471
8.292,0.0438252,0.518262,0.000364248,0,0.00360545,0.352234,-0.563863,27.245
8.294,0.0438252,0.518262,0.000364248,0,0.00385841,0.354182,-0.562123,27.2427
8.296,0.0438252,0.518262,0.000364248,0,0.00413579,0.356155,-0.560323,27.2402
8.298,0.0438252,0.518262,0.000364248,0,0.00443364,0.358144,-0.558465,27.2376
8.3,0.0438252,0.518262,0.000364248,0,0.0047486,0.360142,-0.556552,27.2348
8.302,0.186084,0.616627,0.138228,0,0.00507778,0.362143,-0.554583,27.2319
8.304,0.186084,0.616627,0.138228,0,0.00544153,0.364209,-0.552569,27.2288
8.306,0.186084,0.616627,0.138228,0,0.00585732,0.366395,-0.550513,27.2257
8.308,0.186084,0.616627,0.138228,0,0.0063176,0.368674,-0.548414,27.2225
8.31,0.186084,0.616627,0.138228,0,0.00681579,0.371027,-0.54627,27.2192
8.312,0.186084,0.616627,0.138228,0,0.00734614,0.373436,-0.544078,27.2159
8.314,0.186084,0.616627,0.138228,0,0.00790367,0.375889,-0.54184,27.2125
8.316,0.186084,0.616627,0.138228,0,0.008484,0.378374,-0.539557,27.2091
8.318,0.186084,0.616627,0.138228,0,0.00908326,0.380883,-0.537228,27.2057
8.32,0.186084,0.616627,0.138228,0,0.00969794,0.383407,-0.534855,27.2023
8.322,0.469093,0.72139,0.365849,0,0.0103249,0.385941,-0.532439,27.1988
8.324,0.469093,0.72139,0.365849,0,0.0109314,0.388527,-0.530013,27.1954
8.326,0.469093,0.72139,0.365849,0,0.0114973,0.391186,-0.527604,27.1919
8.328,0.469093,0.72139,0.365849,0,0.0120415,0.393876,-0.525206,27.1885
8.33,0.469093,0.72139,0.365849,0,0.012578,0.396565,-0.522813,27.1851
8.332,0.469093,0.72139,0.365849,0,0.013118,0.399231,-0.520422,27.1817
8.334,0.469093,0.72139,0.365849,0,0.0136703,0.401855,-0.518029,27.1783
8.336,0.469093,0.72139,0.365849,0,0.0142414,0.404424,-0.515632,27.175
8.338,0.469093,0.72139,0.365849,0,0.0148364,0.406928,-0.51323,27.1717
8.34,0.469093,0.72139,0.365849,0,0.0154592,0.40936,-0.510821,27.1684
8.342,0.562955,0.896907,0.518143,0,0.0161135,0.411732,-0.508408,27.1652
8.344,0.562955,0.896907,0.518143,0,0.0167019,0.414105,-0.506029,27.162
8.346,0.562955,0.896907,0.518143,0,0.0171514,0.416509,-0.503718,27.1588
8.348,0.562955,0.896907,0.518143,0,0.0175034,0.418896,-0.501462,27.1556
8.35,0.562955,0.896907,0.518143,0,0.0177841,0.421225,-0.499251,27.1525
8.352,0.562955,0.896907,0.518143,0,0.0180095,0.423467,-0.497073,27.1494
8.354,0.562955,0.896907,0.518143,0,0.0181968,0.425599,-0.494919,27.1464
8.356,0.562955,0.896907,0.518143,0,0.018363,0.427613,-0.492786,27.1433
8.358,0.562955,0.896907,0.518143,0,0.0185245,0.429502,-0.490671,27.1403
8.36,0.562955,0.896907,0.518143,0,0.0186946,0.431268,-0.488571,27.1373
8.362,0.531515,0.963257,0.596844,0,0.0188831,0.432913,-0.486485,27.1344
8.364,0.531515,0.963257,0.596844,0,0.0190264,0.434462,-0.484428,27.1314
8.366,0.531515,0.963257,0.596844,0,0.019074,0.435931,-0.482412,27.1285
8.368,0.531515,0.963257,0.596844,0,0.0190573,0.437308,-0.480434,27.1256
8.37,0.531515,0.963257,0.596844,0,0.0190003,0.438599,-0.478489,27.1227
8.372,0.531515,0.963257,0.596844,0,0.0189162,0.439811,-0.476574,27.1197
8.374,0.531515,0.963257,0.596844,0,0.0188149,0.440943,-0.474681,27.1168
8.376,0.531515,0.963257,0.596844,0,0.0187097,0.441998,-0.472808,27.1137
8.378,0.531515,0.963257,0.596844,0,0.0186077,0.442965,-0.470969,27.1109
8.38,0.531515,0.963257,0.596844,0,0.0185182,0.443848,-0.469169,27.1084
8.382,0.484741,0.965093,0.677158,0,0.0184454,0.444664,-0.467402,27.1061
8.384,0.484741,0.965093,0.677158,0,0.0183791,0.445393,-0.465658,27.104
8.386,0.484741,0.965093,0.677158,0,0.0183182,0.446038,-0.463921,27.1021
8.388,0.484741,0.965093,0.677158,0,0.0182728,0.446647,-0.462167,27.0999
8.39,0.484741,0.965093,0.677158,0,0.0182457,0.447229,-0.460394,27.0975
8.392,0.484741,0.965093,0.677158,0,0.0182396,0.447793,-0.458601,27.095
8.394,0.484741,0.965093,0.677158,0,0.0182559,0.448348,-0.456783,27.0922
8.396,0.484741,0.965093,0.677158,0,0.018295,0.448904,-0.454939,27.0893
8.398,0.484741,0.965093,0.677158,0,0.0183437,0.449437,-0.453079,27.0864
8.4,0.484741,0.965093,0.677158,0,0.0183992,0.449947,-0.451209,27.0838
8.402,0.459535,0.832338,0.687804,0,0.0184646,0.450454,-0.449329,27.0814
8.404,0.459535,0.832338,0.687804,0,0.0185716,0.45085,-0.447403,27.0793
8.406,0.459535,0.832338,0.687804,0,0.0187646,0.451102,-0.445394,27.077
8.408,0.459535,0.832338,0.687804,0,0.0190329,0.451284,-0.443302,27.0746
8.41,0.459535,0.832338,0.687804,0,0.0193555,0.451426,-0.441129,27.0719
8.412,0.459535,0.832338,0.687804,0,0.0197141,0.451541,-0.438875,27.069
8.414,0.459535,0.832338,0.687804,0,0.0200942,0.451645,-0.436539,27.066
8.416,0.459535,0.832338,0.687804,0,0.0204853,0.451757,-0.434124,27.0627
8.418,0.459535,0.832338,0.687804,0,0.0208604,0.45186,-0.43164,27.0597
8.42,0.459535,0.832338,0.687804,0,0.0212088,0.451953,-0.429095,27.0568
8.422,0.46143,0.580293,0.625752,0,0.0215314,0.45206,-0.426497,27.0543
8.424,0.46143,0.580293,0.625752,0,0.021878,0.451985,-0.423779,27.0519
8.426,0.46143,0.580293,0.625752,0,0.0222978,0.451601,-0.420883,27.0493
8.428,0.46143,0.580293,0.625752,0,0.0227652,0.451007,-0.417835,27.0467
8.43,0.46143,0.580293,0.625752,0,0.02326,0.450276,-0.414654,27.0439
8.432,0.46143,0.580293,0.625752,0,0.0237663,0.449467,-0.411353,27.041
8.434,0.46143,0.580293,0.625752,0,0.0242721,0.448624,-0.407943,27.0381
8.436,0.46143,0.580293,0.625752,0,0.0247684,0.44778,-0.404431,27.0351
8.438,0.46143,0.580293,0.625752,0,0.0252484,0.446962,-0.400822,27.0321
8.44,0.46143,0.580293,0.625752,0,0.0257078,0.446186,-0.397119,27.029
8.442,0.338951,0.406638,0.379365,0,0.0261438,0.445469,-0.393324,27.0258
8.444,0.338951,0.406638,0.379365,0,0.0265875,0.444646,-0.38941,27.0227
8.446,0.338951,0.406638,0.379365,0,0.0270707,0.443606,-0.385364,27.0196
8.448,0.338951,0.406638,0.379365,0,0.0275584,0.4424,-0.381196,27.0167
8.45,0.338951,0.406638,0.379365,0,0.0280204,0.441073,-0.376919,27.0141
8.452,0.338951,0.406638,0.379365,0,0.0284827,0.439758,-0.372577,27.0116
8.454,0.338951,0.406638,0.379365,0,0.0289453,0.438517,-0.368189,27.009
8.456,0.338951,0.406638,0.379365,0,0.029396,0.437371,-0.363764,27.0065
8.458,0.338951,0.406638,0.379365,0,0.0298262,0.43632,-0.359308,27.0039
8.46,0.338951,0.406638,0.379365,0,0.0303384,0.43533,-0.354558,27.0012
8.462,0.0928383,0.353445,-0.55851,0,0.0309584,0.434294,-0.349262,26.9988
8.464,0.0928383,0.353445,-0.55851,0,0.0316435,0.433434,-0.344102,26.998
8.466,0.0928383,0.353445,-0.55851,0,0.0323708,0.433079,-0.33995,26.9987
8.468,0.0928383,0.353445,-0.55851,0,0.0330989,0.433017,-0.336625,27.0009
8.47,0.0928383,0.353445,-0.55851,0,0.0338116,0.433121,-0.33398,27.0043
8.472,0.0928383,0.353445,-0.55851,0,0.034499,0.433297,-0.331898,27.009
8.474,0.0928383,0.353445,-0.55851,0,0.0351471,0.433585,-0.330368,27.0143
8.476,0.0928383,0.353445,-0.55851,0,0.0357469,0.433969,-0.329333,27.0201
8.478,0.0928383,0.353445,-0.55851,0,0.0362931,0.434383,-0.328709,27.0263
8.48,0.0928383,0.353445,-0.55851,0,0.0367812,0.434781,-0.328428,27.0329
8.482,-0.0142783,0.483545,-1.28321,0,0.0372078,0.435135,-0.328436,27.0399
8.484,-0.0142783,0.483545,-1.28321,0,0.0376531,0.436007,-0.329323,27.048
8.486,-0.0142783,0.483545,-1.28321,0,0.0381682,0.437833,-0.331563,27.0579
8.488,-0.0142783,0.483545,-1.28321,0,0.0387004,0.44036,-0.334905,27.0693
8.49,-0.0142783,0.483545,-1.28321,0,0.03921,0.44339,-0.339148,27.082
8.492,-0.0142783,0.483545,-1.28321,0,0.0396666,0.446785,-0.344129,27.0959
8.494,-0.0142783,0.483545,-1.28321,0,0.0400549,0.450439,-0.349719,27.1107
8.496,-0.0142783,0.483545,-1.28321,0,0.0403731,0.454262,-0.355811,27.1263
8.498,-0.0142783,0.483545,-1.28321,0,0.0406258,0.458175,-0.362445,27.1423
8.5,-0.0142783,0.483545,-1.28321,0,0.0408073,0.462113,-0.369586,27.1584
8.502,-0.0161643,0.516016,-1.55178,0,0.0409134,0.466032,-0.377138,27.1747
8.504,-0.0161643,0.516016,-1.55178,0,0.0410035,0.470235,-0.385371,27.191
8.506,-0.0161643,0.516016,-1.55178,0,0.0411133,0.474936,-0.394484,27.2074
8.508,-0.0161643,0.516016,-1.55178,0,0.0412129,0.479961,-0.404289,27.2238
8.51,-0.0161643,0.516016,-1.55178,0,0.041292,0.485176,-0.414637,27.2402
8.512,-0.0161643,0.516016,-1.55178,0,0.0413413,0.49048,-0.425411,27.2565
8.514,-0.0161643,0.516016,-1.55178,0,0.0413488,0.495798,-0.436514,27.2728
8.516,-0.0161643,0.516016,-1.55178,0,0.0413137,0.501075,-0.447871,27.289
8.518,-0.0161643,0.516016,-1.55178,0,0.0412326,0.506269,-0.45942,27.3051
8.52,-0.0161643,0.516016,-1.55178,0,0.0411005,0.511349,-0.471109,27.3211
8.522,-0.0227245,0.449069,-1.37288,0,0.0409176,0.516296,-0.482899,27.337
8.524,-0.0227245,0.449069,-1.37288,0,0.0406685,0.520995,-0.494586,27.3527
8.526,-0.0227245,0.449069,-1.37288,0,0.0403431,0.525362,-0.506005,27.3682
8.528,-0.0227245,0.449069,-1.37288,0,0.0399534,0.529431,-0.517187,27.3835
8.53,-0.0227245,0.449069,-1.37288,0,0.0395076,0.533224,-0.528155,27.3986
8.532,-0.0227245,0.449069,-1.37288,0,0.0390129,0.536743,-0.53893,27.4134
8.534,-0.0227245,0.449069,-1.37288,0,0.0384787,0.54,-0.549527,27.4282
8.536,-0.0227245,0.449069,-1.37288,0,0.037912,0.543014,-0.55996,27.4428
8.538,-0.0227245,0.449069,-1.37288,0,0.037318,0.5458,-0.570241,27.4572
8.54,-0.0227245,0.449069,-1.37288,0,0.0367005,0.548372,-0.580378,27.4715
8.542,0.0117703,0.427592,-1.15423,0,0.0360621,0.550744,-0.59038,27.4858
8.544,0.0117703,0.427592,-1.15423,0,0.0353944,0.552757,-0.600056,27.4998
8.546,0.0117703,0.427592,-1.15423,0,0.0346959,0.554299,-0.609252,27.5137
8.548,0.0117703,0.427592,-1.15423,0,0.0339797,0.555451,-0.618034,27.5274
8.55,0.0117703,0.427592,-1.15423,0,0.0332556,0.556282,-0.626456,27.5411
8.552,0.0117703,0.427592,-1.15423,0,0.0325304,0.556847,-0.634561,27.5546
8.554,0.0117703,0.427592,-1.15423,0,0.0318089,0.557191,-0.642385,27.568
8.556,0.0117703,0.427592,-1.15423,0,0.0310939,0.55735,-0.649957,27.5813
8.558,0.0117703,0.427592,-1.15423,0,0.0303826,0.557349,-0.6573,27.5945
8.56,0.0117703,0.427592,-1.15423,0,0.02967,0.557203,-0.664432,27.6077
8.562,0.0695123,0.44649,-0.89988,0,0.0289557,0.556925,-0.67137,27.6208
8.564,0.0695123,0.44649,-0.89988,0,0.0282434,0.556345,-0.677916,27.6338
8.566,0.0695123,0.44649,-0.89988,0,0.0275376,0.555339,-0.6839,27.6466
8.568,0.0695123,0.44649,-0.89988,0,0.026845,0.553994,-0.689397,27.6593
8.57,0.0695123,0.44649,-0.89988,0,0.0261767,0.552387,-0.694468,27.6719
8.572,0.0695123,0.44649,-0.89988,0,0.0255394,0.550578,-0.699168,27.6844
8.574,0.0695123,0.44649,-0.89988,0,0.0249306,0.548617,-0.703537,27.6968
8.576,0.0695123,0.44649,-0.89988,0,0.0243457,0.54654,-0.70761,27.7091
8.578,0.0695123,0.44649,-0.89988,0,0.0237864,0.54438,-0.711421,27.7214
8.58,0.0695123,0.44649,-0.89988,0,0.0232548,0.542164,-0.714996,27.7336
8.582,0.108666,0.462618,-0.596424,0,0.0227519,0.539914,-0.71836,27.7457
8.584,0.108666,0.462618,-0.596424,0,0.0222663,0.537445,-0.721292,27.7578
8.586,0.108666,0.462618,-0.596424,0,0.0217933,0.53462,-0.723616,27.7696
8.588,0.108666,0.462618,-0.596424,0,0.0213451,0.531531,-0.725414,27.7813
8.59,0.108666,0.462618,-0.596424,0,0.0209309,0.52826,-0.726756,27.7929
8.592,0.108666,0.462618,-0.596424,0,0.0205569,0.524874,-0.727702,27.8043
8.594,0.108666,0.462618,-0.596424,0,0.0202255,0.521421,-0.728301,27.8156
8.596,0.108666,0.462618,-0.596424,0,0.0199382,0.517934,-0.728595,27.8269
8.598,0.108666,0.462618,-0.596424,0,0.019699,0.51444,-0.728621,27.8381
8.6,0.108666,0.462618,-0.596424,0,0.0195047,0.510962,-0.72841,27.8492
8.602,0.116723,0.520118,-0.329529,0,0.0193473,0.507516,-0.727986,27.8602
8.604,0.116723,0.520118,-0.329529,0,0.0192157,0.503967,-0.727176,27.8712
8.606,0.116723,0.520118,-0.329529,0,0.0191058,0.500221,-0.725831,27.8818
8.608,0.116723,0.520118,-0.329529,0,0.0190169,0.496353,-0.724022,27.8923
8.61,0.116723,0.520118,-0.329529,0,0.0189486,0.492423,-0.72181,27.9026
8.612,0.116723,0.520118,-0.329529,0,0.018906,0.48848,-0.719249,27.9128
8.614,0.116723,0.520118,-0.329529,0,0.0188945,0.484562,-0.716385,27.9228
8.616,0.116723,0.520118,-0.329529,0,0.0189175,0.480698,-0.713259,27.9328
8.618,0.116723,0.520118,-0.329529,0,0.0189766,0.47691,-0.709905,27.9426
8.62,0.116723,0.520118,-0.329529,0,0.0190724,0.473218,-0.706353,27.9524
8.622,0.112613,0.486523,-0.104776,0,0.0192029,0.469626,-0.702629,27.9621
8.624,0.112613,0.486523,-0.104776,0,0.0193575,0.465994,-0.698567,27.9716
8.626,0.112613,0.486523,-0.104776,0,0.0195332,0.462213,-0.694025,27.981
8.628,0.112613,0.486523,-0.104776,0,0.0197421,0.458343,-0.689072,27.9901
8.63,0.112613,0.486523,-0.104776,0,0.0199923,0.454436,-0.683767,27.9991
8.632,0.112613,0.486523,-0.104776,0,0.0202889,0.450531,-0.678163,28.0079
8.634,0.112613,0.486523,-0.104776,0,0.0206349,0.446657,-0.672303,28.0167
8.636,0.112613,0.486523,-0.104776,0,0.0210311,0.44284,-0.666225,28.0253
8.638,0.112613,0.486523,-0.104776,0,0.0214772,0.439096,-0.659964,28.0339
8.64,0.112613,0.486523,-0.104776,0,0.0219717,0.435441,-0.653548,28.0424
8.642,0.0815867,0.37934,0.0137717,0,0.0225124,0.431886,-0.647004,28.0508
8.644,0.0815867,0.37934,0.0137717,0,0.0230664,0.428325,-0.640217,28.0592
8.646,0.0815867,0.37934,0.0137717,0,0.0236086,0.424675,-0.633093,28.0674
8.648,0.0815867,0.37934,0.0137717,0,0.0241695,0.421157,-0.626167,28.0754
8.65,0.0815867,0.37934,0.0137717,0,0.0247728,0.418111,-0.62035,28.0828
8.652,0.0815867,0.37934,0.0137717,0,0.0253815,0.415447,-0.615484,28.0898
8.654,0.0815867,0.37934,0.0137717,0,0.0259642,0.413066,-0.611401,28.0965
8.656,0.0815867,0.37934,0.0137717,0,0.0264976,0.41089,-0.60796,28.1029
8.658,0.0815867,0.37934,0.0137717,0,0.0269648,0.408858,-0.60504,28.109
8.66,0.0815867,0.37934,0.0137717,0,0.0273588,0.406926,-0.602542,28.1148
8.662,0.0465762,0.414821,-0.0631309,0,0.027698,0.405073,-0.600356,28.1206
8.664,0.0465762,0.414821,-0.0631309,0,0.0279871,0.403346,-0.598453,28.1264
8.666,0.0465762,0.414821,-0.0631309,0,0.0282233,0.401776,-0.596827,28.1318
8.668,0.0465762,0.414821,-0.0631309,0,0.0284138,0.400325,-0.595413,28.1371
8.67,0.0465762,0.414821,-0.0631309,0,0.0285678,0.398975,-0.594142,28.1424
8.672,0.0465762,0.414821,-0.0631309,0,0.0286904,0.397705,-0.592976,28.1476
8.674,0.0465762,0.414821,-0.0631309,0,0.0287794,0.396492,-0.591891,28.1529
8.676,0.0465762,0.414821,-0.0631309,0,0.0288335,0.395318,-0.590866,28.158
8.678,0.0465762,0.414821,-0.0631309,0,0.0288576,0.394168,-0.589885,28.1631
8.68,0.0465762,0.414821,-0.0631309,0,0.0288568,0.393031,-0.588936,28.1681
8.682,0.020278,0.434399,-0.140309,0,0.0288339,0.391898,-0.588006,28.173
8.684,0.020278,0.434399,-0.140309,0,0.0287911,0.390836,-0.587112,28.1778
8.686,0.020278,0.434399,-0.140309,0,0.0287309,0.3899,-0.586268,28.1824
8.688,0.020278,0.434399,-0.140309,0,0.0286542,0.389059,-0.585461,28.187
8.69,0.020278,0.434399,-0.140309,0,0.0285618,0.388289,-0.58468,28.1914
8.692,0.020278,0.434399,-0.140309,0,0.0284551,0.387573,-0.583917,28.1957
8.694,0.020278,0.434399,-0.140309,0,0.0283351,0.386896,-0.583166,28.2
8.696,0.020278,0.434399,-0.140309,0,0.0282031,0.386247,-0.582421,28.2041
8.698,0.020278,0.434399,-0.140309,0,0.0280605,0.385618,-0.581678,28.2082
8.7,0.020278,0.434399,-0.140309,0,0.0279084,0.385003,-0.580936,28.2122
8.702,0.000323667,0.412429,-0.199375,0,0.0277483,0.384397,-0.580191,28.2161
8.704,0.000323667,0.412429,-0.199375,0,0.0275684,0.383829,-0.579454,28.2199
8.706,0.000323667,0.412429,-0.199375,0,0.0273586,0.383321,-0.578732,28.2238
8.708,0.000323667,0.412429,-0.199375,0,0.0271235,0.382859,-0.578023,28.2276
8.71,0.000323667,0.412429,-0.199375,0,0.0268704,0.382431,-0.577316,28.2314
8.712,0.000323667,0.412429,-0.199375,0,0.0266091,0.38203,-0.576597,28.2353
8.714,0.000323667,0.412429,-0.199375,0,0.0263412,0.381648,-0.57587,28.2393
8.716,0.000323667,0.412429,-0.199375,0,0.0260677,0.381276,-0.575137,28.2433
8.718,0.000323667,0.412429,-0.199375,0,0.0257905,0.380905,-0.574402,28.2474
8.72,0.000323667,0.412429,-0.199375,0,0.0255118,0.380531,-0.573668,28.2515
8.722,-0.0104879,0.368272,-0.238919,0,0.0252334,0.380149,-0.572939,28.2557
8.724,-0.0104879,0.368272,-0.238919,0,0.0249437,0.379758,-0.572218,28.2599
8.726,-0.0104879,0.368272,-0.238919,0,0.0246331,0.379352,-0.571509,28.2642
8.728,-0.0104879,0.368272,-0.238919,0,0.0243057,0.378926,-0.570814,28.2685
8.73,-0.0104879,0.368272,-0.238919,0,0.0239653,0.378476,-0.570134,28.2728
8.732,-0.0104879,0.368272,-0.238919,0,0.0236149,0.377999,-0.56947,28.2772
8.734,-0.0104879,0.368272,-0.238919,0,0.023256,0.37752,-0.568859,28.2816
8.736,-0.0104879,0.368272,-0.238919,0,0.0228902,0.377048,-0.568312,28.286
8.738,-0.0104879,0.368272,-0.238919,0,0.022519,0.376575,-0.56782,28.2904
8.74,-0.0104879,0.368272,-0.238919,0,0.0221439,0.376097,-0.567375,28.2947
8.742,-0.0119464,0.344983,-0.269544,0,0.0217662,0.37561,-0.566971,28.299
8.744,-0.0119464,0.344983,-0.269544,0,0.021381,0.375124,-0.566604,28.3034
8.746,-0.0119464,0.344983,-0.269544,0,0.0209842,0.374648,-0.566272,28.3077
8.748,-0.0119464,0.344983,-0.269544,0,0.020578,0.374175,-0.565971,28.3121
8.75,-0.0119464,0.344983,-0.269544,0,0.0201649,0.373703,-0.565696,28.3165
8.752,-0.0119464,0.344983,-0.269544,0,0.0197467,0.373226,-0.565444,28.3209
8.754,-0.0119464,0.344983,-0.269544,0,0.0193254,0.372742,-0.565213,28.3253
8.756,-0.0119464,0.344983,-0.269544,0,0.0189024,0.372249,-0.565,28.3298
8.758,-0.0119464,0.344983,-0.269544,0,0.0184795,0.371745,-0.564804,28.3343
8.76,-0.0119464,0.344983,-0.269544,0,0.0180592,0.371228,-0.564623,28.3389
8.762,-0.00560329,0.343966,-0.28793,0,0.017644,0.370697,-0.564454,28.3434
8.764,-0.00560329,0.343966,-0.28793,0,0.0172386,0.370172,-0.564301,28.348
8.766,-0.00560329,0.343966,-0.28793,0,0.0168459,0.369672,-0.564165,28.3527
8.768,-0.00560329,0.343966,-0.28793,0,0.0164657,0.369189,-0.564043,28.3573
8.77,-0.00560329,0.343966,-0.28793,0,0.0160974,0.368718,-0.563933,28.362
8.772,-0.00560329,0.343966,-0.28793,0,0.0157408,0.368254,-0.563833,28.3667
8.774,-0.00560329,0.343966,-0.28793,0,0.0153958,0.367794,-0.563741,28.3715
8.776,-0.00560329,0.343966,-0.28793,0,0.0150622,0.367333,-0.563656,28.3763
8.778,-0.00560329,0.343966,-0.28793,0,0.0147398,0.366871,-0.563577,28.3811
8.78,-0.00560329,0.343966,-0.28793,0,0.0144285,0.366405,-0.563503,28.386
8.782,0.000143393,0.34295,-0.294643,0,0.0141263,0.365947,-0.56345,28.3909
8.784,0.000143393,0.34295,-0.294643,0,0.0138302,0.365535,-0.56345,28.3957
8.786,0.000143393,0.34295,-0.294643,0,0.0135403,0.365171,-0.563496,28.4005
8.788,0.000143393,0.34295,-0.294643,0,0.0132552,0.364843,-0.563577,28.4053
8.79,0.000143393,0.34295,-0.294643,0,0.0129735,0.364543,-0.563688,28.41
8.792,0.000143393,0.34295,-0.294643,0,0.0126943,0.364259,-0.563822,28.4148
8.794,0.000143393,0.34295,-0.294643,0,0.0124181,0.363984,-0.563973,28.4195
8.796,0.000143393,0.34295,-0.294643,0,0.0121453,0.363711,-0.564135,28.4241
8.798,0.000143393,0.34295,-0.294643,0,0.0118766,0.363435,-0.564306,28.4288
8.8,0.000143393,0.34295,-0.294643,0,0.0116123,0.363152,-0.564481,28.4335
8.802,0.00148432,0.352707,-0.304489,0,0.0113529,0.36286,-0.564658,28.4381
8.804,0.00148432,0.352707,-0.304489,0,0.0111024,0.362575,-0.564838,28.4427
8.806,0.00148432,0.352707,-0.304489,0,0.0108642,0.36231,-0.565021,28.4473
8.808,0.00148432,0.352707,-0.304489,0,0.0106376,0.362058,-0.565204,28.4519
8.81,0.00148432,0.352707,-0.304489,0,0.010422,0.361816,-0.565386,28.4565
8.812,0.00148432,0.352707,-0.304489,0,0.0102169,0.361577,-0.565563,28.4611
8.814,0.00148432,0.352707,-0.304489,0,0.0100219,0.36134,-0.565734,28.4657
8.816,0.00148432,0.352707,-0.304489,0,0.00983651,0.361101,-0.565899,28.4703
8.818,0.00148432,0.352707,-0.304489,0,0.00966048,0.360858,-0.566055,28.4749
8.82,0.00148432,0.352707,-0.304489,0,0.00949346,0.360611,-0.566203,28.4795
8.822,-0.00277281,0.350609,-0.308647,0,0.0093352,0.360357,-0.566342,28.4841
8.824,-0.00277281,0.350609,-0.308647,0,0.00918334,0.360103,-0.56647,28.4887
8.826,-0.00277281,0.350609,-0.308647,0,0.00903586,0.359853,-0.566585,28.4934
8.828,-0.00277281,0.350609,-0.308647,0,0.00889298,0.359605,-0.566688,28.4981
8.83,-0.00277281,0.350609,-0.308647,0,0.00875494,0.359357,-0.566779,28.5028
8.832,-0.00277281,0.350609,-0.308647,0,0.00862211,0.359139,-0.566896,28.5075
8.834,-0.00277281,0.350609,-0.308647,0,0.0084935,0.358961,-0.567054,28.5121
8.836,-0.00277281,0.350609,-0.308647,0,0.00836742,0.358813,-0.567245,28.5167
8.838,-0.00277281,0.350609,-0.308647,0,0.00824257,0.358688,-0.56746,28.5213
8.84,-0.00277281,0.350609,-0.308647,0,0.00811803,0.358579,-0.567692,28.5258
8.842,-0.00390858,0.355815,-0.313093,0,0.00799317,0.358481,-0.567937,28.5304
8.844,-0.00390858,0.355815,-0.313093,0,0.00786987,0.358392,-0.568189,28.5349
8.846,-0.00390858,0.355815,-0.313093,0,0.00774987,0.358311,-0.568444,28.5394
8.848,-0.00390858,0.355815,-0.313093,0,0.00763251,0.358236,-0.5687,28.5438
8.85,-0.00390858,0.355815,-0.313093,0,0.00751733,0.358164,-0.568951,28.5483
8.852,-0.00390858,0.355815,-0.313093,0,0.00740403,0.358094,-0.569197,28.5527
8.854,-0.00390858,0.355815,-0.313093,0,0.00729245,0.358025,-0.569435,28.5572
8.856,-0.00390858,0.355815,-0.313093,0,0.0071825,0.357956,-0.569663,28.5616
8.858,-0.00390858,0.355815,-0.313093,0,0.0070742,0.357886,-0.569879,28.5661
8.86,-0.00390858,0.355815,-0.313093,0,0.00696761,0.357814,-0.570083,28.5706
8.862,-0.00223395,0.361261,-0.312575,0,0.00686282,0.357741,-0.570274,28.575
8.864,-0.00223395,0.361261,-0.312575,0,0.00676141,0.357662,-0.570449,28.5795
8.866,-0.00223395,0.361261,-0.312575,0,0.00666412,0.357575,-0.570609,28.584
8.868,-0.00223395,0.361261,-0.312575,0,0.00657001,0.357482,-0.570753,28.5885
8.87,-0.00223395,0.361261,-0.312575,0,0.00647829,0.357386,-0.57088,28.5931
8.872,-0.00223395,0.361261,-0.312575,0,0.00638834,0.357286,-0.570992,28.5976
8.874,-0.00223395,0.361261,-0.312575,0,0.00629965,0.357185,-0.571088,28.6022
8.876,-0.00223395,0.361261,-0.312575,0,0.00621187,0.357084,-0.571169,28.6068
8.878,-0.00223395,0.361261,-0.312575,0,0.00612477,0.356983,-0.571237,28.6115
8.88,-0.00223395,0.361261,-0.312575,0,0.00603832,0.35689,-0.571309,28.6162
8.882,0.00156715,0.359223,-0.305189,0,0.00595241,0.356816,-0.571417,28.6208
8.884,0.00156715,0.359223,-0.305189,0,0.00586716,0.356756,-0.571554,28.6255
8.886,0.00156715,0.359223,-0.305189,0,0.00578266,0.356706,-0.57171,28.6301
8.888,0.00156715,0.359223,-0.305189,0,0.00569856,0.356662,-0.571879,28.6347
8.89,0.00156715,0.359223,-0.305189,0,0.0056146,0.35662,-0.572053,28.6393
8.892,0.00156715,0.359223,-0.305189,0,0.00553058,0.356576,-0.572227,28.6439
8.894,0.00156715,0.359223,-0.305189,0,0.00544639,0.356526,-0.572396,28.6485
8.896,0.00156715,0.359223,-0.305189,0,0.00536209,0.356469,-0.572558,28.6531
8.898,0.00156715,0.359223,-0.305189,0,0.00527813,0.356403,-0.572708,28.6576
8.9,0.00156715,0.359223,-0.305189,0,0.00519502,0.356327,-0.572845,28.6622
8.902,0.00443854,0.366552,-0.29811,0,0.00511258,0.356241,-0.572968,28.6668
8.904,0.00443854,0.366552,-0.29811,0,0.00503304,0.356145,-0.573075,28.6713
8.906,0.00443854,0.366552,-0.29811,0,0.00495836,0.356039,-0.573168,28.6759
8.908,0.00443854,0.366552,-0.29811,0,0.0048882,0.355925,-0.573246,28.6805
8.91,0.00443854,0.366552,-0.29811,0,0.00482388,0.355804,-0.57331,28.6852
8.912,0.00443854,0.366552,-0.29811,0,0.00476669,0.355679,-0.573361,28.6898
8.914,0.00443854,0.366552,-0.29811,0,0.0047176,0.355552,-0.573401,28.6945
8.916,0.00443854,0.366552,-0.29811,0,0.00467664,0.355424,-0.573431,28.6992
8.918,0.00443854,0.366552,-0.29811,0,0.00464256,0.355294,-0.573449,28.704
8.92,0.00443854,0.366552,-0.29811,0,0.00461412,0.355164,-0.573455,28.7088
8.922,0.00615189,0.358753,-0.28705,0,0.00459035,0.355031,-0.573447,28.7136
8.924,0.00615189,0.358753,-0.28705,0,0.00457036,0.354885,-0.573422,28.7185
8.926,0.00615189,0.358753,-0.28705,0,0.00455346,0.354715,-0.573377,28.7234
8.928,0.00615189,0.358753,-0.28705,0,0.00453829,0.354542,-0.573331,28.7284
8.93,0.00615189,0.358753,-0.28705,0,0.00452159,0.3544,-0.573319,28.7334
8.932,0.00615189,0.358753,-0.28705,0,0.00450073,0.354283,-0.573334,28.7383
8.934,0.00615189,0.358753,-0.28705,0,0.00447376,0.354187,-0.573368,28.7433
8.936,0.00615189,0.358753,-0.28705,0,0.0044394,0.354109,-0.573416,28.7483
8.938,0.00615189,0.358753,-0.28705,0,0.00439696,0.354045,-0.573471,28.7532
8.94,0.00615189,0.358753,-0.28705,0,0.00434615,0.353993,-0.573529,28.7582
8.942,0.0141398,0.3738,-0.279299,0,0.00428757,0.353951,-0.573587,28.7632
8.944,0.0141398,0.3738,-0.279299,0,0.00422998,0.353916,-0.573642,28.7683
8.946,0.0141398,0.3738,-0.279299,0,0.00418078,0.353879,-0.573692,28.7733
8.948,0.0141398,0.3738,-0.279299,0,0.00413983,0.353829,-0.573735,28.7784
8.95,0.0141398,0.3738,-0.279299,0,0.00410619,0.353767,-0.573769,28.7835
8.952,0.0141398,0.3738,-0.279299,0,0.0040789,0.353693,-0.573794,28.7886
8.954,0.0141398,0.3738,-0.279299,0,0.00405698,0.353609,-0.573808,28.7937
8.956,0.0141398,0.3738,-0.279299,0,0.00403953,0.353513,-0.573808,28.7989
8.958,0.0141398,0.3738,-0.279299,0,0.00402582,0.353408,-0.573793,28.8042
8.96,0.0141398,0.3738,-0.279299,0,0.00401525,0.353292,-0.573761,28.8094
8.962,0.014069,0.359064,-0.267522,0,0.00400731,0.353168,-0.573712,28.8147
8.964,0.014069,0.359064,-0.267522,0,0.0040012,0.353028,-0.573641,28.8201
8.966,0.014069,0.359064,-0.267522,0,0.00399631,0.352867,-0.573548,28.8255
8.968,0.014069,0.359064,-0.267522,0,0.00399248,0.352686,-0.573431,28.831
8.97,0.014069,0.359064,-0.267522,0,0.00398959,0.35249,-0.573291,28.8366
8.972,0.014069,0.359064,-0.267522,0,0.00398708,0.352312,-0.573171,28.8422
8.974,0.014069,0.359064,-0.267522,0,0.00398454,0.352165,-0.573086,28.8478
8.976,0.014069,0.359064,-0.267522,0,0.00398178,0.352042,-0.57303,28.8534
8.978,0.014069,0.359064,-0.267522,0,0.00397866,0.351937,-0.572994,28.859
8.98,0.014069,0.359064,-0.267522,0,0.00397497,0.351846,-0.572972,28.8647
8.982,0.019059,0.363062,-0.262287,0,0.00397012,0.351766,-0.572959,28.8703
8.984,0.019059,0.363062,-0.262287,0,0.00396509,0.351686,-0.572949,28.876
8.986,0.019059,0.363062,-0.262287,0,0.00396087,0.351595,-0.57294,28.8817
8.988,0.019059,0.363062,-0.262287,0,0.00395738,0.351497,-0.572931,28.8875
8.99,0.019059,0.363062,-0.262287,0,0.00395445,0.351394,-0.572918,28.8933
8.992,0.019059,0.363062,-0.262287,0,0.00395194,0.351282,-0.572898,28.8991
8.994,0.019059,0.363062,-0.262287,0,0.00394994,0.351158,-0.572868,28.905
8.996,0.019059,0.363062,-0.262287,0,0.00394851,0.351019,-0.572823,28.911
8.998,0.019059,0.363062,-0.262287,0,0.00394769,0.350864,-0.572761,28.917
9,0.019059,0.363062,-0.262287,0,0.0039475,0.350693,-0.572681,28.923
9.002,0.0202716,0.353695,-0.255618,0,0.00394796,0.350505,-0.572579,28.9291
9.004,0.0202716,0.353695,-0.255618,0,0.00394894,0.350289,-0.572454,28.9353
9.006,0.0202716,0.353695,-0.255618,0,0.00395036,0.350034,-0.572302,28.9416
9.008,0.0202716,0.353695,-0.255618,0,0.00395224,0.349746,-0.572124,28.9479
9.01,0.0202716,0.353695,-0.255618,0,0.00395436,0.349449,-0.571944,28.9543
9.012,0.0202716,0.353695,-0.255618,0,0.0039562,0.349178,-0.571807,28.9608
9.014,0.0202716,0.353695,-0.255618,0,0.00395762,0.348929,-0.571704,28.9672
9.016,0.0202716,0.353695,-0.255618,0,0.00395848,0.348696,-0.571626,28.9736
9.018,0.0202716,0.353695,-0.255618,0,0.00395875,0.348475,-0.571566,28.9801
9.02,0.0202716,0.353695,-0.255618,0,0.00395857,0.348266,-0.571518,28.9866
9.022,0.0243466,0.356004,-0.254838,0,0.00395811,0.348067,-0.571478,28.9931
9.024,0.0243466,0.356004,-0.254838,0,0.00395789,0.347868,-0.571443,28.9997
9.026,0.0243466,0.356004,-0.254838,0,0.00395818,0.34766,-0.571409,29.0064
9.028,0.0243466,0.356004,-0.254838,0,0.0039521,0.347406,-0.571371,29.013
9.03,0.0243466,0.356004,-0.254838,0,0.0039377,0.347078,-0.571325,29.0198
9.032,0.0243466,0.356004,-0.254838,0,0.00391805,0.346661,-0.571266,29.0266
9.034,0.0243466,0.356004,-0.254838,0,0.00389595,0.346147,-0.57119,29.0335
9.036,0.0243466,0.356004,-0.254838,0,0.00387254,0.345532,-0.571096,29.0404
9.038,0.0243466,0.356004,-0.254838,0,0.00384786,0.344816,-0.570981,29.0474
9.04,0.0243466,0.356004,-0.254838,0,0.00382208,0.344002,-0.570845,29.0545
9.042,-0.0210483,0.28034,-0.249057,0,0.00379545,0.343095,-0.570686,29.0616
9.044,-0.0210483,0.28034,-0.249057,0,0.0037463,0.342118,-0.570502,29.0688
9.046,-0.0210483,0.28034,-0.249057,0,0.00365341,0.341129,-0.570345,29.076
9.048,-0.0210483,0.28034,-0.249057,0,0.00352127,0.340138,-0.570235,29.0833
9.05,-0.0210483,0.28034,-0.249057,0,0.00335458,0.339134,-0.570162,29.0907
9.052,-0.0210483,0.28034,-0.249057,0,0.00315768,0.338111,-0.570116,29.0981
9.054,-0.0210483,0.28034,-0.249057,0,0.0029346,0.337065,-0.570088,29.1056
9.056,-0.0210483,0.28034,-0.249057,0,0.00268906,0.335991,-0.570073,29.1131
9.058,-0.0210483,0.28034,-0.249057,0,0.00242476,0.33489,-0.570063,29.1206
9.06,-0.0210483,0.28034,-0.249057,0,0.0021461,0.333762,-0.570057,29.1282
9.062,-0.043256,0.346765,-0.217807,0,0.00185744,0.33261,-0.570052,29.1359
9.064,-0.043256,0.346765,-0.217807,0,0.00155524,0.331505,-0.570048,29.1436
9.066,-0.043256,0.346765,-0.217807,0,0.00123699,0.330506,-0.570045,29.1513
9.068,-0.043256,0.346765,-0.217807,0,0.000908337,0.329593,-0.570041,29.159
9.07,-0.043256,0.346765,-0.217807,0,0.000572557,0.328748,-0.570029,29.1667
9.072,-0.043256,0.346765,-0.217807,0,0.000231629,0.327953,-0.570006,29.1745
9.074,-0.043256,0.346765,-0.217807,0,-0.000112622,0.327196,-0.569967,29.1824
9.076,-0.043256,0.346765,-0.217807,0,-0.000458518,0.326466,-0.56991,29.1903
9.078,-0.043256,0.346765,-0.217807,0,-0.000808153,0.325795,-0.569889,29.1982
9.08,-0.043256,0.346765,-0.217807,0,-0.00116336,0.325189,-0.569921,29.2061
9.082,-0.0413712,0.370511,-0.15977,0,-0.00152494,0.32463,-0.569994,29.214
9.084,-0.0413712,0.370511,-0.15977,0,-0.001891,0.324141,-0.570088,29.2219
9.086,-0.0413712,0.370511,-0.15977,0,-0.00225957,0.323742,-0.570184,29.2297
9.088,-0.0413712,0.370511,-0.15977,0,-0.00263046,0.323412,-0.570273,29.2376
9.09,-0.0413712,0.370511,-0.15977,0,-0.00300238,0.323136,-0.570349,29.2454
9.092,-0.0413712,0.370511,-0.15977,0,-0.00337134,0.322903,-0.570409,29.2533
9.094,-0.0413712,0.370511,-0.15977,0,-0.00373525,0.322702,-0.57045,29.2612
9.096,-0.0413712,0.370511,-0.15977,0,-0.00409411,0.322523,-0.570466,29.2691
9.098,-0.0413712,0.370511,-0.15977,0,-0.00444774,0.322357,-0.570454,29.2771
9.1,-0.0413712,0.370511,-0.15977,0,-0.00479582,0.322196,-0.570409,29.2851
9.102,-0.00195567,0.396062,-0.061707,0,-0.00513795,0.322036,-0.570327,29.2931
9.104,-0.00195567,0.396062,-0.061707,0,-0.00546117,0.321902,-0.570189,29.3012
9.106,-0.00195567,0.396062,-0.061707,0,-0.00575409,0.321813,-0.56997,29.3093
9.108,-0.00195567,0.396062,-0.061707,0,-0.00601848,0.321808,-0.569738,29.3175
9.11,-0.00195567,0.396062,-0.061707,0,-0.00625805,0.321893,-0.569513,29.3255
9.112,-0.00195567,0.396062,-0.061707,0,-0.00647753,0.322046,-0.569282,29.3336
9.114,-0.00195567,0.396062,-0.061707,0,-0.00668055,0.322249,-0.569033,29.3416
9.116,-0.00195567,0.396062,-0.061707,0,-0.00686982,0.322486,-0.568756,29.3496
9.118,-0.00195567,0.396062,-0.061707,0,-0.00704734,0.322745,-0.568441,29.3577
9.12,-0.00195567,0.396062,-0.061707,0,-0.00721455,0.323017,-0.568083,29.3657
9.122,0.0686011,0.425027,0.0378073,0,-0.00737246,0.323293,-0.567675,29.3738
9.124,0.0686011,0.425027,0.0378073,0,-0.00751062,0.323595,-0.567191,29.3819
9.126,0.0686011,0.425027,0.0378073,0,-0.0076219,0.32394,-0.566608,29.39
9.128,0.0686011,0.425027,0.0378073,0,-0.00771114,0.324317,-0.565921,29.398
9.13,0.0686011,0.425027,0.0378073,0,-0.00778221,0.324717,-0.565129,29.4061
9.132,0.0686011,0.425027,0.0378073,0,-0.00783833,0.325131,-0.564232,29.4142
9.134,0.0686011,0.425027,0.0378073,0,-0.00788216,0.325552,-0.563227,29.4224
9.136,0.0686011,0.425027,0.0378073,0,-0.00791574,0.326001,-0.562149,29.4305
9.138,0.0686011,0.425027,0.0378073,0,-0.00794098,0.326522,-0.561061,29.4387
9.14,0.0686011,0.425027,0.0378073,0,-0.00795993,0.327095,-0.559949,29.4467
9.142,0.210488,0.46575,0.156529,0,-0.00797411,0.327703,-0.5588,29.4548
9.144,0.210488,0.46575,0.156529,0,-0.00797161,0.328364,-0.557598,29.4628
9.146,0.210488,0.46575,0.156529,0,-0.00794203,0.329089,-0.556328,29.4708
9.148,0.210488,0.46575,0.156529,0,-0.00788918,0.32986,-0.554982,29.4787
9.15,0.210488,0.46575,0.156529,0,-0.00781612,0.330663,-0.553556,29.4867
9.152,0.210488,0.46575,0.156529,0,-0.00772532,0.331485,-0.552044,29.4946
9.154,0.210488,0.46575,0.156529,0,-0.0076188,0.332318,-0.550444,29.5025
9.156,0.210488,0.46575,0.156529,0,-0.00749828,0.333151,-0.548754,29.5105
9.158,0.210488,0.46575,0.156529,0,-0.007365,0.33398,-0.546971,29.5185
9.16,0.210488,0.46575,0.156529,0,-0.00721981,0.334796,-0.545095,29.5266
9.162,0.48531,0.585554,0.370848,0,-0.00706323,0.335597,-0.543124,29.5347
9.164,0.48531,0.585554,0.370848,0,-0.0069051,0.336466,-0.541126,29.5428
9.166,0.48531,0.585554,0.370848,0,-0.00674733,0.337491,-0.539191,29.5508
9.168,0.48531,0.585554,0.370848,0,-0.00658191,0.338615,-0.537292,29.5586
9.17,0.48531,0.585554,0.370848,0,-0.00640656,0.339792,-0.535406,29.5664
9.172,0.48531,0.585554,0.370848,0,-0.00621764,0.340987,-0.533514,29.5741
9.174,0.48531,0.585554,0.370848,0,-0.00600889,0.342172,-0.531601,29.5818
9.176,0.48531,0.585554,0.370848,0,-0.00577522,0.343329,-0.529659,29.5894
9.178,0.48531,0.585554,0.370848,0,-0.00551286,0.344443,-0.527678,29.597
9.18,0.48531,0.585554,0.370848,0,-0.00521788,0.345521,-0.525655,29.6045
9.182,0.568174,0.755481,0.457338,0,-0.00489142,0.346573,-0.523588,29.6121
9.184,0.568174,0.755481,0.457338,0,-0.00459736,0.347651,-0.521526,29.6196
9.186,0.568174,0.755481,0.457338,0,-0.0043783,0.34878,-0.519508,29.6271
9.188,0.568174,0.755481,0.457338,0,-0.00421329,0.349903,-0.517517,29.6346
9.19,0.568174,0.755481,0.457338,0,-0.00408656,0.350977,-0.515535,29.6421
9.192,0.568174,0.755481,0.457338,0,-0.00397718,0.352031,-0.513615,29.6494
9.194,0.568174,0.755481,0.457338,0,-0.00387034,0.353064,-0.511767,29.6566
9.196,0.568174,0.755481,0.457338,0,-0.00373641,0.354153,-0.50998,29.6631
9.198,0.568174,0.755481,0.457338,0,-0.00353386,0.355454,-0.508257,29.6681
9.2,0.568174,0.755481,0.457338,0,-0.00326396,0.356894,-0.506585,29.6718
9.202,0.568793,0.826439,0.527987,0,-0.00293389,0.358404,-0.504941,29.6744
9.204,0.568793,0.826439,0.527987,0,-0.00260675,0.359952,-0.503327,29.6761
9.206,0.568793,0.826439,0.527987,0,-0.00233134,0.361514,-0.501746,29.6771
9.208,0.568793,0.826439,0.527987,0,-0.00208941,0.363058,-0.500188,29.6774
9.21,0.568793,0.826439,0.527987,0,-0.00186488,0.364552,-0.498641,29.6772
9.212,0.568793,0.826439,0.527987,0,-0.0016446,0.36597,-0.497094,29.6766
9.214,0.568793,0.826439,0.527987,0,-0.0014214,0.367295,-0.495529,29.6757
9.216,0.568793,0.826439,0.527987,0,-0.00119315,0.368517,-0.493926,29.6743
9.218,0.568793,0.826439,0.527987,0,-0.000953755,0.369632,-0.492271,29.6727
9.22,0.568793,0.826439,0.527987,0,-0.000694151,0.370643,-0.490558,29.6707
9.222,0.595512,0.952148,0.636968,0,-0.000408079,0.37156,-0.488786,29.6685
9.224,0.595512,0.952148,0.636968,0,-0.000109122,0.372449,-0.486974,29.666
9.226,0.595512,0.952148,0.636968,0,0.000188772,0.37336,-0.485139,29.6634
9.228,0.595512,0.952148,0.636968,0,0.000650131,0.37426,-0.482944,29.6602
9.23,0.595512,0.952148,0.636968,0,0.00127105,0.375154,-0.480428,29.6566
9.232,0.595512,0.952148,0.636968,0,0.00192415,0.376067,-0.477886,29.6528
9.234,0.595512,0.952148,0.636968,0,0.002554,0.37701,-0.475454,29.6491
9.236,0.595512,0.952148,0.636968,0,0.00317349,0.37798,-0.473109,29.6453
9.238,0.595512,0.952148,0.636968,0,0.00379235,0.378976,-0.470834,29.6414
9.24,0.595512,0.952148,0.636968,0,0.00441776,0.38,-0.468613,29.6376
9.242,0.532058,0.898038,0.632805,0,0.00505493,0.381055,-0.466434,29.6337
9.244,0.532058,0.898038,0.632805,0,0.00571703,0.382066,-0.464272,29.6298
9.246,0.532058,0.898038,0.632805,0,0.00641289,0.382977,-0.462108,29.626
9.248,0.532058,0.898038,0.632805,0,0.00713579,0.383824,-0.459937,29.6222
9.25,0.532058,0.898038,0.632805,0,0.00787723,0.384644,-0.457753,29.6184
9.252,0.532058,0.898038,0.632805,0,0.00863119,0.385461,-0.455549,29.6147
9.254,0.532058,0.898038,0.632805,0,0.00939523,0.386289,-0.453322,29.611
9.256,0.532058,0.898038,0.632805,0,0.0101354,0.3871,-0.451042,29.6074
9.258,0.532058,0.898038,0.632805,0,0.0108445,0.387894,-0.448706,29.6042
9.26,0.532058,0.898038,0.632805,0,0.0115327,0.388701,-0.446329,29.6011
9.262,0.491096,0.641187,0.556956,0,0.0122068,0.389539,-0.443923,29.5984
9.264,0.491096,0.641187,0.556956,0,0.0128981,0.390182,-0.441433,29.596
9.266,0.491096,0.641187,0.556956,0,0.0136267,0.390464,-0.438818,29.594
9.268,0.491096,0.641187,0.556956,0,0.0144022,0.39055,-0.436129,29.5921
9.27,0.491096,0.641187,0.556956,0,0.0152522,0.390605,-0.433421,29.5901
9.272,0.491096,0.641187,0.556956,0,0.0161542,0.390651,-0.430697,29.588
9.274,0.491096,0.641187,0.556956,0,0.0170907,0.390704,-0.427952,29.5857
9.276,0.491096,0.641187,0.556956,0,0.0180441,0.390785,-0.425181,29.5833
9.278,0.491096,0.641187,0.556956,0,0.0190009,0.390908,-0.422377,29.5808
9.28,0.491096,0.641187,0.556956,0,0.0199508,0.391086,-0.41953,29.5782
9.282,0.391215,0.403159,0.378634,0,0.0208857,0.391325,-0.416634,29.5756
9.284,0.391215,0.403159,0.378634,0,0.0218281,0.391424,-0.413618,29.5728
9.286,0.391215,0.403159,0.378634,0,0.0227925,0.391232,-0.410431,29.5701
9.288,0.391215,0.403159,0.378634,0,0.023766,0.390855,-0.4071,29.5673
9.29,0.391215,0.403159,0.378634,0,0.0247422,0.390372,-0.403653,29.5644
9.292,0.391215,0.403159,0.378634,0,0.025837,0.38979,-0.399786,29.5613
9.294,0.391215,0.403159,0.378634,0,0.0271005,0.389148,-0.395393,29.5578
9.296,0.391215,0.403159,0.378634,0,0.0283873,0.388393,-0.390563,29.5548
9.298,0.391215,0.403159,0.378634,0,0.0295193,0.387657,-0.385852,29.5521
9.3,0.391215,0.403159,0.378634,0,0.0305189,0.386949,-0.381253,29.5499
9.302,0.121531,0.276332,-0.391981,0,0.0314022,0.386285,-0.376757,29.5482
9.304,0.121531,0.276332,-0.391981,0,0.0322433,0.385745,-0.372579,29.5471
9.306,0.121531,0.276332,-0.391981,0,0.0330978,0.385391,-0.368912,29.5473
9.308,0.121531,0.276332,-0.391981,0,0.0339533,0.38529,-0.36573,29.5482
9.31,0.121531,0.276332,-0.391981,0,0.0348009,0.385559,-0.363041,29.5494
9.312,0.121531,0.276332,-0.391981,0,0.0356069,0.386155,-0.360779,29.551
9.314,0.121531,0.276332,-0.391981,0,0.0363439,0.38695,-0.358874,29.5528
9.316,0.121531,0.276332,-0.391981,0,0.0370033,0.387834,-0.35726,29.5549
9.318,0.121531,0.276332,-0.391981,0,0.0375906,0.388715,-0.355876,29.5573
9.32,0.121531,0.276332,-0.391981,0,0.0381118,0.38953,-0.354675,29.5599
9.322,-0.0175335,0.393593,-1.10083,0,0.0385742,0.390239,-0.353622,29.5627
9.324,-0.0175335,0.393593,-1.10083,0,0.0390532,0.391277,-0.353245,29.5666
9.326,-0.0175335,0.393593,-1.10083,0,0.0395968,0.39298,-0.353978,29.5722
9.328,-0.0175335,0.393593,-1.10083,0,0.0401643,0.395156,-0.355623,29.5794
9.33,-0.0175335,0.393593,-1.10083,0,0.0407253,0.397658,-0.358017,29.5879
9.332,-0.0175335,0.393593,-1.10083,0,0.0412609,0.400373,-0.36103,29.5975
9.334,-0.0175335,0.393593,-1.10083,0,0.041759,0.403214,-0.364557,29.6082
9.336,-0.0175335,0.393593,-1.10083,0,0.0422069,0.40612,-0.36851,29.6198
9.338,-0.0175335,0.393593,-1.10083,0,0.0425915,0.409043,-0.372815,29.6322
9.34,-0.0175335,0.393593,-1.10083,0,0.0429074,0.411955,-0.377417,29.6453
9.342,-0.0049873,0.485834,-1.49268,0,0.0431629,0.414831,-0.382271,29.659
9.344,-0.0049873,0.485834,-1.49268,0,0.0434407,0.418102,-0.387739,29.6736
9.346,-0.0049873,0.485834,-1.49268,0,0.0437942,0.422094,-0.394106,29.6892
9.348,-0.0049873,0.485834,-1.49268,0,0.044182,0.426603,-0.401193,29.7056
9.35,-0.0049873,0.485834,-1.49268,0,0.0445687,0.431458,-0.409013,29.7223
9.352,-0.0049873,0.485834,-1.49268,0,0.0449254,0.436523,-0.417497,29.739
9.354,-0.0049873,0.485834,-1.49268,0,0.04523,0.441694,-0.426513,29.7556
9.356,-0.0049873,0.485834,-1.49268,0,0.0454774,0.446897,-0.435954,29.7721
9.358,-0.0049873,0.485834,-1.49268,0,0.0456687,0.452076,-0.445736,29.7885
9.36,-0.0049873,0.485834,-1.49268,0,0.0457961,0.457189,-0.455788,29.8049
9.362,-0.01208,0.447199,-1.461,0,0.045861,0.462209,-0.466052,29.8211
9.364,-0.01208,0.447199,-1.461,0,0.0458737,0.467162,-0.476471,29.8371
9.366,-0.01208,0.447199,-1.461,0,0.0458396,0.472054,-0.486994,29.853
9.368,-0.01208,0.447199,-1.461,0,0.0457575,0.476838,-0.497582,29.8687
9.37,-0.01208,0.447199,-1.461,0,0.0456283,0.481483,-0.508209,29.8843
9.372,-0.01208,0.447199,-1.461,0,0.0454532,0.485968,-0.518849,29.8996
9.374,-0.01208,0.447199,-1.461,0,0.0452333,0.490276,-0.529486,29.9149
9.376,-0.01208,0.447199,-1.461,0,0.0449694,0.494399,-0.540103,29.9299
9.378,-0.01208,0.447199,-1.461,0,0.0446623,0.498335,-0.55069,29.9449
9.38,-0.01208,0.447199,-1.461,0,0.0443124,0.502083,-0.561236,29.9597
9.382,0.00897814,0.396835,-1.3123,0,0.0439205,0.505647,-0.571733,29.9744
9.384,0.00897814,0.396835,-1.3123,0,0.0434813,0.508901,-0.582034,29.9889
9.386,0.00897814,0.396835,-1.3123,0,0.0429953,0.511754,-0.592018,30.0033
9.388,0.00897814,0.396835,-1.3123,0,0.0424722,0.514262,-0.601727,30.0177
9.39,0.00897814,0.396835,-1.3123,0,0.0419196,0.516473,-0.611191,30.0319
9.392,0.00897814,0.396835,-1.3123,0,0.041343,0.518418,-0.620438,30.046
9.394,0.00897814,0.396835,-1.3123,0,0.0407447,0.52011,-0.629488,30.0601
9.396,0.00897814,0.396835,-1.3123,0,0.0401277,0.521567,-0.638358,30.0741
9.398,0.00897814,0.396835,-1.3123,0,0.039497,0.522811,-0.647063,30.0881
9.4,0.00897814,0.396835,-1.3123,0,0.0388562,0.523862,-0.655617,30.102
9.402,0.0732545,0.394474,-1.09851,0,0.0382073,0.524735,-0.664028,30.1158
9.404,0.0732545,0.394474,-1.09851,0,0.0375588,0.525305,-0.672133,30.1296
9.406,0.0732545,0.394474,-1.09851,0,0.0369231,0.525478,-0.679792,30.1432
9.408,0.0732545,0.394474,-1.09851,0,0.0363077,0.525326,-0.687062,30.1569
9.41,0.0732545,0.394474,-1.09851,0,0.0357176,0.524908,-0.693991,30.1704
9.412,0.0732545,0.394474,-1.09851,0,0.0351518,0.524268,-0.700616,30.1839
9.414,0.0732545,0.394474,-1.09851,0,0.034603,0.523436,-0.706967,30.1974
9.416,0.0732545,0.394474,-1.09851,0,0.0340694,0.522443,-0.71307,30.2108
9.418,0.0732545,0.394474,-1.09851,0,0.033552,0.521323,-0.71895,30.2242
9.42,0.0732545,0.394474,-1.09851,0,0.0330513,0.5201,-0.724629,30.2376
9.422,0.137036,0.396225,-0.782062,0,0.0325668,0.518796,-0.730123,30.251
9.424,0.137036,0.396225,-0.782062,0,0.0320929,0.517217,-0.735189,30.2642
9.426,0.137036,0.396225,-0.782062,0,0.031631,0.51521,-0.739619,30.2774
9.428,0.137036,0.396225,-0.782062,0,0.0311937,0.512869,-0.743499,30.2905
9.43,0.137036,0.396225,-0.782062,0,0.0307842,0.510269,-0.746895,30.3035
9.432,0.137036,0.396225,-0.782062,0,0.0304101,0.507477,-0.749869,30.3164
9.434,0.137036,0.396225,-0.782062,0,0.0300789,0.504549,-0.752471,30.3293
9.436,0.137036,0.396225,-0.782062,0,0.0297952,0.501529,-0.754745,30.3422
9.438,0.137036,0.396225,-0.782062,0,0.0295608,0.498452,-0.756729,30.355
9.44,0.137036,0.396225,-0.782062,0,0.0293703,0.495346,-0.758454,30.3678
9.442,0.172968,0.480591,-0.387436,0,0.0292161,0.492233,-0.759945,30.3806
9.444,0.172968,0.480591,-0.387436,0,0.0290813,0.488955,-0.76095,30.3933
9.446,0.172968,0.480591,-0.387436,0,0.0289627,0.4854,-0.761252,30.4058
9.448,0.172968,0.480591,-0.387436,0,0.0288664,0.481664,-0.76094,30.4181
9.45,0.172968,0.480591,-0.387436,0,0.0287917,0.477823,-0.760091,30.4304
9.452,0.172968,0.480591,-0.387436,0,0.0287455,0.473937,-0.758772,30.4425
9.454,0.172968,0.480591,-0.387436,0,0.0287359,0.470053,-0.75704,30.4545
9.456,0.172968,0.480591,-0.387436,0,0.0287665,0.466202,-0.754946,30.4665
9.458,0.172968,0.480591,-0.387436,0,0.0288424,0.462406,-0.752532,30.4785
9.46,0.172968,0.480591,-0.387436,0,0.0289692,0.458683,-0.749836,30.4904
9.462,0.171482,0.548827,-0.0333702,0,0.0291502,0.455046,-0.746892,30.5023
9.464,0.171482,0.548827,-0.0333702,0,0.0293764,0.451345,-0.743472,30.514
9.466,0.171482,0.548827,-0.0333702,0,0.0296451,0.447471,-0.73938,30.5256
9.468,0.171482,0.548827,-0.0333702,0,0.0299685,0.443504,-0.734706,30.537
9.47,0.171482,0.548827,-0.0333702,0,0.0303545,0.439509,-0.729525,30.5482
9.472,0.171482,0.548827,-0.0333702,0,0.0308078,0.435536,-0.723903,30.5593
9.474,0.171482,0.548827,-0.0333702,0,0.0313304,0.431622,-0.717898,30.5703
9.476,0.171482,0.548827,-0.0333702,0,0.0319225,0.427795,-0.711558,30.5812
9.478,0.171482,0.548827,-0.0333702,0,0.0325826,0.424079,-0.704928,30.5921
9.48,0.171482,0.548827,-0.0333702,0,0.0333073,0.420484,-0.698045,30.603
9.482,0.127995,0.443932,0.168338,0,0.034095,0.417017,-0.690944,30.6138
9.484,0.127995,0.443932,0.168338,0,0.0349171,0.413513,-0.68345,30.6245
9.486,0.127995,0.443932,0.168338,0,0.0357524,0.409843,-0.675418,30.6351
9.488,0.127995,0.443932,0.168338,0,0.036614,0.406076,-0.666929,30.6456
9.49,0.127995,0.443932,0.168338,0,0.0375033,0.402478,-0.65865,30.6556
9.492,0.127995,0.443932,0.168338,0,0.038392,0.399455,-0.651716,30.6646
9.494,0.127995,0.443932,0.168338,0,0.0392444,0.3969,-0.645915,30.6729
9.496,0.127995,0.443932,0.168338,0,0.0400325,0.394716,-0.641058,30.6804
9.498,0.127995,0.443932,0.168338,0,0.0407382,0.392811,-0.636973,30.6874
9.5,0.127995,0.443932,0.168338,0,0.041348,0.391115,-0.63351,30.6938
9.502,0.0695115,0.454532,0.0688641,0,0.0418571,0.389569,-0.630548,30.6997
9.504,0.0695115,0.454532,0.0688641,0,0.0422839,0.388168,-0.628011,30.7052
9.506,0.0695115,0.454532,0.0688641,0,0.0426412,0.386906,-0.625833,30.7104
9.508,0.0695115,0.454532,0.0688641,0,0.0429367,0.385743,-0.62394,30.7153
9.51,0.0695115,0.454532,0.0688641,0,0.043182,0.384649,-0.62226,30.7199
9.512,0.0695115,0.454532,0.0688641,0,0.04338,0.383599,-0.620751,30.7243
9.514,0.0695115,0.454532,0.0688641,0,0.0435341,0.382577,-0.619368,30.7284
9.516,0.0695115,0.454532,0.0688641,0,0.0436438,0.38157,-0.618075,30.7323
9.518,0.0695115,0.454532,0.0688641,0,0.0437092,0.380571,-0.61684,30.736
9.52,0.0695115,0.454532,0.0688641,0,0.0437314,0.379575,-0.61564,30.7395
9.522,0.0453813,0.487257,-0.0376492,0,0.0437118,0.378578,-0.614454,30.7429
9.524,0.0453813,0.487257,-0.0376492,0,0.0436674,0.37766,-0.613306,30.7461
9.526,0.0453813,0.487257,-0.0376492,0,0.0436134,0.376882,-0.612215,30.7491
9.528,0.0453813,0.487257,-0.0376492,0,0.0435498,0.37621,-0.611163,30.7521
9.53,0.0453813,0.487257,-0.0376492,0,0.0434785,0.375619,-0.610133,30.755
9.532,0.0453813,0.487257,-0.0376492,0,0.0434009,0.375087,-0.609114,30.7578
9.534,0.0453813,0.487257,-0.0376492,0,0.0433184,0.374601,-0.608097,30.7605
9.536,0.0453813,0.487257,-0.0376492,0,0.0432319,0.374148,-0.607075,30.7632
9.538,0.0453813,0.487257,-0.0376492,0,0.0431424,0.373721,-0.606043,30.7658
9.54,0.0453813,0.487257,-0.0376492,0,0.0430505,0.373314,-0.604998,30.7684
9.542,0.019319,0.466586,-0.106806,0,0.0429568,0.372922,-0.603938,30.771
9.544,0.019319,0.466586,-0.106806,0,0.0428532,0.372575,-0.602875,30.7735
9.546,0.019319,0.466586,-0.106806,0,0.0427346,0.372294,-0.601821,30.7761
9.548,0.019319,0.466586,-0.106806,0,0.0426049,0.372066,-0.600774,30.7787
9.55,0.019319,0.466586,-0.106806,0,0.0424674,0.37188,-0.599733,30.7813
9.552,0.019319,0.466586,-0.106806,0,0.0423247,0.371729,-0.598697,30.7839
9.554,0.019319,0.466586,-0.106806,0,0.042179,0.371606,-0.597665,30.7866
9.556,0.019319,0.466586,-0.106806,0,0.0420315,0.371504,-0.596637,30.7894
9.558,0.019319,0.466586,-0.106806,0,0.0418834,0.37142,-0.595612,30.7922
9.56,0.019319,0.466586,-0.106806,0,0.041736,0.371345,-0.59459,30.795
9.562,-0.0022637,0.414433,-0.16229,0,0.0415901,0.371275,-0.59357,30.7979
9.564,-0.0022637,0.414433,-0.16229,0,0.0414357,0.371208,-0.592557,30.8009
9.566,-0.0022637,0.414433,-0.16229,0,0.0412643,0.371145,-0.591556,30.8039
9.568,-0.0022637,0.414433,-0.16229,0,0.0410798,0.37108,-0.590567,30.8071
9.57,-0.0022637,0.414433,-0.16229,0,0.0408856,0.371008,-0.589589,30.8103
9.572,-0.0022637,0.414433,-0.16229,0,0.0406844,0.370926,-0.588624,30.8137
9.574,-0.0022637,0.414433,-0.16229,0,0.0404785,0.37083,-0.587671,30.8171
9.576,-0.0022637,0.414433,-0.16229,0,0.0402697,0.370719,-0.58673,30.8206
9.578,-0.0022637,0.414433,-0.16229,0,0.0400595,0.37059,-0.585802,30.8243
9.58,-0.0022637,0.414433,-0.16229,0,0.0398493,0.370443,-0.584887,30.828
9.582,-0.017989,0.358518,-0.204058,0,0.0396401,0.370275,-0.583985,30.8319
9.584,-0.017989,0.358518,-0.204058,0,0.039417,0.370085,-0.583098,30.8358
9.586,-0.017989,0.358518,-0.204058,0,0.0391675,0.369869,-0.582224,30.8399
9.588,-0.017989,0.358518,-0.204058,0,0.038896,0.369628,-0.581364,30.8441
9.59,-0.017989,0.358518,-0.204058,0,0.0386067,0.369359,-0.580519,30.8484
9.592,-0.017989,0.358518,-0.204058,0,0.0383034,0.369079,-0.579708,30.8528
9.594,-0.017989,0.358518,-0.204058,0,0.0379887,0.368791,-0.578936,30.8572
9.596,-0.017989,0.358518,-0.204058,0,0.0376648,0.368491,-0.5782,30.8618
9.598,-0.017989,0.358518,-0.204058,0,0.0373351,0.368158,-0.577493,30.8665
9.6,-0.017989,0.358518,-0.204058,0,0.0370029,0.367782,-0.576813,30.8712
9.602,-0.0234294,0.335916,-0.236624,0,0.0366707,0.367363,-0.576156,30.876
9.604,-0.0234294,0.335916,-0.236624,0,0.0363341,0.366914,-0.575523,30.8809
9.606,-0.0234294,0.335916,-0.236624,0,0.0359893,0.366444,-0.574914,30.8858
9.608,-0.0234294,0.335916,-0.236624,0,0.0356394,0.365951,-0.574328,30.8908
9.61,-0.0234294,0.335916,-0.236624,0,0.0352869,0.365432,-0.573761,30.8959
9.612,-0.0234294,0.335916,-0.236624,0,0.0349342,0.364888,-0.573214,30.9011
9.614,-0.0234294,0.335916,-0.236624,0,0.034583,0.364317,-0.572684,30.9063
9.616,-0.0234294,0.335916,-0.236624,0,0.0342351,0.36372,-0.57217,30.9116
9.618,-0.0234294,0.335916,-0.236624,0,0.0338918,0.363096,-0.571671,30.9169
9.62,-0.0234294,0.335916,-0.236624,0,0.0335542,0.362447,-0.571186,30.9223
9.622,-0.0280049,0.322352,-0.256959,0,0.0332233,0.361774,-0.570714,30.9278
9.624,-0.0280049,0.322352,-0.256959,0,0.0328953,0.361096,-0.570255,30.9333
9.626,-0.0280049,0.322352,-0.256959,0,0.0325678,0.360429,-0.569806,30.9389
9.628,-0.0280049,0.322352,-0.256959,0,0.0322425,0.359766,-0.569368,30.9445
9.63,-0.0280049,0.322352,-0.256959,0,0.0319206,0.359104,-0.568937,30.9502
9.632,-0.0280049,0.322352,-0.256959,0,0.0316032,0.35844,-0.568514,30.9559
9.634,-0.0280049,0.322352,-0.256959,0,0.0312916,0.357788,-0.568123,30.9616
9.636,-0.0280049,0.322352,-0.256959,0,0.0309844,0.357177,-0.567805,30.9674
9.638,-0.0280049,0.322352,-0.256959,0,0.0306784,0.356596,-0.567547,30.9731
9.64,-0.0280049,0.322352,-0.256959,0,0.0303718,0.356033,-0.567339,30.9789
9.642,-0.0277958,0.32796,-0.273765,0,0.0300636,0.355481,-0.567173,30.9846
9.644,-0.0277958,0.32796,-0.273765,0,0.0297526,0.354956,-0.56704,30.9903
9.646,-0.0277958,0.32796,-0.273765,0,0.0294383,0.354471,-0.566936,30.996
9.648,-0.0277958,0.32796,-0.273765,0,0.0291214,0.354017,-0.566854,31.0017
9.65,-0.0277958,0.32796,-0.273765,0,0.0288031,0.353584,-0.56679,31.0073
9.652,-0.0277958,0.32796,-0.273765,0,0.0284846,0.353168,-0.566739,31.013
9.654,-0.0277958,0.32796,-0.273765,0,0.0281672,0.352764,-0.566698,31.0186
9.656,-0.0277958,0.32796,-0.273765,0,0.0278522,0.352367,-0.566666,31.0242
9.658,-0.0277958,0.32796,-0.273765,0,0.0275406,0.351975,-0.566639,31.0299
9.66,-0.0277958,0.32796,-0.273765,0,0.0272335,0.351585,-0.566616,31.0355
9.662,-0.0261624,0.336758,-0.287731,0,0.0269321,0.351195,-0.566596,31.0412
9.664,-0.0261624,0.336758,-0.287731,0,0.0266399,0.350819,-0.566578,31.0468
9.666,-0.0261624,0.336758,-0.287731,0,0.0263603,0.35047,-0.566562,31.0524
9.668,-0.0261624,0.336758,-0.287731,0,0.0260931,0.350139,-0.566547,31.0581
9.67,-0.0261624,0.336758,-0.287731,0,0.0258384,0.34982,-0.56653,31.0637
9.672,-0.0261624,0.336758,-0.287731,0,0.0255968,0.349504,-0.56651,31.0694
9.674,-0.0261624,0.336758,-0.287731,0,0.0253666,0.3492,-0.566502,31.075
9.676,-0.0261624,0.336758,-0.287731,0,0.0251436,0.348931,-0.566539,31.0806
9.678,-0.0261624,0.336758,-0.287731,0,0.0249266,0.348688,-0.566614,31.0862
9.68,-0.0261624,0.336758,-0.287731,0,0.0247145,0.348462,-0.566719,31.0917
9.682,-0.0306098,0.339637,-0.294647,0,0.0245066,0.348245,-0.566846,31.0971
9.684,-0.0306098,0.339637,-0.294647,0,0.024301,0.348042,-0.566988,31.1025
9.686,-0.0306098,0.339637,-0.294647,0,0.0240961,0.347857,-0.567138,31.1079
9.688,-0.0306098,0.339637,-0.294647,0,0.023892,0.347683,-0.567292,31.1132
9.69,-0.0306098,0.339637,-0.294647,0,0.0236889,0.347515,-0.567445,31.1184
9.692,-0.0306098,0.339637,-0.294647,0,0.023487,0.347349,-0.567593,31.1237
9.694,-0.0306098,0.339637,-0.294647,0,0.0232865,0.347183,-0.567733,31.1289
9.696,-0.0306098,0.339637,-0.294647,0,0.023088,0.347015,-0.567863,31.1341
9.698,-0.0306098,0.339637,-0.294647,0,0.0228916,0.346842,-0.567982,31.1393
9.7,-0.0306098,0.339637,-0.294647,0,0.0226977,0.346664,-0.568088,31.1444
9.702,-0.031526,0.343521,-0.300251,0,0.0225067,0.34648,-0.568179,31.1496
9.704,-0.031526,0.343521,-0.300251,0,0.022321,0.346294,-0.568255,31.1547
9.706,-0.031526,0.343521,-0.300251,0,0.0221434,0.346112,-0.568319,31.1599
9.708,-0.031526,0.343521,-0.300251,0,0.0219751,0.345933,-0.568372,31.165
9.71,-0.031526,0.343521,-0.300251,0,0.0218171,0.345757,-0.568414,31.1702
9.712,-0.031526,0.343521,-0.300251,0,0.0216701,0.345585,-0.568445,31.1753
9.714,-0.031526,0.343521,-0.300251,0,0.0215343,0.345416,-0.568468,31.1805
9.716,-0.031526,0.343521,-0.300251,0,0.0214089,0.345248,-0.56848,31.1857
9.718,-0.031526,0.343521,-0.300251,0,0.0212911,0.345092,-0.568499,31.1908
9.72,-0.031526,0.343521,-0.300251,0,0.0211748,0.344965,-0.568557,31.196
9.722,-0.0301813,0.34694,-0.300213,0,0.0210588,0.344861,-0.568646,31.2011
9.724,-0.0301813,0.34694,-0.300213,0,0.0209451,0.344775,-0.568759,31.2061
9.726,-0.0301813,0.34694,-0.300213,0,0.0208357,0.344704,-0.568889,31.2112
9.728,-0.0301813,0.34694,-0.300213,0,0.0207289,0.344644,-0.569031,31.2162
9.73,-0.0301813,0.34694,-0.300213,0,0.0206225,0.344594,-0.56918,31.2211
9.732,-0.0301813,0.34694,-0.300213,0,0.0205151,0.344551,-0.569331,31.2261
9.734,-0.0301813,0.34694,-0.300213,0,0.0204054,0.344514,-0.569482,31.231
9.736,-0.0301813,0.34694,-0.300213,0,0.0202925,0.344482,-0.569629,31.2359
9.738,-0.0301813,0.34694,-0.300213,0,0.0201759,0.344454,-0.569769,31.2409
9.74,-0.0301813,0.34694,-0.300213,0,0.0200552,0.34443,-0.569903,31.2458
9.742,-0.024083,0.362589,-0.298872,0,0.0199308,0.344408,-0.570026,31.2507
9.744,-0.024083,0.362589,-0.298872,0,0.0198121,0.344388,-0.570142,31.2556
9.746,-0.024083,0.362589,-0.298872,0,0.0197086,0.344363,-0.570247,31.2605
9.748,-0.024083,0.362589,-0.298872,0,0.0196183,0.344329,-0.570338,31.2654
9.75,-0.024083,0.362589,-0.298872,0,0.0195386,0.344284,-0.570414,31.2703
9.752,-0.024083,0.362589,-0.298872,0,0.0194677,0.34423,-0.570475,31.2752
9.754,-0.024083,0.362589,-0.298872,0,0.019406,0.344167,-0.570523,31.2802
9.756,-0.024083,0.362589,-0.298872,0,0.0193544,0.344096,-0.570556,31.2852
9.758,-0.024083,0.362589,-0.298872,0,0.0193115,0.344014,-0.570575,31.2902
9.76,-0.024083,0.362589,-0.298872,0,0.019276,0.343922,-0.570578,31.2952
9.762,-0.0251262,0.351573,-0.285916,0,0.0192466,0.34382,-0.570564,31.3002
9.764,-0.0251262,0.351573,-0.285916,0,0.0192181,0.343726,-0.570568,31.3053
9.766,-0.0251262,0.351573,-0.285916,0,0.0191868,0.343644,-0.570599,31.3103
9.768,-0.0251262,0.351573,-0.285916,0,0.0191527,0.343571,-0.570652,31.3153
9.77,-0.0251262,0.351573,-0.285916,0,0.019116,0.343506,-0.570721,31.3203
9.772,-0.0251262,0.351573,-0.285916,0,0.0190766,0.343448,-0.570803,31.3253
9.774,-0.0251262,0.351573,-0.285916,0,0.0190348,0.343395,-0.570891,31.3303
9.776,-0.0251262,0.351573,-0.285916,0,0.0189907,0.343345,-0.570983,31.3352
9.778,-0.0251262,0.351573,-0.285916,0,0.0189446,0.343297,-0.571075,31.3402
9.78,-0.0251262,0.351573,-0.285916,0,0.0188966,0.34325,-0.571162,31.3452
9.782,-0.0207359,0.361921,-0.280944,0,0.018847,0.343202,-0.571243,31.3502
9.784,-0.0207359,0.361921,-0.280944,0,0.0187965,0.34315,-0.571314,31.3552
9.786,-0.0207359,0.361921,-0.280944,0,0.0187459,0.343092,-0.571373,31.3602
9.788,-0.0207359,0.361921,-0.280944,0,0.0186954,0.343031,-0.571422,31.3652
9.79,-0.0207359,0.361921,-0.280944,0,0.0186461,0.342971,-0.571461,31.3703
9.792,-0.0207359,0.361921,-0.280944,0,0.0185992,0.342912,-0.571491,31.3754
9.794,-0.0207359,0.361921,-0.280944,0,0.0185552,0.342858,-0.571511,31.3806
9.796,-0.0207359,0.361921,-0.280944,0,0.0185136,0.342808,-0.571521,31.3858
9.798,-0.0207359,0.361921,-0.280944,0,0.018474,0.342762,-0.571518,31.391
9.8,-0.0207359,0.361921,-0.280944,0,0.0184378,0.342717,-0.571502,31.3963
9.802,-0.0159183,0.359206,-0.271002,0,0.0184076,0.342662,-0.571469,31.4016
9.804,-0.0159183,0.359206,-0.271002,0,0.0183828,0.342577,-0.571412,31.4069
9.806,-0.0159183,0.359206,-0.271002,0,0.0183626,0.342467,-0.571349,31.4124
9.808,-0.0159183,0.359206,-0.271002,0,0.0183457,0.342366,-0.57132,31.4178
9.81,-0.0159183,0.359206,-0.271002,0,0.0183311,0.342275,-0.571318,31.4232
9.812,-0.0159183,0.359206,-0.271002,0,0.0183176,0.342193,-0.571337,31.4286
9.814,-0.0159183,0.359206,-0.271002,0,0.0183037,0.342119,-0.57137,31.4341
9.816,-0.0159183,0.359206,-0.271002,0,0.0182806,0.342027,-0.571413,31.4395
9.818,-0.0159183,0.359206,-0.271002,0,0.0182455,0.341893,-0.57146,31.4449
9.82,-0.0159183,0.359206,-0.271002,0,0.0182001,0.341701,-0.571504,31.4504
9.822,-0.0306981,0.326087,-0.263463,0,0.0181459,0.341443,-0.571542,31.4559
9.824,-0.0306981,0.326087,-0.263463,0,0.0180748,0.341116,-0.571574,31.4614
9.826,-0.0306981,0.326087,-0.263463,0,0.0179808,0.340722,-0.571598,31.467
9.828,-0.0306981,0.326087,-0.263463,0,0.0178693,0.34026,-0.571616,31.4727
9.83,-0.0306981,0.326087,-0.263463,0,0.0177447,0.339732,-0.571628,31.4784
9.832,-0.0306981,0.326087,-0.263463,0,0.0176099,0.339141,-0.571632,31.4842
9.834,-0.0306981,0.326087,-0.263463,0,0.0174674,0.338489,-0.571628,31.4901
9.836,-0.0306981,0.326087,-0.263463,0,0.0173195,0.337782,-0.571615,31.496
9.838,-0.0306981,0.326087,-0.263463,0,0.017168,0.337023,-0.571594,31.5019
9.84,-0.0306981,0.326087,-0.263463,0,0.0170146,0.336216,-0.571564,31.508
9.842,-0.0561496,0.333092,-0.246781,0,0.0168608,0.335366,-0.571526,31.5141
9.844,-0.0561496,0.333092,-0.246781,0,0.0166931,0.334514,-0.571481,31.5202
9.846,-0.0561496,0.333092,-0.246781,0,0.0164978,0.333711,-0.571452,31.5264
9.848,-0.0561496,0.333092,-0.246781,0,0.0162743,0.332975,-0.571479,31.5326
9.85,-0.0561496,0.333092,-0.246781,0,0.0160248,0.332291,-0.571551,31.5388
9.852,-0.0561496,0.333092,-0.246781,0,0.0157516,0.331644,-0.571659,31.545
9.854,-0.0561496,0.333092,-0.246781,0,0.0154575,0.331022,-0.571795,31.5512
9.856,-0.0561496,0.333092,-0.246781,0,0.0151449,0.330417,-0.571952,31.5574
9.858,-0.0561496,0.333092,-0.246781,0,0.0148162,0.329821,-0.572122,31.5637
9.86,-0.0561496,0.333092,-0.246781,0,0.0144737,0.329228,-0.572302,31.57
9.862,-0.0686266,0.37778,-0.219877,0,0.0141195,0.328636,-0.572486,31.5763
9.864,-0.0686266,0.37778,-0.219877,0,0.0137577,0.328086,-0.572675,31.5826
9.866,-0.0686266,0.37778,-0.219877,0,0.0133918,0.327616,-0.572867,31.589
9.868,-0.0686266,0.37778,-0.219877,0,0.0130216,0.327208,-0.573057,31.5953
9.87,-0.0686266,0.37778,-0.219877,0,0.0126476,0.326847,-0.573241,31.6017
9.872,-0.0686266,0.37778,-0.219877,0,0.0122705,0.326521,-0.573415,31.6081
9.874,-0.0686266,0.37778,-0.219877,0,0.0118913,0.326221,-0.573575,31.6146
9.876,-0.0686266,0.37778,-0.219877,0,0.0115114,0.325938,-0.573721,31.6211
9.878,-0.0686266,0.37778,-0.219877,0,0.0111317,0.325665,-0.573849,31.6277
9.88,-0.0686266,0.37778,-0.219877,0,0.0107533,0.325398,-0.573958,31.6343
9.882,-0.0720992,0.384123,-0.178865,0,0.0103784,0.325132,-0.574048,31.641
9.884,-0.0720992,0.384123,-0.178865,0,0.0100067,0.324912,-0.57416,31.6477
9.886,-0.0720992,0.384123,-0.178865,0,0.00963628,0.324754,-0.574303,31.6544
9.888,-0.0720992,0.384123,-0.178865,0,0.00926598,0.32464,-0.574466,31.661
9.89,-0.0720992,0.384123,-0.178865,0,0.00889512,0.324557,-0.574639,31.6677
9.892,-0.0720992,0.384123,-0.178865,0,0.00852356,0.324494,-0.574814,31.6745
9.894,-0.0720992,0.384123,-0.178865,0,0.00815203,0.324444,-0.574985,31.6812
9.896,-0.0720992,0.384123,-0.178865,0,0.00778122,0.324404,-0.575147,31.6879
9.898,-0.0720992,0.384123,-0.178865,0,0.00741178,0.324371,-0.575295,31.6947
9.9,-0.0720992,0.384123,-0.178865,0,0.00704441,0.324343,-0.575425,31.7015
9.902,-0.051235,0.412858,-0.114504,0,0.00668013,0.32432,-0.575535,31.7083
9.904,-0.051235,0.412858,-0.114504,0,0.00633366,0.324329,-0.575615,31.7151
9.906,-0.051235,0.412858,-0.114504,0,0.00601655,0.324393,-0.575654,31.7219
9.908,-0.051235,0.412858,-0.114504,0,0.00572578,0.324497,-0.575647,31.7288
9.91,-0.051235,0.412858,-0.114504,0,0.00545887,0.32463,-0.575592,31.7357
9.912,-0.051235,0.412858,-0.114504,0,0.00521377,0.324784,-0.575486,31.7427
9.914,-0.051235,0.412858,-0.114504,0,0.00498876,0.324949,-0.575328,31.7496
9.916,-0.051235,0.412858,-0.114504,0,0.00478246,0.325121,-0.575116,31.7567
9.918,-0.051235,0.412858,-0.114504,0,0.00459418,0.325316,-0.574878,31.7638
9.92,-0.051235,0.412858,-0.114504,0,0.00442253,0.32557,-0.574667,31.7709
9.922,-0.0134874,0.427592,-0.039009,0,0.00426409,0.325866,-0.574468,31.7779
9.924,-0.0134874,0.427592,-0.039009,0,0.00412342,0.326212,-0.574254,31.7849
9.926,-0.0134874,0.427592,-0.039009,0,0.00400405,0.326617,-0.573994,31.7919
9.928,-0.0134874,0.427592,-0.039009,0,0.00390221,0.327065,-0.573682,31.7988
9.93,-0.0134874,0.427592,-0.039009,0,0.00381487,0.327545,-0.573312,31.8057
9.932,-0.0134874,0.427592,-0.039009,0,0.00373964,0.328046,-0.57288,31.8127
9.934,-0.0134874,0.427592,-0.039009,0,0.00367471,0.328562,-0.572382,31.8196
9.936,-0.0134874,0.427592,-0.039009,0,0.00361852,0.329084,-0.571814,31.8265
9.938,-0.0134874,0.427592,-0.039009,0,0.00356938,0.329606,-0.571176,31.8334
9.94,-0.0134874,0.427592,-0.039009,0,0.00352595,0.330125,-0.570465,31.8404
9.942,0.0490212,0.435213,0.0318989,0,0.0034872,0.330636,-0.56968,31.8474
9.944,0.0490212,0.435213,0.0318989,0,0.00345935,0.331142,-0.5688,31.8545
9.946,0.0490212,0.435213,0.0318989,0,0.00344842,0.331644,-0.567808,31.8616
9.948,0.0490212,0.435213,0.0318989,0,0.00345305,0.332141,-0.566704,31.8687
9.95,0.0490212,0.435213,0.0318989,0,0.00347219,0.332631,-0.565492,31.8758
9.952,0.0490212,0.435213,0.0318989,0,0.00350522,0.333162,-0.564237,31.883
9.954,0.0490212,0.435213,0.0318989,0,0.00354975,0.333747,-0.562963,31.8901
9.956,0.0490212,0.435213,0.0318989,0,0.00360242,0.334372,-0.561658,31.8971
9.958,0.0490212,0.435213,0.0318989,0,0.00366075,0.335023,-0.560312,31.9042
9.96,0.0490212,0.435213,0.0318989,0,0.00372297,0.335689,-0.558915,31.9112
9.962,0.196113,0.485899,0.152333,0,0.00378784,0.336362,-0.557462,31.9183
9.964,0.196113,0.485899,0.152333,0,0.0038684,0.337068,-0.555946,31.9253
9.966,0.196113,0.485899,0.152333,0,0.00397601,0.337826,-0.554365,31.9324
9.968,0.196113,0.485899,0.152333,0,0.00410723,0.338621,-0.552713,31.9394
9.97,0.196113,0.485899,0.152333,0,0.00425925,0.339439,-0.550987,31.9464
9.972,0.196113,0.485899,0.152333,0,0.00442984,0.34027,-0.549184,31.9534
9.974,0.196113,0.485899,0.152333,0,0.00461721,0.341105,-0.547303,31.9605
9.976,0.196113,0.485899,0.152333,0,0.00481996,0.341936,-0.545343,31.9676
9.978,0.196113,0.485899,0.152333,0,0.00503718,0.342758,-0.543302,31.9747
9.98,0.196113,0.485899,0.152333,0,0.00526848,0.343565,-0.54118,31.982
9.982,0.46182,0.604748,0.363069,0,0.0055137,0.344408,-0.539045,31.9892
9.984,0.46182,0.604748,0.363069,0,0.00575419,0.345363,-0.536952,31.9963
9.986,0.46182,0.604748,0.363069,0,0.00597959,0.346452,-0.534911,32.0033
9.988,0.46182,0.604748,0.363069,0,0.00620285,0.347619,-0.532901,32.0103
9.99,0.46182,0.604748,0.363069,0,0.00643153,0.348824,-0.530905,32.0171
9.992,0.46182,0.604748,0.363069,0,0.00666853,0.350031,-0.528904,32.0239
9.994,0.46182,0.604748,0.363069,0,0.00691708,0.351218,-0.526887,32.0307
9.996,0.46182,0.604748,0.363069,0,0.00718242,0.352366,-0.524844,32.0374
9.998,0.46182,0.604748,0.363069,0,0.0074701,0.353465,-0.522769,32.0441
10,0.46182,0.604748,0.363069,0,0.00778437,0.354504,-0.520655,32.0509
10.002,0.520801,0.757201,0.437575,0,0.00812846,0.355481,-0.518499,32.0576
10.004,0.520801,0.757201,0.437575,0,0.0084377,0.356438,-0.51634,32.0642
10.006,0.520801,0.757201,0.437575,0,0.00866187,0.357402,-0.514212,32.0709
10.008,0.520801,0.757201,0.437575,0,0.0088261,0.358336,-0.512103,32.0775
10.01,0.520801,0.757201,0.437575,0,0.00895376,0.359242,-0.510031,32.0841
10.012,0.520801,0.757201,0.437575,0,0.00906199,0.360149,-0.508039,32.0905
10.014,0.520801,0.757201,0.437575,0,0.00916385,0.361039,-0.506105,32.0967
10.016,0.520801,0.757201,0.437575,0,0.00926945,0.361895,-0.504214,32.1028
10.018,0.520801,0.757201,0.437575,0,0.00938703,0.362702,-0.502353,32.1087
10.02,0.520801,0.757201,0.437575,0,0.00952336,0.363454,-0.500509,32.1145
10.022,0.53171,0.757741,0.5105,0,0.00968356,0.364147,-0.498673,32.1202
10.024,0.53171,0.757741,0.5105,0,0.00982006,0.364747,-0.49684,32.1258
10.026,0.53171,0.757741,0.5105,0,0.00989993,0.365235,-0.495009,32.1314
10.028,0.53171,0.757741,0.5105,0,0.00994781,0.36563,-0.493181,32.1369
10.03,0.53171,0.757741,0.5105,0,0.00997857,0.365943,-0.491351,32.1424
10.032,0.53171,0.757741,0.5105,0,0.0100017,0.36618,-0.489515,32.1478
10.034,0.53171,0.757741,0.5105,0,0.0100206,0.366353,-0.487669,32.1531
10.036,0.53171,0.757741,0.5105,0,0.0100395,0.366477,-0.485809,32.1585
10.038,0.53171,0.757741,0.5105,0,0.0100658,0.366563,-0.483932,32.1638
10.04,0.53171,0.757741,0.5105,0,0.0101048,0.366617,-0.482036,32.1691
10.042,0.555524,0.708239,0.649746,0,0.0101601,0.366647,-0.480121,32.1743
10.044,0.555524,0.708239,0.649746,0,0.010232,0.366609,-0.478203,32.1795
10.046,0.555524,0.708239,0.649746,0,0.0103133,0.366449,-0.47627,32.1846
10.048,0.555524,0.708239,0.649746,0,0.0104077,0.366189,-0.474313,32.1895
10.05,0.555524,0.708239,0.649746,0,0.0105135,0.365849,-0.472329,32.1943
10.052,0.555524,0.708239,0.649746,0,0.0106305,0.365445,-0.470315,32.199
10.054,0.555524,0.708239,0.649746,0,0.0107609,0.364997,-0.468265,32.2036
10.056,0.555524,0.708239,0.649746,0,0.010906,0.364521,-0.466179,32.2081
10.058,0.555524,0.708239,0.649746,0,0.0110664,0.364032,-0.464052,32.2125
10.06,0.555524,0.708239,0.649746,0,0.0112421,0.363543,-0.461883,32.2169
10.062,0.566643,0.586039,0.757665,0,0.0114324,0.363067,-0.45967,32.2212
10.064,0.566643,0.586039,0.757665,0,0.0116354,0.362477,-0.457358,32.2255
10.066,0.566643,0.586039,0.757665,0,0.0118487,0.361666,-0.454898,32.2299
10.068,0.566643,0.586039,0.757665,0,0.0120685,0.360693,-0.452304,32.2344
10.07,0.566643,0.586039,0.757665,0,0.012292,0.359604,-0.449586,32.2388
10.072,0.566643,0.586039,0.757665,0,0.012567,0.35854,-0.446818,32.243
10.074,0.566643,0.586039,0.757665,0,0.0129807,0.357702,-0.444133,32.2462
10.076,0.566643,0.586039,0.757665,0,0.0135022,0.357045,-0.441508,32.2485
10.078,0.566643,0.586039,0.757665,0,0.014086,0.356516,-0.438878,32.25
10.08,0.566643,0.586039,0.757665,0,0.0147014,0.356087,-0.436201,32.2509
10.082,0.569263,0.522986,0.709994,0,0.0153303,0.355736,-0.433448,32.251
10.084,0.569263,0.522986,0.709994,0,0.01597,0.355342,-0.430557,32.2506
10.086,0.569263,0.522986,0.709994,0,0.0166192,0.354812,-0.427473,32.2497
10.088,0.569263,0.522986,0.709994,0,0.0172671,0.354182,-0.424189,32.2482
10.09,0.569263,0.522986,0.709994,0,0.0180037,0.353439,-0.420472,32.2459
10.092,0.569263,0.522986,0.709994,0,0.0190176,0.352548,-0.415891,32.2426
10.094,0.569263,0.522986,0.709994,0,0.0202953,0.351581,-0.410542,32.2383
10.096,0.569263,0.522986,0.709994,0,0.0218225,0.350596,-0.404508,32.2332
10.098,0.569263,0.522986,0.709994,0,0.0232829,0.349731,-0.398492,32.2278
10.1,0.569263,0.522986,0.709994,0,0.0245492,0.349025,-0.392781,32.2226
10.102,0.497475,0.447027,0.563256,0,0.0256452,0.348451,-0.387314,32.2175
10.104,0.497475,0.447027,0.563256,0,0.0266089,0.347882,-0.382035,32.2125
10.106,0.497475,0.447027,0.563256,0,0.0274709,0.347226,-0.376896,32.2077
10.108,0.497475,0.447027,0.563256,0,0.0282361,0.34652,-0.371861,32.2032
10.11,0.497475,0.447027,0.563256,0,0.0289135,0.345794,-0.366899,32.1989
10.112,0.497475,0.447027,0.563256,0,0.0295193,0.345079,-0.36199,32.1947
10.114,0.497475,0.447027,0.563256,0,0.0301105,0.344221,-0.356707,32.1911
10.116,0.497475,0.447027,0.563256,0,0.0307956,0.343104,-0.350582,32.1884
10.118,0.497475,0.447027,0.563256,0,0.0313976,0.342043,-0.344495,32.1861
10.12,0.497475,0.447027,0.563256,0,0.0318857,0.341111,-0.338646,32.1839
10.122,0.362392,0.366601,0.00788618,0,0.0322774,0.340292,-0.332993,32.1818
10.124,0.362392,0.366601,0.00788618,0,0.0326617,0.339598,-0.327675,32.1802
10.126,0.362392,0.366601,0.00788618,0,0.0331044,0.339036,-0.322807,32.1793
10.128,0.362392,0.366601,0.00788618,0,0.0335759,0.338591,-0.31832,32.179
10.13,0.362392,0.366601,0.00788618,0,0.0340564,0.338263,-0.31416,32.1794
10.132,0.362392,0.366601,0.00788618,0,0.0345752,0.338177,-0.310331,32.1799
10.134,0.362392,0.366601,0.00788618,0,0.0351631,0.338361,-0.306746,32.1803
10.136,0.362392,0.366601,0.00788618,0,0.0358156,0.338785,-0.303338,32.1806
10.138,0.362392,0.366601,0.00788618,0,0.0365166,0.339427,-0.300076,32.1809
10.14,0.362392,0.366601,0.00788618,0,0.0372538,0.340256,-0.296927,32.1811
10.142,0.0318783,0.349842,-0.843539,0,0.0380182,0.341249,-0.293863,32.1813
10.144,0.0318783,0.349842,-0.843539,0,0.0388307,0.342736,-0.291508,32.1822
10.146,0.0318783,0.349842,-0.843539,0,0.039687,0.344982,-0.290391,32.1848
10.148,0.0318783,0.349842,-0.843539,0,0.0405344,0.347819,-0.290306,32.1887
10.15,0.0318783,0.349842,-0.843539,0,0.0413358,0.351018,-0.291065,32.1939
10.152,0.0318783,0.349842,-0.843539,0,0.0420725,0.354416,-0.292504,32.2
10.154,0.0318783,0.349842,-0.843539,0,0.042734,0.357891,-0.294489,32.207
10.156,0.0318783,0.349842,-0.843539,0,0.043319,0.361351,-0.296913,32.2148
10.158,0.0318783,0.349842,-0.843539,0,0.0438218,0.364728,-0.299692,32.2232
10.16,0.0318783,0.349842,-0.843539,0,0.0442486,0.367981,-0.302764,32.2322
10.162,-0.0425268,0.430519,-1.35498,0,0.0446019,0.371086,-0.306077,32.2418
10.164,-0.0425268,0.430519,-1.35498,0,0.0449786,0.374497,-0.310072,32.2524
10.166,-0.0425268,0.430519,-1.35498,0,0.0454426,0.378561,-0.315096,32.2642
10.168,-0.0425268,0.430519,-1.35498,0,0.0459455,0.383084,-0.321035,32.2769
10.17,-0.0425268,0.430519,-1.35498,0,0.046453,0.387909,-0.327883,32.2899
10.172,-0.0425268,0.430519,-1.35498,0,0.0469318,0.392901,-0.335454,32.303
10.174,-0.0425268,0.430519,-1.35498,0,0.0473572,0.397959,-0.343601,32.3161
10.176,-0.0425268,0.430519,-1.35498,0,0.0477116,0.403005,-0.352207,32.3294
10.178,-0.0425268,0.430519,-1.35498,0,0.0479971,0.407982,-0.361178,32.3427
10.18,-0.0425268,0.430519,-1.35498,0,0.048214,0.412852,-0.37044,32.356
10.182,0.00692972,0.501542,-1.41266,0,0.0483587,0.417588,-0.379929,32.3693
10.184,0.00692972,0.501542,-1.41266,0,0.0484805,0.422405,-0.389725,32.3826
10.186,0.00692972,0.501542,-1.41266,0,0.0486169,0.427467,-0.399877,32.3957
10.188,0.00692972,0.501542,-1.41266,0,0.0487492,0.43267,-0.410288,32.4088
10.19,0.00692972,0.501542,-1.41266,0,0.0488641,0.437934,-0.420882,32.4218
10.192,0.00692972,0.501542,-1.41266,0,0.0489577,0.443202,-0.431602,32.4346
10.194,0.00692972,0.501542,-1.41266,0,0.0490332,0.44843,-0.442404,32.4473
10.196,0.00692972,0.501542,-1.41266,0,0.0490888,0.453584,-0.453252,32.4599
10.198,0.00692972,0.501542,-1.41266,0,0.0491178,0.458631,-0.464117,32.4724
10.2,0.00692972,0.501542,-1.41266,0,0.0491192,0.463547,-0.474976,32.4848
10.202,0.0121512,0.464982,-1.25344,0,0.0490956,0.468318,-0.485811,32.4971
10.204,0.0121512,0.464982,-1.25344,0,0.0490299,0.472858,-0.496454,32.5092
10.206,0.0121512,0.464982,-1.25344,0,0.0489093,0.477105,-0.506766,32.5211
10.208,0.0121512,0.464982,-1.25344,0,0.0487432,0.481087,-0.516786,32.5329
10.21,0.0121512,0.464982,-1.25344,0,0.0485415,0.484823,-0.526545,32.5446
10.212,0.0121512,0.464982,-1.25344,0,0.0483118,0.488326,-0.536069,32.5561
10.214,0.0121512,0.464982,-1.25344,0,0.0480598,0.49161,-0.545381,32.5675
10.216,0.0121512,0.464982,-1.25344,0,0.0477894,0.494695,-0.554499,32.5788
10.218,0.0121512,0.464982,-1.25344,0,0.047503,0.497596,-0.56344,32.59
10.22,0.0121512,0.464982,-1.25344,0,0.0472023,0.500328,-0.572215,32.6011
10.222,0.015445,0.434168,-1.09289,0,0.0468883,0.502904,-0.580836,32.6122
10.224,0.015445,0.434168,-1.09289,0,0.0465384,0.505184,-0.589155,32.6231
10.226,0.015445,0.434168,-1.09289,0,0.0461398,0.507058,-0.597051,32.634
10.228,0.015445,0.434168,-1.09289,0,0.0457058,0.508589,-0.60458,32.6448
10.23,0.015445,0.434168,-1.09289,0,0.0452488,0.509836,-0.611793,32.6555
10.232,0.015445,0.434168,-1.09289,0,0.0447779,0.510848,-0.618729,32.6662
10.234,0.015445,0.434168,-1.09289,0,0.0442999,0.511668,-0.625422,32.6768
10.236,0.015445,0.434168,-1.09289,0,0.0438194,0.512331,-0.631902,32.6873
10.238,0.015445,0.434168,-1.09289,0,0.0433395,0.512866,-0.638191,32.6979
10.24,0.015445,0.434168,-1.09289,0,0.0428615,0.513294,-0.644307,32.7084
10.242,0.0423457,0.403942,-0.900848,0,0.0423859,0.513627,-0.650263,32.7188
10.244,0.0423457,0.403942,-0.900848,0,0.0419046,0.513701,-0.6559,32.7292
10.246,0.0423457,0.403942,-0.900848,0,0.0414154,0.513391,-0.661084,32.7396
10.248,0.0423457,0.403942,-0.900848,0,0.0409281,0.51278,-0.665878,32.7498
10.25,0.0423457,0.403942,-0.900848,0,0.0404481,0.511934,-0.670333,32.76
10.252,0.0423457,0.403942,-0.900848,0,0.0399735,0.510902,-0.674489,32.7701
10.254,0.0423457,0.403942,-0.900848,0,0.0395009,0.509721,-0.67838,32.7802
10.256,0.0423457,0.403942,-0.900848,0,0.0390331,0.508407,-0.682037,32.7903
10.258,0.0423457,0.403942,-0.900848,0,0.038571,0.506983,-0.685485,32.8003
10.26,0.0423457,0.403942,-0.900848,0,0.0381182,0.505471,-0.688746,32.8103
10.262,0.0633852,0.400647,-0.569936,0,0.0376775,0.503889,-0.691841,32.8203
10.264,0.0633852,0.400647,-0.569936,0,0.0372367,0.502033,-0.694526,32.8302
10.266,0.0633852,0.400647,-0.569936,0,0.0367914,0.49975,-0.696598,32.8399
10.268,0.0633852,0.400647,-0.569936,0,0.0363572,0.497149,-0.698143,32.8495
10.27,0.0633852,0.400647,-0.569936,0,0.0359455,0.494318,-0.699236,32.8589
10.272,0.0633852,0.400647,-0.569936,0,0.0355642,0.491326,-0.699937,32.8683
10.274,0.0633852,0.400647,-0.569936,0,0.0352183,0.488227,-0.700299,32.8775
10.276,0.0633852,0.400647,-0.569936,0,0.0349107,0.485065,-0.700365,32.8867
10.278,0.0633852,0.400647,-0.569936,0,0.0346428,0.481873,-0.700173,32.8958
10.28,0.0633852,0.400647,-0.569936,0,0.0344144,0.47868,-0.699754,32.9049
10.282,0.0747712,0.475637,-0.214154,0,0.0342247,0.475505,-0.699136,32.9139
10.284,0.0747712,0.475637,-0.214154,0,0.0340508,0.472205,-0.698078,32.9228
10.286,0.0747712,0.475637,-0.214154,0,0.0338799,0.468675,-0.696373,32.9314
10.288,0.0747712,0.475637,-0.214154,0,0.0337272,0.464996,-0.694109,32.9398
10.29,0.0747712,0.475637,-0.214154,0,0.0336013,0.461231,-0.691361,32.9481
10.292,0.0747712,0.475637,-0.214154,0,0.0334997,0.457428,-0.68819,32.9561
10.294,0.0747712,0.475637,-0.214154,0,0.0334229,0.453626,-0.684651,32.9641
10.296,0.0747712,0.475637,-0.214154,0,0.0333771,0.449855,-0.680792,32.9719
10.298,0.0747712,0.475637,-0.214154,0,0.0333669,0.446141,-0.676657,32.9797
10.3,0.0747712,0.475637,-0.214154,0,0.033395,0.442501,-0.672282,32.9874
10.302,0.0869222,0.39105,0.00174749,0,0.0334625,0.43895,-0.667699,32.995
10.304,0.0869222,0.39105,0.00174749,0,0.0335606,0.435332,-0.662733,33.0025
10.306,0.0869222,0.39105,0.00174749,0,0.0336865,0.431524,-0.657235,33.0098
10.308,0.0869222,0.39105,0.00174749,0,0.0338511,0.427599,-0.651285,33.017
10.31,0.0869222,0.39105,0.00174749,0,0.0340616,0.423614,-0.644949,33.024
10.312,0.0869222,0.39105,0.00174749,0,0.0343226,0.419612,-0.638285,33.0309
10.314,0.0869222,0.39105,0.00174749,0,0.0346362,0.415626,-0.631345,33.0377
10.316,0.0869222,0.39105,0.00174749,0,0.0350453,0.411876,-0.624632,33.0446
10.318,0.0869222,0.39105,0.00174749,0,0.0356025,0.408693,-0.619002,33.0518
10.32,0.0869222,0.39105,0.00174749,0,0.0362503,0.405949,-0.614284,33.0592
10.322,0.0394644,0.27665,0.00234342,0,0.03694,0.403529,-0.610314,33.0669
10.324,0.0394644,0.27665,0.00234342,0,0.0376096,0.401315,-0.606939,33.0747
10.326,0.0394644,0.27665,0.00234342,0,0.0382104,0.399232,-0.604056,33.0827
10.328,0.0394644,0.27665,0.00234342,0,0.0387287,0.397237,-0.601574,33.0907
10.33,0.0394644,0.27665,0.00234342,0,0.0391592,0.395288,-0.599406,33.0988
10.332,0.0394644,0.27665,0.00234342,0,0.0395106,0.393359,-0.597487,33.107
10.334,0.0394644,0.27665,0.00234342,0,0.039793,0.391428,-0.59576,33.1151
10.336,0.0394644,0.27665,0.00234342,0,0.040008,0.389483,-0.594176,33.1233
10.338,0.0394644,0.27665,0.00234342,0,0.040155,0.387511,-0.592694,33.1315
10.34,0.0394644,0.27665,0.00234342,0,0.040235,0.385507,-0.591279,33.1397
10.342,0.0140378,0.327487,-0.103073,0,0.0402523,0.383469,-0.589903,33.1478
10.344,0.0140378,0.327487,-0.103073,0,0.040232,0.381483,-0.588582,33.1559
10.346,0.0140378,0.327487,-0.103073,0,0.0401921,0.379618,-0.587326,33.1639
10.348,0.0140378,0.327487,-0.103073,0,0.0401315,0.377846,-0.586112,33.1718
10.35,0.0140378,0.327487,-0.103073,0,0.040051,0.376139,-0.584919,33.1796
10.352,0.0140378,0.327487,-0.103073,0,0.0399532,0.374479,-0.583733,33.1873
10.354,0.0140378,0.327487,-0.103073,0,0.0398409,0.372872,-0.582571,33.195
10.356,0.0140378,0.327487,-0.103073,0,0.0397159,0.371343,-0.581472,33.2025
10.358,0.0140378,0.327487,-0.103073,0,0.0395788,0.369872,-0.580416,33.2098
10.36,0.0140378,0.327487,-0.103073,0,0.03943,0.368442,-0.579385,33.217
10.362,-0.0191547,0.307316,-0.191078,0,0.0392713,0.367041,-0.578367,33.2241
10.364,-0.0191547,0.307316,-0.191078,0,0.0390996,0.365702,-0.577368,33.231
10.366,-0.0191547,0.307316,-0.191078,0,0.038911,0.364453,-0.576396,33.2379
10.368,-0.0191547,0.307316,-0.191078,0,0.0387082,0.36327,-0.575441,33.2446
10.37,-0.0191547,0.307316,-0.191078,0,0.0384938,0.362138,-0.574493,33.2512
10.372,-0.0191547,0.307316,-0.191078,0,0.0382699,0.361043,-0.573548,33.2578
10.374,-0.0191547,0.307316,-0.191078,0,0.0380388,0.359974,-0.5726,33.2642
10.376,-0.0191547,0.307316,-0.191078,0,0.0378027,0.358924,-0.571647,33.2706
10.378,-0.0191547,0.307316,-0.191078,0,0.0375632,0.357888,-0.570687,33.277
10.38,-0.0191547,0.307316,-0.191078,0,0.0373223,0.35686,-0.569718,33.2833
10.382,-0.0322865,0.302385,-0.252684,0,0.0370813,0.355838,-0.568741,33.2895
10.384,-0.0322865,0.302385,-0.252684,0,0.0368337,0.35485,-0.567765,33.2957
10.386,-0.0322865,0.302385,-0.252684,0,0.0365741,0.353916,-0.566799,33.3019
10.388,-0.0322865,0.302385,-0.252684,0,0.0363055,0.353021,-0.565842,33.3079
10.39,-0.0322865,0.302385,-0.252684,0,0.0360306,0.352191,-0.564943,33.314
10.392,-0.0322865,0.302385,-0.252684,0,0.035751,0.351422,-0.564115,33.3199
10.394,-0.0322865,0.302385,-0.252684,0,0.035468,0.350683,-0.563343,33.3257
10.396,-0.0322865,0.302385,-0.252684,0,0.0351831,0.349963,-0.562617,33.3315
10.398,-0.0322865,0.302385,-0.252684,0,0.0348976,0.349251,-0.56193,33.3372
10.4,-0.0322865,0.302385,-0.252684,0,0.0346128,0.348543,-0.561274,33.3429
10.402,-0.03491,0.304919,-0.295363,0,0.0343298,0.347833,-0.560644,33.3485
10.404,-0.03491,0.304919,-0.295363,0,0.0340457,0.347148,-0.560045,33.354
10.406,-0.03491,0.304919,-0.295363,0,0.0337579,0.346512,-0.559482,33.3595
10.408,-0.03491,0.304919,-0.295363,0,0.0334681,0.345911,-0.55895,33.3649
10.41,-0.03491,0.304919,-0.295363,0,0.0331781,0.345334,-0.558444,33.3702
10.412,-0.03491,0.304919,-0.295363,0,0.032889,0.344773,-0.557962,33.3755
10.414,-0.03491,0.304919,-0.295363,0,0.0326021,0.344222,-0.5575,33.3808
10.416,-0.03491,0.304919,-0.295363,0,0.0323184,0.343675,-0.557057,33.386
10.418,-0.03491,0.304919,-0.295363,0,0.0320388,0.343129,-0.556632,33.3912
10.42,-0.03491,0.304919,-0.295363,0,0.0317642,0.34258,-0.556223,33.3964
10.422,-0.0359158,0.310277,-0.318642,0,0.0314952,0.342026,-0.555829,33.4016
10.424,-0.0359158,0.310277,-0.318642,0,0.0312292,0.341497,-0.555455,33.4067
10.426,-0.0359158,0.310277,-0.318642,0,0.0309636,0.341018,-0.555104,33.4118
10.428,-0.0359158,0.310277,-0.318642,0,0.0306997,0.340576,-0.554772,33.4169
10.43,-0.0359158,0.310277,-0.318642,0,0.0304344,0.340187,-0.554494,33.4219
10.432,-0.0359158,0.310277,-0.318642,0,0.0301658,0.339851,-0.554278,33.4269
10.434,-0.0359158,0.310277,-0.318642,0,0.0298943,0.339554,-0.554114,33.4317
10.436,-0.0359158,0.310277,-0.318642,0,0.0296209,0.339284,-0.553994,33.4366
10.438,-0.0359158,0.310277,-0.318642,0,0.029347,0.339032,-0.553909,33.4413
10.44,-0.0359158,0.310277,-0.318642,0,0.0290735,0.33879,-0.553853,33.446
10.442,-0.0324925,0.32906,-0.331585,0,0.0288018,0.338554,-0.553821,33.4507
10.444,-0.0324925,0.32906,-0.331585,0,0.0285361,0.338341,-0.553814,33.4553
10.446,-0.0324925,0.32906,-0.331585,0,0.0282796,0.338167,-0.553832,33.4598
10.448,-0.0324925,0.32906,-0.331585,0,0.0280315,0.338026,-0.553871,33.4644
10.45,-0.0324925,0.32906,-0.331585,0,0.0277913,0.33791,-0.553926,33.4688
10.452,-0.0324925,0.32906,-0.331585,0,0.0275585,0.337814,-0.553996,33.4733
10.454,-0.0324925,0.32906,-0.331585,0,0.0273329,0.337735,-0.554078,33.4777
10.456,-0.0324925,0.32906,-0.331585,0,0.0271142,0.337669,-0.554168,33.482
10.458,-0.0324925,0.32906,-0.331585,0,0.0269022,0.337612,-0.554267,33.4864
10.46,-0.0324925,0.32906,-0.331585,0,0.0266968,0.337563,-0.554371,33.4907
10.462,-0.0300442,0.344565,-0.333054,0,0.0264977,0.337517,-0.55448,33.495
10.464,-0.0300442,0.344565,-0.333054,0,0.0263076,0.337477,-0.554593,33.4993
10.466,-0.0300442,0.344565,-0.333054,0,0.0261288,0.337446,-0.554709,33.5036
10.468,-0.0300442,0.344565,-0.333054,0,0.0259608,0.337422,-0.554827,33.5079
10.47,-0.0300442,0.344565,-0.333054,0,0.0258027,0.337403,-0.554946,33.5122
10.472,-0.0300442,0.344565,-0.333054,0,0.0256537,0.337388,-0.555066,33.5165
10.474,-0.0300442,0.344565,-0.333054,0,0.0255124,0.337376,-0.555186,33.5208
10.476,-0.0300442,0.344565,-0.333054,0,0.0253774,0.337365,-0.555306,33.5252
10.478,-0.0300442,0.344565,-0.333054,0,0.0252478,0.337362,-0.555441,33.5295
10.48,-0.0300442,0.344565,-0.333054,0,0.0251229,0.337371,-0.555622,33.5337
10.482,-0.0325813,0.350507,-0.327706,0,0.0250017,0.337388,-0.555841,33.538
10.484,-0.0325813,0.350507,-0.327706,0,0.0248834,0.337414,-0.556092,33.5422
10.486,-0.0325813,0.350507,-0.327706,0,0.024767,0.337452,-0.556367,33.5463
10.488,-0.0325813,0.350507,-0.327706,0,0.0246521,0.337496,-0.556661,33.5505
10.49,-0.0325813,0.350507,-0.327706,0,0.0245384,0.337541,-0.556968,33.5546
10.492,-0.0325813,0.350507,-0.327706,0,0.0244255,0.337584,-0.557284,33.5587
10.494,-0.0325813,0.350507,-0.327706,0,0.0243132,0.337622,-0.557605,33.5628
10.496,-0.0325813,0.350507,-0.327706,0,0.0242013,0.337654,-0.557929,33.5668
10.498,-0.0325813,0.350507,-0.327706,0,0.0240897,0.337682,-0.558252,33.5709
10.5,-0.0325813,0.350507,-0.327706,0,0.0239782,0.337706,-0.558573,33.5749
10.502,-0.034274,0.365546,-0.323156,0,0.0238668,0.337727,-0.558891,33.5789
10.504,-0.034274,0.365546,-0.323156,0,0.0237554,0.337748,-0.559203,33.5829
10.506,-0.034274,0.365546,-0.323156,0,0.0236441,0.337773,-0.559508,33.5869
10.508,-0.034274,0.365546,-0.323156,0,0.0235329,0.3378,-0.559805,33.5909
10.51,-0.034274,0.365546,-0.323156,0,0.0234215,0.337827,-0.560092,33.595
10.512,-0.034274,0.365546,-0.323156,0,0.0233099,0.337852,-0.560368,33.599
10.514,-0.034274,0.365546,-0.323156,0,0.0231981,0.337875,-0.560633,33.603
10.516,-0.034274,0.365546,-0.323156,0,0.023086,0.337895,-0.560886,33.6071
10.518,-0.034274,0.365546,-0.323156,0,0.0229736,0.337913,-0.561126,33.6111
10.52,-0.034274,0.365546,-0.323156,0,0.0228607,0.33793,-0.561355,33.6152
10.522,-0.0353212,0.366344,-0.312875,0,0.0227474,0.337945,-0.561571,33.6193
10.524,-0.0353212,0.366344,-0.312875,0,0.0226355,0.337958,-0.561773,33.6235
10.526,-0.0353212,0.366344,-0.312875,0,0.0225266,0.337969,-0.561959,33.6276
10.528,-0.0353212,0.366344,-0.312875,0,0.0224208,0.337978,-0.562131,33.6318
10.53,-0.0353212,0.366344,-0.312875,0,0.0223183,0.337987,-0.562287,33.6361
10.532,-0.0353212,0.366344,-0.312875,0,0.0222182,0.338014,-0.562466,33.6403
10.534,-0.0353212,0.366344,-0.312875,0,0.0221193,0.338066,-0.562678,33.6446
10.536,-0.0353212,0.366344,-0.312875,0,0.02202,0.338138,-0.562918,33.6488
10.538,-0.0353212,0.366344,-0.312875,0,0.0219192,0.338224,-0.563178,33.653
10.54,-0.0353212,0.366344,-0.312875,0,0.0218161,0.338319,-0.563452,33.6572
10.542,-0.0326181,0.375362,-0.304244,0,0.0217105,0.338422,-0.563736,33.6613
10.544,-0.0326181,0.375362,-0.304244,0,0.0216061,0.338524,-0.564025,33.6655
10.546,-0.0326181,0.375362,-0.304244,0,0.0215053,0.338622,-0.564315,33.6697
10.548,-0.0326181,0.375362,-0.304244,0,0.0214061,0.338716,-0.564605,33.6739
10.55,-0.0326181,0.375362,-0.304244,0,0.0213077,0.338807,-0.564891,33.6781
10.552,-0.0326181,0.375362,-0.304244,0,0.0212096,0.338896,-0.565171,33.6823
10.554,-0.0326181,0.375362,-0.304244,0,0.0211116,0.338982,-0.565444,33.6865
10.556,-0.0326181,0.375362,-0.304244,0,0.0210136,0.339067,-0.565707,33.6908
10.558,-0.0326181,0.375362,-0.304244,0,0.0209156,0.339149,-0.565959,33.695
10.56,-0.0326181,0.375362,-0.304244,0,0.020821,0.339226,-0.566198,33.6993
10.562,-0.0288113,0.384465,-0.293563,0,0.0207318,0.339292,-0.566421,33.7036
10.564,-0.0288113,0.384465,-0.293563,0,0.0206539,0.339348,-0.566627,33.708
10.566,-0.0288113,0.384465,-0.293563,0,0.0205904,0.339393,-0.566814,33.7123
10.568,-0.0288113,0.384465,-0.293563,0,0.020539,0.339429,-0.566981,33.7167
10.57,-0.0288113,0.384465,-0.293563,0,0.0204974,0.339457,-0.567128,33.7211
10.572,-0.0288113,0.384465,-0.293563,0,0.0204641,0.33948,-0.567254,33.7256
10.574,-0.0288113,0.384465,-0.293563,0,0.0204377,0.339497,-0.567358,33.7301
10.576,-0.0288113,0.384465,-0.293563,0,0.020417,0.33951,-0.567444,33.7346
10.578,-0.0288113,0.384465,-0.293563,0,0.0204013,0.33952,-0.567512,33.7391
10.58,-0.0288113,0.384465,-0.293563,0,0.0203904,0.339527,-0.567565,33.7437
10.582,-0.0306565,0.360128,-0.274659,0,0.020383,0.33954,-0.567621,33.7483
10.584,-0.0306565,0.360128,-0.274659,0,0.020376,0.339561,-0.567707,33.7529
10.586,-0.0306565,0.360128,-0.274659,0,0.0203674,0.339578,-0.567812,33.7576
10.588,-0.0306565,0.360128,-0.274659,0,0.0203565,0.339591,-0.56793,33.7622
10.59,-0.0306565,0.360128,-0.274659,0,0.0203425,0.339602,-0.568057,33.7668
10.592,-0.0306565,0.360128,-0.274659,0,0.020325,0.339611,-0.568187,33.7715
10.594,-0.0306565,0.360128,-0.274659,0,0.0203038,0.339617,-0.568316,33.7762
10.596,-0.0306565,0.360128,-0.274659,0,0.0202788,0.339621,-0.568441,33.7808
10.598,-0.0306565,0.360128,-0.274659,0,0.02025,0.339624,-0.568559,33.7855
10.6,-0.0306565,0.360128,-0.274659,0,0.0202175,0.339625,-0.568667,33.7903
10.602,-0.0252757,0.37163,-0.270223,0,0.0201815,0.339626,-0.568763,33.795
10.604,-0.0252757,0.37163,-0.270223,0,0.0201469,0.339625,-0.568847,33.7998
10.606,-0.0252757,0.37163,-0.270223,0,0.0201179,0.339625,-0.568919,33.8046
10.608,-0.0252757,0.37163,-0.270223,0,0.0200936,0.339625,-0.568978,33.8094
10.61,-0.0252757,0.37163,-0.270223,0,0.0200733,0.339625,-0.569025,33.8143
10.612,-0.0252757,0.37163,-0.270223,0,0.0200565,0.339627,-0.569061,33.8193
10.614,-0.0252757,0.37163,-0.270223,0,0.0200424,0.339629,-0.569085,33.8243
10.616,-0.0252757,0.37163,-0.270223,0,0.0200311,0.339629,-0.569095,33.8293
10.618,-0.0252757,0.37163,-0.270223,0,0.0200221,0.339624,-0.569089,33.8344
10.62,-0.0252757,0.37163,-0.270223,0,0.0200154,0.33961,-0.569065,33.8396
10.622,-0.0226883,0.360385,-0.257815,0,0.0200106,0.339586,-0.569023,33.8448
10.624,-0.0226883,0.360385,-0.257815,0,0.0200075,0.33953,-0.568956,33.85
10.626,-0.0226883,0.360385,-0.257815,0,0.0200057,0.339429,-0.568859,33.8554
10.628,-0.0226883,0.360385,-0.257815,0,0.0200048,0.339325,-0.568778,33.8607
10.63,-0.0226883,0.360385,-0.257815,0,0.0200042,0.339239,-0.568729,33.8661
10.632,-0.0226883,0.360385,-0.257815,0,0.0200036,0.339167,-0.568704,33.8715
10.634,-0.0226883,0.360385,-0.257815,0,0.0200028,0.339107,-0.568697,33.8769
10.636,-0.0226883,0.360385,-0.257815,0,0.0200017,0.339058,-0.568701,33.8822
10.638,-0.0226883,0.360385,-0.257815,0,0.0200002,0.339017,-0.568712,33.8877
10.64,-0.0226883,0.360385,-0.257815,0,0.0199984,0.338981,-0.568723,33.8931
10.642,-0.0205165,0.357349,-0.251394,0,0.0199964,0.338952,-0.568734,33.8985
10.644,-0.0205165,0.357349,-0.251394,0,0.0199947,0.338919,-0.56874,33.904
10.646,-0.0205165,0.357349,-0.251394,0,0.0199936,0.338876,-0.568741,33.9096
10.648,-0.0205165,0.357349,-0.251394,0,0.0199928,0.338825,-0.568732,33.9152
10.65,-0.0205165,0.357349,-0.251394,0,0.0199923,0.338767,-0.568712,33.9208
10.652,-0.0205165,0.357349,-0.251394,0,0.019992,0.338703,-0.568679,33.9265
10.654,-0.0205165,0.357349,-0.251394,0,0.0199919,0.338633,-0.568631,33.9322
10.656,-0.0205165,0.357349,-0.251394,0,0.0199918,0.33856,-0.568567,33.938
10.658,-0.0205165,0.357349,-0.251394,0,0.0199918,0.338483,-0.568485,33.9439
10.66,-0.0205165,0.357349,-0.251394,0,0.0199919,0.338396,-0.568383,33.9498
10.662,-0.0157897,0.350558,-0.246622,0,0.0199922,0.33828,-0.568258,33.9558
10.664,-0.0157897,0.350558,-0.246622,0,0.0199931,0.338129,-0.568106,33.9619
10.666,-0.0157897,0.350558,-0.246622,0,0.0199947,0.337937,-0.567927,33.968
10.668,-0.0157897,0.350558,-0.246622,0,0.0199966,0.337743,-0.56777,33.9742
10.67,-0.0157897,0.350558,-0.246622,0,0.0199986,0.337564,-0.567651,33.9804
10.672,-0.0157897,0.350558,-0.246622,0,0.0200006,0.337392,-0.567562,33.9866
10.674,-0.0157897,0.350558,-0.246622,0,0.0200024,0.337224,-0.567492,33.9929
10.676,-0.0157897,0.350558,-0.246622,0,0.0200042,0.337057,-0.567436,33.9991
10.678,-0.0157897,0.350558,-0.246622,0,0.0200062,0.336891,-0.56739,34.0054
10.68,-0.0157897,0.350558,-0.246622,0,0.0200085,0.336725,-0.56735,34.0117
10.682,-0.0149541,0.347839,-0.242978,0,0.020011,0.336557,-0.567309,34.0181
10.684,-0.0149541,0.347839,-0.242978,0,0.0200136,0.336379,-0.567264,34.0245
10.686,-0.0149541,0.347839,-0.242978,0,0.0200128,0.336151,-0.56721,34.0309
10.688,-0.0149541,0.347839,-0.242978,0,0.0200075,0.335849,-0.567144,34.0375
10.69,-0.0149541,0.347839,-0.242978,0,0.0199993,0.335462,-0.567063,34.0441
10.692,-0.0149541,0.347839,-0.242978,0,0.0199882,0.334983,-0.566961,34.0507
10.694,-0.0149541,0.347839,-0.242978,0,0.0199745,0.334408,-0.566839,34.0574
10.696,-0.0149541,0.347839,-0.242978,0,0.0199582,0.333741,-0.566693,34.0642
10.698,-0.0149541,0.347839,-0.242978,0,0.0199398,0.332983,-0.566524,34.071
10.7,-0.0149541,0.347839,-0.242978,0,0.0199193,0.33214,-0.566332,34.0778
10.702,-0.0608273,0.251324,-0.245188,0,0.0198976,0.331237,-0.566143,34.0847
10.704,-0.0608273,0.251324,-0.245188,0,0.0198468,0.33032,-0.565998,34.0916
10.706,-0.0608273,0.251324,-0.245188,0,0.0197424,0.329393,-0.565887,34.0986
10.708,-0.0608273,0.251324,-0.245188,0,0.0195912,0.32845,-0.5658,34.1056
10.71,-0.0608273,0.251324,-0.245188,0,0.0193997,0.327483,-0.565733,34.1127
10.712,-0.0608273,0.251324,-0.245188,0,0.0191747,0.326491,-0.565679,34.1199
10.714,-0.0608273,0.251324,-0.245188,0,0.0189223,0.325473,-0.565636,34.1272
10.716,-0.0608273,0.251324,-0.245188,0,0.018648,0.324429,-0.5656,34.1345
10.718,-0.0608273,0.251324,-0.245188,0,0.0183565,0.323359,-0.565568,34.1418
10.72,-0.0608273,0.251324,-0.245188,0,0.0180516,0.322265,-0.565538,34.1493
10.722,-0.0758982,0.317613,-0.22541,0,0.0177359,0.321145,-0.565506,34.1568
10.724,-0.0758982,0.317613,-0.22541,0,0.0174071,0.320068,-0.565474,34.1644
10.726,-0.0758982,0.317613,-0.22541,0,0.0170646,0.319088,-0.565447,34.1719
10.728,-0.0758982,0.317613,-0.22541,0,0.0167122,0.318185,-0.565419,34.1796
10.73,-0.0758982,0.317613,-0.22541,0,0.0163524,0.31734,-0.565385,34.1872
10.732,-0.0758982,0.317613,-0.22541,0,0.0159872,0.316539,-0.565342,34.195
10.734,-0.0758982,0.317613,-0.22541,0,0.0156187,0.315771,-0.565284,34.2027
10.736,-0.0758982,0.317613,-0.22541,0,0.0152453,0.315064,-0.565267,34.2105
10.738,-0.0758982,0.317613,-0.22541,0,0.0148656,0.314423,-0.565308,34.2183
10.74,-0.0758982,0.317613,-0.22541,0,0.0144791,0.31383,-0.565393,34.2261
10.742,-0.0786826,0.345209,-0.180924,0,0.0140857,0.313272,-0.56551,34.2339
10.744,-0.0786826,0.345209,-0.180924,0,0.0136865,0.312771,-0.565645,34.2417
10.746,-0.0786826,0.345209,-0.180924,0,0.0132829,0.312348,-0.565783,34.2495
10.748,-0.0786826,0.345209,-0.180924,0,0.0128755,0.311982,-0.565915,34.2572
10.75,-0.0786826,0.345209,-0.180924,0,0.0124651,0.311658,-0.566035,34.265
10.752,-0.0786826,0.345209,-0.180924,0,0.0120531,0.311364,-0.566136,34.2728
10.754,-0.0786826,0.345209,-0.180924,0,0.0116431,0.311093,-0.566219,34.2806
10.756,-0.0786826,0.345209,-0.180924,0,0.0112387,0.310839,-0.566281,34.2885
10.758,-0.0786826,0.345209,-0.180924,0,0.0108405,0.310594,-0.56632,34.2964
10.76,-0.0786826,0.345209,-0.180924,0,0.0104491,0.310353,-0.566331,34.3043
10.762,-0.0550664,0.371275,-0.106853,0,0.0100646,0.31011,-0.566313,34.3123
10.764,-0.0550664,0.371275,-0.106853,0,0.00969759,0.309889,-0.566249,34.3203
10.766,-0.0550664,0.371275,-0.106853,0,0.00935525,0.309734,-0.566152,34.3283
10.768,-0.0550664,0.371275,-0.106853,0,0.0090327,0.30967,-0.566075,34.3363
10.77,-0.0550664,0.371275,-0.106853,0,0.00872958,0.309679,-0.566011,34.3443
10.772,-0.0550664,0.371275,-0.106853,0,0.00844389,0.309745,-0.565948,34.3522
10.774,-0.0550664,0.371275,-0.106853,0,0.00817271,0.309851,-0.565875,34.3601
10.776,-0.0550664,0.371275,-0.106853,0,0.00791385,0.309983,-0.565783,34.368
10.778,-0.0550664,0.371275,-0.106853,0,0.00766572,0.310132,-0.565663,34.3759
10.78,-0.0550664,0.371275,-0.106853,0,0.0074272,0.310287,-0.565508,34.3838
10.782,-0.00930593,0.40748,-0.0246684,0,0.00719753,0.310443,-0.565314,34.3918
10.784,-0.00930593,0.40748,-0.0246684,0,0.00698903,0.310629,-0.56506,34.3998
10.786,-0.00930593,0.40748,-0.0246684,0,0.00681191,0.31087,-0.564726,34.4077
10.788,-0.00930593,0.40748,-0.0246684,0,0.00666275,0.311152,-0.56431,34.4156
10.79,-0.00930593,0.40748,-0.0246684,0,0.00653875,0.311464,-0.563809,34.4235
10.792,-0.00930593,0.40748,-0.0246684,0,0.0064366,0.311797,-0.563222,34.4315
10.794,-0.00930593,0.40748,-0.0246684,0,0.00635239,0.312142,-0.562545,34.4394
10.796,-0.00930593,0.40748,-0.0246684,0,0.00628298,0.312528,-0.561827,34.4474
10.798,-0.00930593,0.40748,-0.0246684,0,0.00622547,0.312984,-0.56111,34.4553
10.8,-0.00930593,0.40748,-0.0246684,0,0.00617823,0.313721,-0.560357,34.462
10.802,0.0679775,0.45419,0.0539956,0,0.00613957,0.314801,-0.559544,34.467
10.804,0.0679775,0.45419,0.0539956,0,0.00613123,0.316168,-0.558653,34.4706
10.806,0.0679775,0.45419,0.0539956,0,0.00617134,0.317778,-0.55767,34.473
10.808,0.0679775,0.45419,0.0539956,0,0.00625151,0.319572,-0.556595,34.4743
10.81,0.0679775,0.45419,0.0539956,0,0.00636477,0.321503,-0.555426,34.4748
10.812,0.0679775,0.45419,0.0539956,0,0.00650535,0.323533,-0.554165,34.4746
10.814,0.0679775,0.45419,0.0539956,0,0.00666842,0.325632,-0.552815,34.4737
10.816,0.0679775,0.45419,0.0539956,0,0.00685,0.327778,-0.551377,34.4724
10.818,0.0679775,0.45419,0.0539956,0,0.00704671,0.32995,-0.549855,34.4706
10.82,0.0679775,0.45419,0.0539956,0,0.00725556,0.332136,-0.548252,34.4685
10.822,0.236099,0.640956,0.218712,0,0.00747431,0.334323,-0.546572,34.466
10.824,0.236099,0.640956,0.218712,0,0.00773974,0.336612,-0.544834,34.4633
10.826,0.236099,0.640956,0.218712,0,0.00808323,0.339085,-0.543053,34.4604
10.828,0.236099,0.640956,0.218712,0,0.00849355,0.341702,-0.541223,34.4573
10.83,0.236099,0.640956,0.218712,0,0.00896099,0.344431,-0.53934,34.454
10.832,0.236099,0.640956,0.218712,0,0.0094771,0.347246,-0.537401,34.4506
10.834,0.236099,0.640956,0.218712,0,0.0100345,0.350124,-0.535404,34.4471
10.836,0.236099,0.640956,0.218712,0,0.0106268,0.353048,-0.533348,34.4435
10.838,0.236099,0.640956,0.218712,0,0.0112485,0.356004,-0.531232,34.4399
10.84,0.236099,0.640956,0.218712,0,0.0118951,0.35898,-0.529058,34.4361
10.842,0.52362,0.772516,0.43008,0,0.0125624,0.361965,-0.526825,34.4324
10.844,0.52362,0.772516,0.43008,0,0.0132087,0.365018,-0.524577,34.4286
10.846,0.52362,0.772516,0.43008,0,0.0138055,0.368171,-0.52235,34.4248
10.848,0.52362,0.772516,0.43008,0,0.0143743,0.371369,-0.520136,34.421
10.85,0.52362,0.772516,0.43008,0,0.0149321,0.374573,-0.517927,34.4173
10.852,0.52362,0.772516,0.43008,0,0.0154924,0.377751,-0.51572,34.4135
10.854,0.52362,0.772516,0.43008,0,0.0160657,0.380881,-0.513508,34.4098
10.856,0.52362,0.772516,0.43008,0,0.0166601,0.383947,-0.51129,34.4061
10.858,0.52362,0.772516,0.43008,0,0.0172818,0.386938,-0.509062,34.4025
10.86,0.52362,0.772516,0.43008,0,0.0179354,0.389845,-0.506822,34.3989
10.862,0.574221,0.944881,0.555564,0,0.0186242,0.392664,-0.504569,34.3953
10.864,0.574221,0.944881,0.555564,0,0.0192403,0.39545,-0.50234,34.3918
10.866,0.574221,0.944881,0.555564,0,0.0197001,0.398233,-0.500169,34.3883
10.868,0.574221,0.944881,0.555564,0,0.0200486,0.400968,-0.498046,34.3848
10.87,0.574221,0.944881,0.555564,0,0.0203176,0.403623,-0.49596,34.3814
10.872,0.574221,0.944881,0.555564,0,0.0205295,0.406173,-0.493905,34.378
10.874,0.574221,0.944881,0.555564,0,0.0206993,0.408602,-0.491871,34.3747
10.876,0.574221,0.944881,0.555564,0,0.0208407,0.410902,-0.489854,34.3714
10.878,0.574221,0.944881,0.555564,0,0.020968,0.413074,-0.487851,34.3681
10.88,0.574221,0.944881,0.555564,0,0.0210968,0.415122,-0.485861,34.3649
10.882,0.518083,1.01111,0.620506,0,0.0212388,0.417057,-0.483884,34.3617
10.884,0.518083,1.01111,0.620506,0,0.0213405,0.418923,-0.481941,34.3585
10.886,0.518083,1.01111,0.620506,0,0.0213622,0.420752,-0.480053,34.3553
10.888,0.518083,1.01111,0.620506,0,0.0213334,0.422527,-0.47821,34.3521
10.89,0.518083,1.01111,0.620506,0,0.0212721,0.424227,-0.476405,34.3489
10.892,0.518083,1.01111,0.620506,0,0.0211896,0.425845,-0.474627,34.3458
10.894,0.518083,1.01111,0.620506,0,0.0210982,0.427394,-0.47287,34.3426
10.896,0.518083,1.01111,0.620506,0,0.0210105,0.428887,-0.471132,34.3395
10.898,0.518083,1.01111,0.620506,0,0.0209347,0.430331,-0.469409,34.3363
10.9,0.518083,1.01111,0.620506,0,0.0208726,0.431716,-0.467702,34.3332
10.902,0.455662,1.00168,0.654036,0,0.0208222,0.433029,-0.466018,34.3304
10.904,0.455662,1.00168,0.654036,0,0.0207823,0.434234,-0.464347,34.3279
10.906,0.455662,1.00168,0.654036,0,0.0207543,0.435304,-0.462681,34.3258
10.908,0.455662,1.00168,0.654036,0,0.0207472,0.436279,-0.461023,34.3238
10.91,0.455662,1.00168,0.654036,0,0.0207842,0.437231,-0.459373,34.3218
10.912,0.455662,1.00168,0.654036,0,0.0208673,0.438185,-0.457727,34.3197
10.914,0.455662,1.00168,0.654036,0,0.0209904,0.43915,-0.456078,34.3174
10.916,0.455662,1.00168,0.654036,0,0.0211478,0.440131,-0.454419,34.315
10.918,0.455662,1.00168,0.654036,0,0.0213343,0.441137,-0.452743,34.3125
10.92,0.455662,1.00168,0.654036,0,0.0215452,0.442172,-0.451044,34.3098
10.922,0.44118,0.866444,0.63569,0,0.0217688,0.44323,-0.449312,34.3071
10.924,0.44118,0.866444,0.63569,0,0.0220108,0.444131,-0.447492,34.3047
10.926,0.44118,0.866444,0.63569,0,0.0222943,0.444776,-0.445557,34.3025
10.928,0.44118,0.866444,0.63569,0,0.0226255,0.445268,-0.443531,34.3004
10.93,0.44118,0.866444,0.63569,0,0.0230215,0.445706,-0.441432,34.2982
10.932,0.44118,0.866444,0.63569,0,0.0234634,0.446126,-0.439264,34.2959
10.934,0.44118,0.866444,0.63569,0,0.0239361,0.446555,-0.437029,34.2935
10.936,0.44118,0.866444,0.63569,0,0.0244288,0.447013,-0.434728,34.291
10.938,0.44118,0.866444,0.63569,0,0.0249316,0.447517,-0.432357,34.2884
10.94,0.44118,0.866444,0.63569,0,0.0254358,0.44808,-0.429914,34.2857
10.942,0.431662,0.604031,0.525513,0,0.0259346,0.448711,-0.427396,34.2829
10.944,0.431662,0.604031,0.525513,0,0.0264193,0.449097,-0.424709,34.2803
10.946,0.431662,0.604031,0.525513,0,0.0269151,0.449061,-0.421809,34.2781
10.948,0.431662,0.604031,0.525513,0,0.0274523,0.448814,-0.418751,34.2757
10.95,0.431662,0.604031,0.525513,0,0.0280232,0.448464,-0.415566,34.2733
10.952,0.431662,0.604031,0.525513,0,0.0286092,0.44807,-0.412271,34.2707
10.954,0.431662,0.604031,0.525513,0,0.0291963,0.447676,-0.40888,34.268
10.956,0.431662,0.604031,0.525513,0,0.0297736,0.447313,-0.405404,34.2653
10.958,0.431662,0.604031,0.525513,0,0.0303328,0.447006,-0.401851,34.2625
10.96,0.431662,0.604031,0.525513,0,0.0308657,0.446757,-0.398226,34.2596
10.962,0.228574,0.403741,0.0849393,0,0.0313256,0.446491,-0.394508,34.2569
10.964,0.228574,0.403741,0.0849393,0,0.0317783,0.446131,-0.390754,34.2547
10.966,0.228574,0.403741,0.0849393,0,0.0323668,0.445709,-0.386903,34.2525
10.968,0.228574,0.403741,0.0849393,0,0.033079,0.445289,-0.3829,34.2504
10.97,0.228574,0.403741,0.0849393,0,0.0338464,0.444749,-0.378514,34.2493
10.972,0.228574,0.403741,0.0849393,0,0.0346364,0.444062,-0.373678,34.2495
10.974,0.228574,0.403741,0.0849393,0,0.0354109,0.443367,-0.368711,34.2506
10.976,0.228574,0.403741,0.0849393,0,0.0360945,0.442803,-0.36408,34.252
10.978,0.228574,0.403741,0.0849393,0,0.0367228,0.442441,-0.359764,34.2532
10.98,0.228574,0.403741,0.0849393,0,0.037309,0.44222,-0.355709,34.2541
10.982,-0.0308016,0.388309,-0.861039,0,0.0378612,0.442064,-0.351846,34.2547
10.984,-0.0308016,0.388309,-0.861039,0,0.0384276,0.442253,-0.348661,34.2561
10.986,-0.0308016,0.388309,-0.861039,0,0.0389997,0.443005,-0.346635,34.2589
10.988,-0.0308016,0.388309,-0.861039,0,0.0395463,0.444146,-0.345569,34.2631
10.99,-0.0308016,0.388309,-0.861039,0,0.0400439,0.445538,-0.345303,34.2685
10.992,-0.0308016,0.388309,-0.861039,0,0.0404756,0.447074,-0.345704,34.275
10.994,-0.0308016,0.388309,-0.861039,0,0.0408363,0.448682,-0.346667,34.2824
10.996,-0.0308016,0.388309,-0.861039,0,0.0411317,0.450308,-0.348108,34.2906
10.998,-0.0308016,0.388309,-0.861039,0,0.041365,0.451917,-0.349957,34.2997
11,-0.0308016,0.388309,-0.861039,0,0.0415318,0.45348,-0.35215,34.3094
11.002,-0.0119692,0.55608,-1.48051,0,0.0416261,0.454981,-0.354636,34.3199
11.004,-0.0119692,0.55608,-1.48051,0,0.0417625,0.457029,-0.357963,34.3315
11.006,-0.0119692,0.55608,-1.48051,0,0.0420238,0.460096,-0.362568,34.3447
11.008,-0.0119692,0.55608,-1.48051,0,0.0423497,0.463916,-0.368209,34.3594
11.01,-0.0119692,0.55608,-1.48051,0,0.0426971,0.468285,-0.374783,34.3749
11.012,-0.0119692,0.55608,-1.48051,0,0.0430335,0.473031,-0.382295,34.3907
11.014,-0.0119692,0.55608,-1.48051,0,0.0433258,0.478017,-0.390561,34.4067
11.016,-0.0119692,0.55608,-1.48051,0,0.0435628,0.483137,-0.399434,34.4229
11.018,-0.0119692,0.55608,-1.48051,0,0.0437388,0.488315,-0.408795,34.4392
11.02,-0.0119692,0.55608,-1.48051,0,0.0438463,0.493491,-0.418547,34.4556
11.022,-0.0107338,0.514966,-1.54289,0,0.0438822,0.49862,-0.428612,34.472
11.024,-0.0107338,0.514966,-1.54289,0,0.0438802,0.503807,-0.439018,34.4884
11.026,-0.0107338,0.514966,-1.54289,0,0.0438718,0.509128,-0.449785,34.5047
11.028,-0.0107338,0.514966,-1.54289,0,0.0438477,0.514493,-0.460825,34.521
11.03,-0.0107338,0.514966,-1.54289,0,0.0438059,0.519839,-0.472071,34.5372
11.032,-0.0107338,0.514966,-1.54289,0,0.0437436,0.525116,-0.483467,34.5532
11.034,-0.0107338,0.514966,-1.54289,0,0.043654,0.530288,-0.494967,34.5692
11.036,-0.0107338,0.514966,-1.54289,0,0.0435312,0.535328,-0.506535,34.5851
11.038,-0.0107338,0.514966,-1.54289,0,0.0433712,0.540216,-0.518139,34.6009
11.04,-0.0107338,0.514966,-1.54289,0,0.0431709,0.544939,-0.529756,34.6165
11.042,-0.0138947,0.419899,-1.34852,0,0.0429283,0.549489,-0.541366,34.6321
11.044,-0.0138947,0.419899,-1.34852,0,0.0426215,0.553676,-0.552757,34.6475
11.046,-0.0138947,0.419899,-1.34852,0,0.0422384,0.557357,-0.56376,34.6628
11.048,-0.0138947,0.419899,-1.34852,0,0.0417913,0.560599,-0.57443,34.6779
11.05,-0.0138947,0.419899,-1.34852,0,0.0412926,0.563457,-0.58481,34.6928
11.052,-0.0138947,0.419899,-1.34852,0,0.0407551,0.565974,-0.594935,34.7077
11.054,-0.0138947,0.419899,-1.34852,0,0.0401886,0.568179,-0.604832,34.7224
11.056,-0.0138947,0.419899,-1.34852,0,0.0396006,0.570093,-0.614526,34.737
11.058,-0.0138947,0.419899,-1.34852,0,0.0389952,0.571744,-0.624033,34.7516
11.06,-0.0138947,0.419899,-1.34852,0,0.0383715,0.573156,-0.633369,34.766
11.062,0.0372603,0.409372,-1.11303,0,0.0377262,0.574351,-0.642545,34.7804
11.064,0.0372603,0.409372,-1.11303,0,0.0370633,0.575186,-0.651373,34.7947
11.066,0.0372603,0.409372,-1.11303,0,0.0363926,0.575553,-0.659696,34.8088
11.068,0.0372603,0.409372,-1.11303,0,0.0357173,0.575529,-0.66758,34.8228
11.07,0.0372603,0.409372,-1.11303,0,0.0350412,0.575189,-0.675078,34.8367
11.072,0.0372603,0.409372,-1.11303,0,0.0343713,0.574592,-0.682237,34.8505
11.074,0.0372603,0.409372,-1.11303,0,0.033712,0.573786,-0.689097,34.8642
11.076,0.0372603,0.409372,-1.11303,0,0.0330661,0.572812,-0.695688,34.8779
11.078,0.0372603,0.409372,-1.11303,0,0.0324351,0.5717,-0.702039,34.8915
11.08,0.0372603,0.409372,-1.11303,0,0.0318179,0.570455,-0.70817,34.905
11.082,0.0960729,0.413974,-0.830072,0,0.0312155,0.569087,-0.714101,34.9185
11.084,0.0960729,0.413974,-0.830072,0,0.0306201,0.567411,-0.71961,34.9319
11.086,0.0960729,0.413974,-0.830072,0,0.0300322,0.565287,-0.724511,34.9451
11.088,0.0960729,0.413974,-0.830072,0,0.0294667,0.562812,-0.728884,34.9582
11.09,0.0960729,0.413974,-0.830072,0,0.0289269,0.560065,-0.732797,34.9712
11.092,0.0960729,0.413974,-0.830072,0,0.0284113,0.557114,-0.736304,34.9841
11.094,0.0960729,0.413974,-0.830072,0,0.0279241,0.554016,-0.739455,34.9969
11.096,0.0960729,0.413974,-0.830072,0,0.02747,0.550819,-0.742292,35.0097
11.098,0.0960729,0.413974,-0.830072,0,0.0270514,0.547557,-0.744852,35.0224
11.1,0.0960729,0.413974,-0.830072,0,0.0266695,0.544262,-0.747164,35.035
11.102,0.131602,0.448647,-0.487091,0,0.0263241,0.540956,-0.749255,35.0476
11.104,0.131602,0.448647,-0.487091,0,0.0259941,0.53746,-0.750891,35.0601
11.106,0.131602,0.448647,-0.487091,0,0.0256677,0.533636,-0.751873,35.0723
11.108,0.131602,0.448647,-0.487091,0,0.0253606,0.529576,-0.752288,35.0844
11.11,0.131602,0.448647,-0.487091,0,0.0250819,0.525362,-0.752212,35.0963
11.112,0.131602,0.448647,-0.487091,0,0.0248409,0.521052,-0.751707,35.1081
11.114,0.131602,0.448647,-0.487091,0,0.0246428,0.516696,-0.750828,35.1198
11.116,0.131602,0.448647,-0.487091,0,0.0244825,0.51233,-0.749619,35.1313
11.118,0.131602,0.448647,-0.487091,0,0.0243546,0.507984,-0.748119,35.1428
11.12,0.131602,0.448647,-0.487091,0,0.0242604,0.503683,-0.746364,35.1543
11.122,0.136618,0.515163,-0.189322,0,0.0242027,0.499446,-0.744384,35.1656
11.124,0.136618,0.515163,-0.189322,0,0.0241689,0.495144,-0.741992,35.1769
11.126,0.136618,0.515163,-0.189322,0,0.0241527,0.490683,-0.739026,35.1878
11.128,0.136618,0.515163,-0.189322,0,0.0241664,0.486141,-0.735564,35.1986
11.13,0.136618,0.515163,-0.189322,0,0.0242187,0.481577,-0.731673,35.2091
11.132,0.136618,0.515163,-0.189322,0,0.0243152,0.477039,-0.72741,35.2195
11.134,0.136618,0.515163,-0.189322,0,0.0244593,0.472562,-0.722824,35.2298
11.136,0.136618,0.515163,-0.189322,0,0.0246513,0.468171,-0.717959,35.2399
11.138,0.136618,0.515163,-0.189322,0,0.0248918,0.46388,-0.712851,35.25
11.14,0.136618,0.515163,-0.189322,0,0.0251833,0.4597,-0.707533,35.26
11.142,0.122488,0.443379,0.0298736,0,0.0255271,0.45564,-0.702032,35.2699
11.144,0.122488,0.443379,0.0298736,0,0.0259097,0.451551,-0.696178,35.2797
11.146,0.122488,0.443379,0.0298736,0,0.0263239,0.447317,-0.689821,35.2892
11.148,0.122488,0.443379,0.0298736,0,0.0267794,0.443003,-0.683037,35.2986
11.15,0.122488,0.443379,0.0298736,0,0.0272826,0.438662,-0.675888,35.3078
11.152,0.122488,0.443379,0.0298736,0,0.0278373,0.434333,-0.66843,35.3169
11.154,0.122488,0.443379,0.0298736,0,0.028445,0.430048,-0.660711,35.3258
11.156,0.122488,0.443379,0.0298736,0,0.0291056,0.425831,-0.652771,35.3347
11.158,0.122488,0.443379,0.0298736,0,0.0298325,0.422055,-0.645659,35.3432
11.16,0.122488,0.443379,0.0298736,0,0.030603,0.418812,-0.639727,35.3514
11.162,0.0659387,0.366736,0.0486603,0,0.0313753,0.415983,-0.63477,35.3593
11.164,0.0659387,0.366736,0.0486603,0,0.032103,0.413448,-0.630603,35.3669
11.166,0.0659387,0.366736,0.0486603,0,0.03275,0.411104,-0.627069,35.3743
11.168,0.0659387,0.366736,0.0486603,0,0.0333045,0.408889,-0.624044,35.3816
11.17,0.0659387,0.366736,0.0486603,0,0.033766,0.40676,-0.62143,35.3886
11.172,0.0659387,0.366736,0.0486603,0,0.0341431,0.404685,-0.619144,35.3956
11.174,0.0659387,0.366736,0.0486603,0,0.0344454,0.40264,-0.617116,35.4024
11.176,0.0659387,0.366736,0.0486603,0,0.034674,0.400609,-0.615288,35.409
11.178,0.0659387,0.366736,0.0486603,0,0.0348283,0.398577,-0.613606,35.4156
11.18,0.0659387,0.366736,0.0486603,0,0.0349094,0.396541,-0.612034,35.422
11.182,0.0499737,0.419775,-0.0456977,0,0.0349243,0.394498,-0.610541,35.4284
11.184,0.0499737,0.419775,-0.0456977,0,0.034902,0.392542,-0.609135,35.4346
11.186,0.0499737,0.419775,-0.0456977,0,0.0348618,0.390744,-0.607824,35.4406
11.188,0.0499737,0.419775,-0.0456977,0,0.0348029,0.389066,-0.606579,35.4465
11.19,0.0499737,0.419775,-0.0456977,0,0.0347268,0.38748,-0.605376,35.4523
11.192,0.0499737,0.419775,-0.0456977,0,0.034635,0.385961,-0.604195,35.458
11.194,0.0499737,0.419775,-0.0456977,0,0.0345292,0.384494,-0.603024,35.4636
11.196,0.0499737,0.419775,-0.0456977,0,0.0344111,0.383065,-0.601849,35.4691
11.198,0.0499737,0.419775,-0.0456977,0,0.0342821,0.381666,-0.600663,35.4746
11.2,0.0499737,0.419775,-0.0456977,0,0.0341439,0.38029,-0.599459,35.4799
11.202,0.0310268,0.388658,-0.106033,0,0.0339978,0.378933,-0.598232,35.4852
11.204,0.0310268,0.388658,-0.106033,0,0.0338422,0.377631,-0.596996,35.4905
11.206,0.0310268,0.388658,-0.106033,0,0.0336761,0.376411,-0.595761,35.4957
11.208,0.0310268,0.388658,-0.106033,0,0.0335015,0.375255,-0.594524,35.5009
11.21,0.0310268,0.388658,-0.106033,0,0.0333205,0.37415,-0.59328,35.506
11.212,0.0310268,0.388658,-0.106033,0,0.0331345,0.373084,-0.592028,35.5112
11.214,0.0310268,0.388658,-0.106033,0,0.032945,0.372049,-0.590765,35.5163
11.216,0.0310268,0.388658,-0.106033,0,0.0327533,0.371038,-0.589491,35.5214
11.218,0.0310268,0.388658,-0.106033,0,0.0325612,0.370059,-0.588228,35.5266
11.22,0.0310268,0.388658,-0.106033,0,0.0323713,0.369138,-0.587014,35.5316
11.222,0.0129948,0.338481,-0.171906,0,0.032184,0.368257,-0.585839,35.5366
11.224,0.0129948,0.338481,-0.171906,0,0.0319847,0.367421,-0.5847,35.5415
11.226,0.0129948,0.338481,-0.171906,0,0.0317608,0.366628,-0.583596,35.5464
11.228,0.0129948,0.338481,-0.171906,0,0.0315166,0.365865,-0.582521,35.5513
11.23,0.0129948,0.338481,-0.171906,0,0.031256,0.36512,-0.581469,35.5561
11.232,0.0129948,0.338481,-0.171906,0,0.0309824,0.364384,-0.580436,35.561
11.234,0.0129948,0.338481,-0.171906,0,0.0306987,0.363651,-0.579419,35.5658
11.236,0.0129948,0.338481,-0.171906,0,0.0304076,0.362916,-0.578416,35.5706
11.238,0.0129948,0.338481,-0.171906,0,0.0301113,0.362176,-0.577424,35.5755
11.24,0.0129948,0.338481,-0.171906,0,0.0298118,0.361427,-0.576444,35.5803
11.242,0.00213567,0.319144,-0.233719,0,0.0295109,0.360669,-0.575474,35.5851
11.244,0.00213567,0.319144,-0.233719,0,0.0292009,0.359924,-0.574523,35.5899
11.246,0.00213567,0.319144,-0.233719,0,0.0288753,0.359211,-0.573601,35.5948
11.248,0.00213567,0.319144,-0.233719,0,0.0285378,0.358517,-0.572704,35.5996
11.25,0.00213567,0.319144,-0.233719,0,0.0281915,0.357835,-0.571831,35.6045
11.252,0.00213567,0.319144,-0.233719,0,0.0278392,0.357155,-0.57098,35.6094
11.254,0.00213567,0.319144,-0.233719,0,0.0274833,0.356473,-0.570151,35.6143
11.256,0.00213567,0.319144,-0.233719,0,0.0271261,0.355783,-0.569342,35.6193
11.258,0.00213567,0.319144,-0.233719,0,0.0267694,0.355082,-0.568552,35.6242
11.26,0.00213567,0.319144,-0.233719,0,0.026415,0.354366,-0.567783,35.6293
11.262,-0.00145833,0.314506,-0.275136,0,0.0260643,0.353671,-0.567076,35.6343
11.264,-0.00145833,0.314506,-0.275136,0,0.0257131,0.353026,-0.566452,35.6392
11.266,-0.00145833,0.314506,-0.275136,0,0.0253567,0.352439,-0.565905,35.6442
11.268,-0.00145833,0.314506,-0.275136,0,0.0249953,0.351895,-0.565424,35.649
11.27,-0.00145833,0.314506,-0.275136,0,0.0246296,0.351379,-0.564999,35.6539
11.272,-0.00145833,0.314506,-0.275136,0,0.0242615,0.350879,-0.564623,35.6587
11.274,-0.00145833,0.314506,-0.275136,0,0.0238943,0.350385,-0.564287,35.6636
11.276,-0.00145833,0.314506,-0.275136,0,0.0235321,0.349888,-0.563986,35.6684
11.278,-0.00145833,0.314506,-0.275136,0,0.0231771,0.349383,-0.563714,35.6731
11.28,-0.00145833,0.314506,-0.275136,0,0.0228299,0.348866,-0.563468,35.6779
11.282,-0.00140257,0.331447,-0.302337,0,0.0224909,0.348335,-0.563244,35.6826
11.284,-0.00140257,0.331447,-0.302337,0,0.0221616,0.347826,-0.563049,35.6873
11.286,-0.00140257,0.331447,-0.302337,0,0.0218433,0.347369,-0.562887,35.692
11.288,-0.00140257,0.331447,-0.302337,0,0.0215356,0.34695,-0.562753,35.6967
11.29,-0.00140257,0.331447,-0.302337,0,0.021238,0.346557,-0.562642,35.7013
11.292,-0.00140257,0.331447,-0.302337,0,0.02095,0.346183,-0.56255,35.7059
11.294,-0.00140257,0.331447,-0.302337,0,0.020671,0.345818,-0.562474,35.7105
11.296,-0.00140257,0.331447,-0.302337,0,0.0204009,0.345458,-0.562411,35.7151
11.298,-0.00140257,0.331447,-0.302337,0,0.0201391,0.345099,-0.56236,35.7197
11.3,-0.00140257,0.331447,-0.302337,0,0.0198855,0.344736,-0.562318,35.7243
11.302,-0.00404844,0.342437,-0.312475,0,0.0196399,0.344367,-0.562284,35.7289
11.304,-0.00404844,0.342437,-0.312475,0,0.0193996,0.344016,-0.562258,35.7334
11.306,-0.00404844,0.342437,-0.312475,0,0.0191626,0.343702,-0.562239,35.738
11.308,-0.00404844,0.342437,-0.312475,0,0.0189293,0.343428,-0.562245,35.7426
11.31,-0.00404844,0.342437,-0.312475,0,0.0186988,0.343205,-0.562307,35.7471
11.312,-0.00404844,0.342437,-0.312475,0,0.0184701,0.343024,-0.562417,35.7515
11.314,-0.00404844,0.342437,-0.312475,0,0.0182424,0.342876,-0.562567,35.7559
11.316,-0.00404844,0.342437,-0.312475,0,0.0180155,0.342754,-0.562751,35.7602
11.318,-0.00404844,0.342437,-0.312475,0,0.017789,0.342654,-0.562964,35.7645
11.32,-0.00404844,0.342437,-0.312475,0,0.0175631,0.342571,-0.5632,35.7688
11.322,-0.00640097,0.357944,-0.320588,0,0.0173377,0.3425,-0.563454,35.773
11.324,-0.00640097,0.357944,-0.320588,0,0.0171143,0.342442,-0.563722,35.7771
11.326,-0.00640097,0.357944,-0.320588,0,0.0168947,0.342396,-0.564001,35.7813
11.328,-0.00640097,0.357944,-0.320588,0,0.0166786,0.342361,-0.564287,35.7854
11.33,-0.00640097,0.357944,-0.320588,0,0.016466,0.342333,-0.564578,35.7896
11.332,-0.00640097,0.357944,-0.320588,0,0.0162569,0.342312,-0.564872,35.7937
11.334,-0.00640097,0.357944,-0.320588,0,0.0160514,0.342296,-0.565167,35.7978
11.336,-0.00640097,0.357944,-0.320588,0,0.0158497,0.342284,-0.56546,35.8019
11.338,-0.00640097,0.357944,-0.320588,0,0.0156519,0.342275,-0.565752,35.806
11.34,-0.00640097,0.357944,-0.320588,0,0.0154581,0.342268,-0.566041,35.8101
11.342,-0.00962538,0.366948,-0.323645,0,0.0152685,0.342263,-0.566327,35.8141
11.344,-0.00962538,0.366948,-0.323645,0,0.0150857,0.34226,-0.566606,35.8182
11.346,-0.00962538,0.366948,-0.323645,0,0.0149116,0.342259,-0.566879,35.8223
11.348,-0.00962538,0.366948,-0.323645,0,0.0147458,0.34226,-0.567144,35.8265
11.35,-0.00962538,0.366948,-0.323645,0,0.0145878,0.342263,-0.567401,35.8306
11.352,-0.00962538,0.366948,-0.323645,0,0.014437,0.342267,-0.567649,35.8348
11.354,-0.00962538,0.366948,-0.323645,0,0.0142933,0.342272,-0.567889,35.8389
11.356,-0.00962538,0.366948,-0.323645,0,0.0141562,0.342278,-0.568118,35.8432
11.358,-0.00962538,0.366948,-0.323645,0,0.0140254,0.342284,-0.568339,35.8474
11.36,-0.00962538,0.366948,-0.323645,0,0.0139008,0.342303,-0.568567,35.8516
11.362,-0.0109676,0.370504,-0.318856,0,0.0137813,0.342357,-0.568836,35.8558
11.364,-0.0109676,0.370504,-0.318856,0,0.0136673,0.342434,-0.569134,35.86
11.366,-0.0109676,0.370504,-0.318856,0,0.0135593,0.34252,-0.569453,35.8642
11.368,-0.0109676,0.370504,-0.318856,0,0.0134565,0.34261,-0.569787,35.8683
11.37,-0.0109676,0.370504,-0.318856,0,0.0133584,0.342699,-0.570129,35.8724
11.372,-0.0109676,0.370504,-0.318856,0,0.0132648,0.342784,-0.570476,35.8765
11.374,-0.0109676,0.370504,-0.318856,0,0.0131753,0.342861,-0.570822,35.8806
11.376,-0.0109676,0.370504,-0.318856,0,0.0130896,0.34293,-0.571165,35.8847
11.378,-0.0109676,0.370504,-0.318856,0,0.0130076,0.34299,-0.571502,35.8887
11.38,-0.0109676,0.370504,-0.318856,0,0.0129293,0.34304,-0.571831,35.8928
11.382,-0.0136805,0.377087,-0.313088,0,0.0128548,0.343082,-0.57215,35.8968
11.384,-0.0136805,0.377087,-0.313088,0,0.0127841,0.343118,-0.572456,35.9009
11.386,-0.0136805,0.377087,-0.313088,0,0.0127168,0.343149,-0.572749,35.905
11.388,-0.0136805,0.377087,-0.313088,0,0.0126519,0.343175,-0.573026,35.909
11.39,-0.0136805,0.377087,-0.313088,0,0.0125887,0.343198,-0.573286,35.9131
11.392,-0.0136805,0.377087,-0.313088,0,0.0125266,0.343218,-0.57353,35.9172
11.394,-0.0136805,0.377087,-0.313088,0,0.0124652,0.343235,-0.573755,35.9213
11.396,-0.0136805,0.377087,-0.313088,0,0.012404,0.34325,-0.573962,35.9254
11.398,-0.0136805,0.377087,-0.313088,0,0.0123429,0.343263,-0.574151,35.9296
11.4,-0.0136805,0.377087,-0.313088,0,0.0122815,0.343274,-0.574321,35.9338
11.402,-0.0140957,0.370756,-0.302337,0,0.0122197,0.343284,-0.574472,35.938
11.404,-0.0140957,0.370756,-0.302337,0,0.0121575,0.343291,-0.574602,35.9422
11.406,-0.0140957,0.370756,-0.302337,0,0.0120948,0.343296,-0.57471,35.9465
11.408,-0.0140957,0.370756,-0.302337,0,0.0120317,0.343298,-0.574799,35.9508
11.41,-0.0140957,0.370756,-0.302337,0,0.0119695,0.343298,-0.574869,35.9551
11.412,-0.0140957,0.370756,-0.302337,0,0.0119097,0.343297,-0.574924,35.9596
11.414,-0.0140957,0.370756,-0.302337,0,0.0118495,0.343307,-0.574997,35.964
11.416,-0.0140957,0.370756,-0.302337,0,0.0117872,0.343334,-0.575101,35.9684
11.418,-0.0140957,0.370756,-0.302337,0,0.0117229,0.343374,-0.57523,35.9728
11.42,-0.0140957,0.370756,-0.302337,0,0.0116566,0.343425,-0.575378,35.9772
11.422,-0.00880106,0.375672,-0.292602,0,0.0115885,0.343485,-0.575541,35.9817
11.424,-0.00880106,0.375672,-0.292602,0,0.0115194,0.343542,-0.575711,35.9861
11.426,-0.00880106,0.375672,-0.292602,0,0.0114499,0.343589,-0.57588,35.9905
11.428,-0.00880106,0.375672,-0.292602,0,0.01138,0.343631,-0.576046,35.995
11.43,-0.00880106,0.375672,-0.292602,0,0.0113096,0.343668,-0.576208,35.9995
11.432,-0.00880106,0.375672,-0.292602,0,0.0112389,0.343704,-0.576362,36.004
11.434,-0.00880106,0.375672,-0.292602,0,0.0111677,0.343738,-0.576505,36.0085
11.436,-0.00880106,0.375672,-0.292602,0,0.0110963,0.343765,-0.576633,36.0131
11.438,-0.00880106,0.375672,-0.292602,0,0.0110257,0.343787,-0.576743,36.0176
11.44,-0.00880106,0.375672,-0.292602,0,0.010958,0.343804,-0.576835,36.0222
11.442,-0.00464098,0.376115,-0.281146,0,0.0108957,0.343817,-0.57691,36.0268
11.444,-0.00464098,0.376115,-0.281146,0,0.0108424,0.343821,-0.576969,36.0314
11.446,-0.00464098,0.376115,-0.281146,0,0.0107987,0.343811,-0.577013,36.0361
11.448,-0.00464098,0.376115,-0.281146,0,0.0107628,0.343789,-0.57704,36.0408
11.45,-0.00464098,0.376115,-0.281146,0,0.0107332,0.343756,-0.57705,36.0456
11.452,-0.00464098,0.376115,-0.281146,0,0.010709,0.343714,-0.577042,36.0504
11.454,-0.00464098,0.376115,-0.281146,0,0.0106891,0.343662,-0.577016,36.0553
11.456,-0.00464098,0.376115,-0.281146,0,0.0106728,0.343602,-0.57697,36.0602
11.458,-0.00464098,0.376115,-0.281146,0,0.0106596,0.343535,-0.576906,36.0651
11.46,-0.00464098,0.376115,-0.281146,0,0.0106482,0.34347,-0.576839,36.0701
11.462,-0.0030379,0.362603,-0.267162,0,0.010636,0.343425,-0.576804,36.0751
11.464,-0.0030379,0.362603,-0.267162,0,0.0106198,0.343394,-0.57679,36.0801
11.466,-0.0030379,0.362603,-0.267162,0,0.0105971,0.343368,-0.576788,36.0851
11.468,-0.0030379,0.362603,-0.267162,0,0.0105675,0.343346,-0.576794,36.0901
11.47,-0.0030379,0.362603,-0.267162,0,0.0105311,0.343329,-0.576802,36.0951
11.472,-0.0030379,0.362603,-0.267162,0,0.0104889,0.343314,-0.576811,36.1002
11.474,-0.0030379,0.362603,-0.267162,0,0.0104425,0.343302,-0.576817,36.1053
11.476,-0.0030379,0.362603,-0.267162,0,0.0103936,0.343293,-0.576821,36.1104
11.478,-0.0030379,0.362603,-0.267162,0,0.0103431,0.343285,-0.576821,36.1156
11.48,-0.0030379,0.362603,-0.267162,0,0.0102907,0.343279,-0.576813,36.1208
11.482,0.00656249,0.378963,-0.261544,0,0.0102378,0.34327,-0.576796,36.126
11.484,0.00656249,0.378963,-0.261544,0,0.0101913,0.343251,-0.576768,36.1313
11.486,0.00656249,0.378963,-0.261544,0,0.0101537,0.34322,-0.576728,36.1366
11.488,0.00656249,0.378963,-0.261544,0,0.0101237,0.343178,-0.576673,36.142
11.49,0.00656249,0.378963,-0.261544,0,0.0100999,0.343123,-0.576603,36.1474
11.492,0.00656249,0.378963,-0.261544,0,0.0100814,0.343054,-0.576514,36.1529
11.494,0.00656249,0.378963,-0.261544,0,0.0100673,0.342973,-0.576405,36.1584
11.496,0.00656249,0.378963,-0.261544,0,0.0100569,0.342879,-0.576276,36.164
11.498,0.00656249,0.378963,-0.261544,0,0.0100499,0.342773,-0.576125,36.1696
11.5,0.00656249,0.378963,-0.261544,0,0.0100468,0.342656,-0.575952,36.1753
11.502,0.00514833,0.352263,-0.249381,0,0.0100464,0.342541,-0.575778,36.181
11.504,0.00514833,0.352263,-0.249381,0,0.0100463,0.342438,-0.575639,36.1867
11.506,0.00514833,0.352263,-0.249381,0,0.0100456,0.342335,-0.575527,36.1925
11.508,0.00514833,0.352263,-0.249381,0,0.0100446,0.342232,-0.575435,36.1982
11.51,0.00514833,0.352263,-0.249381,0,0.0100431,0.342129,-0.57536,36.2041
11.512,0.00514833,0.352263,-0.249381,0,0.0100414,0.342026,-0.575297,36.2099
11.514,0.00514833,0.352263,-0.249381,0,0.0100393,0.341923,-0.57524,36.2158
11.516,0.00514833,0.352263,-0.249381,0,0.0100313,0.341804,-0.575185,36.2217
11.518,0.00514833,0.352263,-0.249381,0,0.0100078,0.341626,-0.575124,36.2277
11.52,0.00514833,0.352263,-0.249381,0,0.00997106,0.341374,-0.575053,36.2337
11.522,-0.00841789,0.316703,-0.253431,0,0.00992437,0.341039,-0.574967,36.2398
11.524,-0.00841789,0.316703,-0.253431,0,0.00986522,0.340615,-0.574869,36.2459
11.526,-0.00841789,0.316703,-0.253431,0,0.00979148,0.3401,-0.574758,36.2522
11.528,-0.00841789,0.316703,-0.253431,0,0.0097066,0.339496,-0.574633,36.2585
11.53,-0.00841789,0.316703,-0.253431,0,0.00961315,0.338805,-0.574495,36.2649
11.532,-0.00841789,0.316703,-0.253431,0,0.00951281,0.338031,-0.574342,36.2714
11.534,-0.00841789,0.316703,-0.253431,0,0.00940671,0.33718,-0.574174,36.2779
11.536,-0.00841789,0.316703,-0.253431,0,0.00929573,0.336257,-0.573991,36.2846
11.538,-0.00841789,0.316703,-0.253431,0,0.00918061,0.335269,-0.573793,36.2913
11.54,-0.00841789,0.316703,-0.253431,0,0.00906223,0.334239,-0.573605,36.298
11.542,-0.0475039,0.305521,-0.238835,0,0.00894148,0.333205,-0.573474,36.3048
11.544,-0.0475039,0.305521,-0.238835,0,0.00879618,0.332206,-0.57339,36.3115
11.546,-0.0475039,0.305521,-0.238835,0,0.00860703,0.331271,-0.573342,36.3183
11.548,-0.0475039,0.305521,-0.238835,0,0.00837943,0.330382,-0.57332,36.3251
11.55,-0.0475039,0.305521,-0.238835,0,0.00811834,0.329525,-0.573315,36.332
11.552,-0.0475039,0.305521,-0.238835,0,0.00782829,0.328688,-0.573322,36.3388
11.554,-0.0475039,0.305521,-0.238835,0,0.00751341,0.327863,-0.573334,36.3457
11.556,-0.0475039,0.305521,-0.238835,0,0.0071779,0.327043,-0.573346,36.3527
11.558,-0.0475039,0.305521,-0.238835,0,0.00682667,0.326225,-0.573357,36.3596
11.56,-0.0475039,0.305521,-0.238835,0,0.00646432,0.325407,-0.573365,36.3667
11.562,-0.0567422,0.360049,-0.206876,0,0.00609492,0.324587,-0.57337,36.3738
11.564,-0.0567422,0.360049,-0.206876,0,0.00572055,0.323822,-0.573373,36.3809
11.566,-0.0567422,0.360049,-0.206876,0,0.00534367,0.323156,-0.573373,36.388
11.568,-0.0567422,0.360049,-0.206876,0,0.00496691,0.322571,-0.573366,36.3952
11.57,-0.0567422,0.360049,-0.206876,0,0.00459135,0.322046,-0.573349,36.4024
11.572,-0.0567422,0.360049,-0.206876,0,0.004218,0.321567,-0.573316,36.4097
11.574,-0.0567422,0.360049,-0.206876,0,0.00384625,0.32114,-0.573291,36.417
11.576,-0.0567422,0.360049,-0.206876,0,0.00347275,0.32079,-0.573319,36.4242
11.578,-0.0567422,0.360049,-0.206876,0,0.00309652,0.320497,-0.573387,36.4315
11.58,-0.0567422,0.360049,-0.206876,0,0.00271683,0.320247,-0.573482,36.4388
11.582,-0.0493123,0.378199,-0.149798,0,0.00233341,0.320026,-0.573596,36.446
11.584,-0.0493123,0.378199,-0.149798,0,0.00195023,0.319839,-0.573707,36.4533
11.586,-0.0493123,0.378199,-0.149798,0,0.00157259,0.319692,-0.573799,36.4605
11.588,-0.0493123,0.378199,-0.149798,0,0.00120365,0.319575,-0.573871,36.4678
11.59,-0.0493123,0.378199,-0.149798,0,0.000844411,0.319483,-0.57392,36.4751
11.592,-0.0493123,0.378199,-0.149798,0,0.000494668,0.319409,-0.573943,36.4824
11.594,-0.0493123,0.378199,-0.149798,0,0.0001544,0.319351,-0.573935,36.4898
11.596,-0.0493123,0.378199,-0.149798,0,-0.00017628,0.319304,-0.573894,36.4972
11.598,-0.0493123,0.378199,-0.149798,0,-0.000497152,0.319266,-0.573819,36.5046
11.6,-0.0493123,0.378199,-0.149798,0,-0.000807927,0.319234,-0.573707,36.5121
11.602,-0.0154247,0.401916,-0.0655347,0,-0.00110826,0.319208,-0.573556,36.5196
11.604,-0.0154247,0.401916,-0.0655347,0,-0.00138587,0.319208,-0.573348,36.5271
11.606,-0.0154247,0.401916,-0.0655347,0,-0.00162976,0.319277,-0.573093,36.5347
11.608,-0.0154247,0.401916,-0.0655347,0,-0.00184327,0.319444,-0.572845,36.5422
11.61,-0.0154247,0.401916,-0.0655347,0,-0.00203172,0.319688,-0.572593,36.5496
11.612,-0.0154247,0.401916,-0.0655347,0,-0.00219954,0.319989,-0.572324,36.557
11.614,-0.0154247,0.401916,-0.0655347,0,-0.0023502,0.320332,-0.57203,36.5644
11.616,-0.0154247,0.401916,-0.0655347,0,-0.00248633,0.320704,-0.571701,36.5718
11.618,-0.0154247,0.401916,-0.0655347,0,-0.00260998,0.321095,-0.571331,36.5792
11.62,-0.0154247,0.401916,-0.0655347,0,-0.00272266,0.321494,-0.570915,36.5866
11.622,0.044483,0.428762,0.0168185,0,-0.00282546,0.321897,-0.570447,36.594
11.624,0.044483,0.428762,0.0168185,0,-0.00291346,0.322316,-0.569904,36.6014
11.626,0.044483,0.428762,0.0168185,0,-0.00298382,0.322764,-0.569263,36.6088
11.628,0.044483,0.428762,0.0168185,0,-0.00303989,0.323234,-0.568522,36.6162
11.63,0.044483,0.428762,0.0168185,0,-0.00308437,0.323716,-0.567681,36.6236
11.632,0.044483,0.428762,0.0168185,0,-0.00311945,0.324207,-0.566739,36.631
11.634,0.044483,0.428762,0.0168185,0,-0.00314689,0.324699,-0.565697,36.6385
11.636,0.044483,0.428762,0.0168185,0,-0.00316811,0.325189,-0.564553,36.646
11.638,0.044483,0.428762,0.0168185,0,-0.00318415,0.325723,-0.563375,36.6534
11.64,0.044483,0.428762,0.0168185,0,-0.00319616,0.326314,-0.562185,36.6609
11.642,0.161347,0.455796,0.113929,0,-0.00320514,0.326946,-0.560972,36.6683
11.644,0.161347,0.455796,0.113929,0,-0.00319807,0.327626,-0.559717,36.6756
11.646,0.161347,0.455796,0.113929,0,-0.00316391,0.328363,-0.558406,36.6829
11.648,0.161347,0.455796,0.113929,0,-0.00310684,0.329141,-0.55703,36.6902
11.65,0.161347,0.455796,0.113929,0,-0.00303026,0.329946,-0.555584,36.6975
11.652,0.161347,0.455796,0.113929,0,-0.00293689,0.330768,-0.554063,36.7047
11.654,0.161347,0.455796,0.113929,0,-0.0028289,0.331598,-0.552465,36.712
11.656,0.161347,0.455796,0.113929,0,-0.002708,0.33243,-0.550785,36.7193
11.658,0.161347,0.455796,0.113929,0,-0.00257551,0.333256,-0.549024,36.7266
11.66,0.161347,0.455796,0.113929,0,-0.00243245,0.334074,-0.547178,36.734
11.662,0.405755,0.559379,0.320809,0,-0.00227955,0.334878,-0.545249,36.7414
11.664,0.405755,0.559379,0.320809,0,-0.00212216,0.335719,-0.543253,36.7488
11.666,0.405755,0.559379,0.320809,0,-0.00196249,0.336628,-0.541205,36.7563
11.668,0.405755,0.559379,0.320809,0,-0.00179337,0.337632,-0.539168,36.7636
11.67,0.405755,0.559379,0.320809,0,-0.00160867,0.338723,-0.53716,36.7709
11.672,0.405755,0.559379,0.320809,0,-0.0014055,0.33987,-0.535161,36.7781
11.674,0.405755,0.559379,0.320809,0,-0.00118256,0.341042,-0.533156,36.7852
11.676,0.405755,0.559379,0.320809,0,-0.000938695,0.342216,-0.531133,36.7923
11.678,0.405755,0.559379,0.320809,0,-0.000669694,0.343381,-0.529083,36.7993
11.68,0.405755,0.559379,0.320809,0,-0.00037286,0.344547,-0.527,36.8063
11.682,0.555155,0.740414,0.429024,0,-5.61587e-05,0.345719,-0.524883,36.8133
11.684,0.555155,0.740414,0.429024,0,0.000222567,0.346958,-0.52279,36.8203
11.686,0.555155,0.740414,0.429024,0,0.000434055,0.348406,-0.52078,36.8266
11.688,0.555155,0.740414,0.429024,0,0.000620872,0.350206,-0.518857,36.8314
11.69,0.555155,0.740414,0.429024,0,0.00079503,0.352245,-0.517,36.8348
11.692,0.555155,0.740414,0.429024,0,0.000960914,0.354411,-0.515185,36.837
11.694,0.555155,0.740414,0.429024,0,0.00113218,0.35662,-0.513396,36.8384
11.696,0.555155,0.740414,0.429024,0,0.00132292,0.35881,-0.51162,36.8389
11.698,0.555155,0.740414,0.429024,0,0.00154427,0.360935,-0.509846,36.8389
11.7,0.555155,0.740414,0.429024,0,0.00180493,0.362964,-0.508066,36.8382
11.702,0.545074,0.92452,0.485442,0,0.00211165,0.364875,-0.506273,36.8372
11.704,0.545074,0.92452,0.485442,0,0.00241411,0.366744,-0.504504,36.8358
11.706,0.545074,0.92452,0.485442,0,0.00267268,0.368626,-0.502793,36.8341
11.708,0.545074,0.92452,0.485442,0,0.00290994,0.370479,-0.501123,36.8323
11.71,0.545074,0.92452,0.485442,0,0.00313631,0.37227,-0.499464,36.8302
11.712,0.545074,0.92452,0.485442,0,0.00335573,0.373988,-0.497782,36.8278
11.714,0.545074,0.92452,0.485442,0,0.00357966,0.375628,-0.496076,36.8252
11.716,0.545074,0.92452,0.485442,0,0.00381961,0.377186,-0.494348,36.8224
11.718,0.545074,0.92452,0.485442,0,0.00408391,0.378662,-0.492601,36.8194
11.72,0.545074,0.92452,0.485442,0,0.00437825,0.380063,-0.490836,36.8163
11.722,0.570934,0.980665,0.589431,0,0.0047062,0.381397,-0.489056,36.8131
11.724,0.570934,0.980665,0.589431,0,0.00503294,0.382698,-0.487269,36.8097
11.726,0.570934,0.980665,0.589431,0,0.0053315,0.383986,-0.485484,36.8062
11.728,0.570934,0.980665,0.589431,0,0.00561907,0.385254,-0.483702,36.8026
11.73,0.570934,0.980665,0.589431,0,0.00591191,0.386502,-0.481921,36.7988
11.732,0.570934,0.980665,0.589431,0,0.00622198,0.387733,-0.480142,36.795
11.734,0.570934,0.980665,0.589431,0,0.00655781,0.38895,-0.478364,36.7911
11.736,0.570934,0.980665,0.589431,0,0.00693015,0.390159,-0.476618,36.7872
11.738,0.570934,0.980665,0.589431,0,0.00734667,0.391361,-0.474924,36.7834
11.74,0.570934,0.980665,0.589431,0,0.00780741,0.392561,-0.473274,36.7798
11.742,0.536067,0.940359,0.623387,0,0.00831154,0.393768,-0.471659,36.7764
11.744,0.536067,0.940359,0.623387,0,0.0088588,0.39491,-0.470051,36.773
11.746,0.536067,0.940359,0.623387,0,0.00944654,0.395934,-0.468426,36.7698
11.748,0.536067,0.940359,0.623387,0,0.0100687,0.396873,-0.466779,36.7667
11.75,0.536067,0.940359,0.623387,0,0.0107192,0.397757,-0.465107,36.7637
11.752,0.536067,0.940359,0.623387,0,0.0113937,0.398609,-0.463407,36.7607
11.754,0.536067,0.940359,0.623387,0,0.0120885,0.39945,-0.46167,36.7577
11.756,0.536067,0.940359,0.623387,0,0.0127747,0.400271,-0.459861,36.7547
11.758,0.536067,0.940359,0.623387,0,0.0134455,0.4011,-0.457983,36.7518
11.76,0.536067,0.940359,0.623387,0,0.0141084,0.401966,-0.456053,36.749
11.762,0.496117,0.714744,0.58324,0,0.0147685,0.40289,-0.454085,36.7464
11.764,0.496117,0.714744,0.58324,0,0.0154532,0.403669,-0.452031,36.7439
11.766,0.496117,0.714744,0.58324,0,0.0161794,0.404149,-0.449853,36.7416
11.768,0.496117,0.714744,0.58324,0,0.0169314,0.40443,-0.447582,36.7396
11.77,0.496117,0.714744,0.58324,0,0.0177136,0.404613,-0.445247,36.7376
11.772,0.496117,0.714744,0.58324,0,0.018548,0.40479,-0.442869,36.7355
11.774,0.496117,0.714744,0.58324,0,0.0194173,0.404989,-0.440458,36.7331
11.776,0.496117,0.714744,0.58324,0,0.0203037,0.40523,-0.438016,36.7306
11.778,0.496117,0.714744,0.58324,0,0.0211931,0.405526,-0.435542,36.728
11.78,0.496117,0.714744,0.58324,0,0.022075,0.405886,-0.433033,36.7252
11.782,0.431697,0.448129,0.449824,0,0.022941,0.406316,-0.430482,36.7224
11.784,0.431697,0.448129,0.449824,0,0.0238134,0.406577,-0.427801,36.7195
11.786,0.431697,0.448129,0.449824,0,0.0247075,0.406488,-0.424918,36.7165
11.788,0.431697,0.448129,0.449824,0,0.0256019,0.406163,-0.421863,36.7135
11.79,0.431697,0.448129,0.449824,0,0.026481,0.405689,-0.418658,36.7104
11.792,0.431697,0.448129,0.449824,0,0.0273399,0.405132,-0.415323,36.7072
11.794,0.431697,0.448129,0.449824,0,0.0281821,0.404545,-0.41188,36.704
11.796,0.431697,0.448129,0.449824,0,0.0290033,0.403964,-0.408341,36.7008
11.798,0.431697,0.448129,0.449824,0,0.0297819,0.403385,-0.404712,36.6977
11.8,0.431697,0.448129,0.449824,0,0.0304886,0.402773,-0.401,36.695
11.802,0.175768,0.280699,-0.156089,0,0.0311665,0.402232,-0.397235,36.6923
11.804,0.175768,0.280699,-0.156089,0,0.0318839,0.401779,-0.393549,36.6898
11.806,0.175768,0.280699,-0.156089,0,0.0326696,0.401397,-0.390044,36.6876
11.808,0.175768,0.280699,-0.156089,0,0.033482,0.401104,-0.386692,36.6858
11.81,0.175768,0.280699,-0.156089,0,0.0343102,0.400922,-0.38344,36.6844
11.812,0.175768,0.280699,-0.156089,0,0.0351413,0.400862,-0.380257,36.6832
11.814,0.175768,0.280699,-0.156089,0,0.0359551,0.400891,-0.377125,36.6822
11.816,0.175768,0.280699,-0.156089,0,0.0367444,0.400931,-0.374029,36.6815
11.818,0.175768,0.280699,-0.156089,0,0.0375126,0.400877,-0.370873,36.6814
11.82,0.175768,0.280699,-0.156089,0,0.0382591,0.400578,-0.3675,36.6824
11.822,-0.0392155,0.386736,-0.924941,0,0.0389986,0.400043,-0.363942,36.6844
11.824,-0.0392155,0.386736,-0.924941,0,0.0397358,0.399792,-0.361027,36.6877
11.826,-0.0392155,0.386736,-0.924941,0,0.0404503,0.400216,-0.35944,36.6922
11.828,-0.0392155,0.386736,-0.924941,0,0.041122,0.401135,-0.358915,36.6978
11.83,-0.0392155,0.386736,-0.924941,0,0.0417426,0.402443,-0.359201,36.7045
11.832,-0.0392155,0.386736,-0.924941,0,0.0422945,0.404025,-0.360157,36.7122
11.834,-0.0392155,0.386736,-0.924941,0,0.0427652,0.405784,-0.361666,36.7208
11.836,-0.0392155,0.386736,-0.924941,0,0.0431549,0.40765,-0.363638,36.7302
11.838,-0.0392155,0.386736,-0.924941,0,0.0434725,0.409574,-0.366,36.7403
11.84,-0.0392155,0.386736,-0.924941,0,0.0437224,0.411522,-0.368689,36.751
11.842,-0.00572124,0.490879,-1.44442,0,0.0439004,0.413466,-0.371652,36.7623
11.844,-0.00572124,0.490879,-1.44442,0,0.0441048,0.415897,-0.375351,36.7746
11.846,-0.00572124,0.490879,-1.44442,0,0.0444061,0.419184,-0.380159,36.7883
11.848,-0.00572124,0.490879,-1.44442,0,0.0447516,0.423095,-0.385866,36.8029
11.85,-0.00572124,0.490879,-1.44442,0,0.0451017,0.427443,-0.392383,36.8183
11.852,-0.00572124,0.490879,-1.44442,0,0.0454221,0.432068,-0.399713,36.8338
11.854,-0.00572124,0.490879,-1.44442,0,0.0456913,0.436854,-0.407703,36.8494
11.856,-0.00572124,0.490879,-1.44442,0,0.0459049,0.441712,-0.416228,36.8651
11.858,-0.00572124,0.490879,-1.44442,0,0.0460555,0.446581,-0.425182,36.8807
11.86,-0.00572124,0.490879,-1.44442,0,0.0461398,0.451418,-0.434483,36.8964
11.862,-0.0158517,0.462162,-1.47038,0,0.0461577,0.456196,-0.444062,36.912
11.864,-0.0158517,0.462162,-1.47038,0,0.0461315,0.460982,-0.453918,36.9276
11.866,-0.0158517,0.462162,-1.47038,0,0.0460846,0.465825,-0.464045,36.943
11.868,-0.0158517,0.462162,-1.47038,0,0.0460088,0.470662,-0.474378,36.9584
11.87,-0.0158517,0.462162,-1.47038,0,0.0458939,0.475438,-0.484862,36.9736
11.872,-0.0158517,0.462162,-1.47038,0,0.045734,0.480115,-0.495453,36.9887
11.874,-0.0158517,0.462162,-1.47038,0,0.0455277,0.484665,-0.506117,37.0037
11.876,-0.0158517,0.462162,-1.47038,0,0.045274,0.489069,-0.516823,37.0186
11.878,-0.0158517,0.462162,-1.47038,0,0.0449727,0.493313,-0.52755,37.0334
11.88,-0.0158517,0.462162,-1.47038,0,0.0446241,0.497385,-0.538277,37.048
11.882,-0.00741711,0.392239,-1.31993,0,0.0442288,0.501277,-0.548989,37.0626
11.884,-0.00741711,0.392239,-1.31993,0,0.0437819,0.50485,-0.559527,37.077
11.886,-0.00741711,0.392239,-1.31993,0,0.0432837,0.508004,-0.569763,37.0913
11.888,-0.00741711,0.392239,-1.31993,0,0.0427422,0.510789,-0.579736,37.1055
11.89,-0.00741711,0.392239,-1.31993,0,0.0421617,0.513254,-0.589476,37.1196
11.892,-0.00741711,0.392239,-1.31993,0,0.0415446,0.515439,-0.599007,37.1337
11.894,-0.00741711,0.392239,-1.31993,0,0.0408928,0.517375,-0.60835,37.1476
11.896,-0.00741711,0.392239,-1.31993,0,0.0402094,0.51909,-0.617519,37.1615
11.898,-0.00741711,0.392239,-1.31993,0,0.0394985,0.520604,-0.62653,37.1753
11.9,-0.00741711,0.392239,-1.31993,0,0.038761,0.521915,-0.635392,37.1891
11.902,0.0539403,0.399231,-1.09038,0,0.0380001,0.523032,-0.644114,37.2028
11.904,0.0539403,0.399231,-1.09038,0,0.0372287,0.523837,-0.65252,37.2165
11.906,0.0539403,0.399231,-1.09038,0,0.0364635,0.524239,-0.66046,37.23
11.908,0.0539403,0.399231,-1.09038,0,0.0357144,0.524306,-0.667993,37.2434
11.91,0.0539403,0.399231,-1.09038,0,0.0349883,0.524102,-0.675171,37.2568
11.912,0.0539403,0.399231,-1.09038,0,0.0342895,0.523676,-0.682035,37.2701
11.914,0.0539403,0.399231,-1.09038,0,0.0336201,0.52307,-0.688618,37.2833
11.916,0.0539403,0.399231,-1.09038,0,0.0329759,0.522309,-0.694947,37.2965
11.918,0.0539403,0.399231,-1.09038,0,0.0323489,0.521412,-0.701043,37.3097
11.92,0.0539403,0.399231,-1.09038,0,0.0317374,0.520396,-0.706927,37.3228
11.922,0.112999,0.40797,-0.791615,0,0.0311422,0.519283,-0.712619,37.3359
11.924,0.112999,0.40797,-0.791615,0,0.0305619,0.517894,-0.717886,37.3489
11.926,0.112999,0.40797,-0.791615,0,0.029996,0.516089,-0.722533,37.3618
11.928,0.112999,0.40797,-0.791615,0,0.0294473,0.513963,-0.72664,37.3745
11.93,0.112999,0.40797,-0.791615,0,0.0289234,0.511598,-0.730276,37.3872
11.932,0.112999,0.40797,-0.791615,0,0.0284292,0.509057,-0.7335,37.3999
11.934,0.112999,0.40797,-0.791615,0,0.0279705,0.506388,-0.736362,37.4125
11.936,0.112999,0.40797,-0.791615,0,0.027554,0.503632,-0.738904,37.425
11.938,0.112999,0.40797,-0.791615,0,0.0271837,0.500821,-0.741162,37.4375
11.94,0.112999,0.40797,-0.791615,0,0.0268617,0.497979,-0.743168,37.45
11.942,0.149142,0.471864,-0.419391,0,0.0265885,0.495127,-0.744947,37.4625
11.944,0.149142,0.471864,-0.419391,0,0.0263439,0.492097,-0.746252,37.4749
11.946,0.149142,0.471864,-0.419391,0,0.0261172,0.488766,-0.746872,37.487
11.948,0.149142,0.471864,-0.419391,0,0.025924,0.485231,-0.746896,37.4991
11.95,0.149142,0.471864,-0.419391,0,0.025767,0.481569,-0.746402,37.511
11.952,0.149142,0.471864,-0.419391,0,0.0256409,0.477841,-0.745451,37.5228
11.954,0.149142,0.471864,-0.419391,0,0.0255474,0.474096,-0.744101,37.5345
11.956,0.149142,0.471864,-0.419391,0,0.025492,0.470371,-0.742401,37.5461
11.958,0.149142,0.471864,-0.419391,0,0.0254783,0.466697,-0.740392,37.5577
11.96,0.149142,0.471864,-0.419391,0,0.0255062,0.46309,-0.738113,37.5693
11.962,0.152997,0.537753,-0.0886773,0,0.0255779,0.459562,-0.735594,37.5808
11.964,0.152997,0.537753,-0.0886773,0,0.0256875,0.455963,-0.732622,37.5922
11.966,0.152997,0.537753,-0.0886773,0,0.0258345,0.452184,-0.729014,37.6034
11.968,0.152997,0.537753,-0.0886773,0,0.0260318,0.448305,-0.724854,37.6144
11.97,0.152997,0.537753,-0.0886773,0,0.0262877,0.444388,-0.720216,37.6253
11.972,0.152997,0.537753,-0.0886773,0,0.0266073,0.440483,-0.715163,37.636
11.974,0.152997,0.537753,-0.0886773,0,0.026993,0.436626,-0.709749,37.6466
11.976,0.152997,0.537753,-0.0886773,0,0.0274452,0.432847,-0.704022,37.6571
11.978,0.152997,0.537753,-0.0886773,0,0.0279627,0.429169,-0.698023,37.6676
11.98,0.152997,0.537753,-0.0886773,0,0.0285432,0.425607,-0.691789,37.678
11.982,0.124965,0.437785,0.112995,0,0.0291836,0.422174,-0.685351,37.6883
11.984,0.124965,0.437785,0.112995,0,0.0298573,0.418704,-0.678539,37.6986
11.986,0.124965,0.437785,0.112995,0,0.0305482,0.415067,-0.671209,37.7087
11.988,0.124965,0.437785,0.112995,0,0.0312703,0.411327,-0.663437,37.7187
11.99,0.124965,0.437785,0.112995,0,0.0320326,0.407538,-0.655291,37.7285
11.992,0.124965,0.437785,0.112995,0,0.0328366,0.404141,-0.647931,37.7377
11.994,0.124965,0.437785,0.112995,0,0.033661,0.401282,-0.641778,37.7461
11.996,0.124965,0.437785,0.112995,0,0.0344722,0.398844,-0.636603,37.7539
11.998,0.124965,0.437785,0.112995,0,0.0352493,0.396735,-0.632217,37.7612
12,0.124965,0.437785,0.112995,0,0.0359644,0.394873,-0.628492,37.768
12.002,0.0643495,0.428946,0.043798,0,0.0365968,0.393192,-0.625309,37.7743
12.004,0.0643495,0.428946,0.043798,0,0.0371447,0.391671,-0.622583,37.7802
12.006,0.0643495,0.428946,0.043798,0,0.0376112,0.390295,-0.620239,37.7857
12.008,0.0643495,0.428946,0.043798,0,0.0379993,0.389018,-0.618196,37.7909
12.01,0.0643495,0.428946,0.043798,0,0.038319,0.387807,-0.616388,37.7958
12.012,0.0643495,0.428946,0.043798,0,0.0385782,0.386638,-0.614762,37.8005
12.014,0.0643495,0.428946,0.043798,0,0.0387863,0.385492,-0.613272,37.8048
12.016,0.0643495,0.428946,0.043798,0,0.0389463,0.384358,-0.611881,37.809
12.018,0.0643495,0.428946,0.043798,0,0.039059,0.383225,-0.610557,37.813
12.02,0.0643495,0.428946,0.043798,0,0.039126,0.382089,-0.609274,37.8167
12.022,0.0386245,0.468234,-0.0598679,0,0.0391492,0.380947,-0.608012,37.8203
12.024,0.0386245,0.468234,-0.0598679,0,0.0391465,0.379881,-0.606792,37.8237
12.026,0.0386245,0.468234,-0.0598679,0,0.0391339,0.378957,-0.605634,37.827
12.028,0.0386245,0.468234,-0.0598679,0,0.03911,0.378146,-0.604518,37.8302
12.03,0.0386245,0.468234,-0.0598679,0,0.0390741,0.377424,-0.603429,37.8333
12.032,0.0386245,0.468234,-0.0598679,0,0.0390255,0.376771,-0.602356,37.8363
12.034,0.0386245,0.468234,-0.0598679,0,0.0389659,0.37617,-0.601288,37.8392
12.036,0.0386245,0.468234,-0.0598679,0,0.0388977,0.375606,-0.600219,37.842
12.038,0.0386245,0.468234,-0.0598679,0,0.0388233,0.375068,-0.599143,37.8448
12.04,0.0386245,0.468234,-0.0598679,0,0.0387445,0.37455,-0.598056,37.8475
12.042,0.0131366,0.450623,-0.127742,0,0.0386628,0.374045,-0.596956,37.8502
12.044,0.0131366,0.450623,-0.127742,0,0.0385698,0.373591,-0.595856,37.8528
12.046,0.0131366,0.450623,-0.127742,0,0.0384591,0.373214,-0.594768,37.8555
12.048,0.0131366,0.450623,-0.127742,0,0.0383352,0.372898,-0.593689,37.8581
12.05,0.0131366,0.450623,-0.127742,0,0.0382015,0.372628,-0.592618,37.8608
12.052,0.0131366,0.450623,-0.127742,0,0.0380609,0.372393,-0.591552,37.8635
12.054,0.0131366,0.450623,-0.127742,0,0.0379156,0.372185,-0.590491,37.8662
12.056,0.0131366,0.450623,-0.127742,0,0.0377676,0.371996,-0.589434,37.8689
12.058,0.0131366,0.450623,-0.127742,0,0.0376183,0.371822,-0.588383,37.8717
12.06,0.0131366,0.450623,-0.127742,0,0.0374689,0.371659,-0.587337,37.8745
12.062,-0.0062791,0.404782,-0.183262,0,0.0373203,0.371504,-0.586298,37.8774
12.064,-0.0062791,0.404782,-0.183262,0,0.0371622,0.371364,-0.585271,37.8803
12.066,-0.0062791,0.404782,-0.183262,0,0.0369858,0.371239,-0.584263,37.8833
12.068,-0.0062791,0.404782,-0.183262,0,0.036796,0.37112,-0.583272,37.8864
12.07,-0.0062791,0.404782,-0.183262,0,0.0365969,0.370998,-0.582298,37.8896
12.072,-0.0062791,0.404782,-0.183262,0,0.0363918,0.370867,-0.58134,37.8928
12.074,-0.0062791,0.404782,-0.183262,0,0.0361834,0.370723,-0.580398,37.8962
12.076,-0.0062791,0.404782,-0.183262,0,0.0359742,0.370564,-0.579472,37.8996
12.078,-0.0062791,0.404782,-0.183262,0,0.0357658,0.370385,-0.578562,37.9031
12.08,-0.0062791,0.404782,-0.183262,0,0.0355597,0.370186,-0.577667,37.9068
12.082,-0.0225483,0.353894,-0.224733,0,0.0353578,0.369964,-0.576788,37.9105
12.084,-0.0225483,0.353894,-0.224733,0,0.035144,0.369723,-0.575925,37.9143
12.086,-0.0225483,0.353894,-0.224733,0,0.0349038,0.369464,-0.57508,37.9182
12.088,-0.0225483,0.353894,-0.224733,0,0.034642,0.369182,-0.574253,37.9222
12.09,-0.0225483,0.353894,-0.224733,0,0.0343634,0.368874,-0.573444,37.9263
12.092,-0.0225483,0.353894,-0.224733,0,0.0340723,0.368539,-0.572652,37.9305
12.094,-0.0225483,0.353894,-0.224733,0,0.0337714,0.368173,-0.571877,37.9349
12.096,-0.0225483,0.353894,-0.224733,0,0.0334636,0.367776,-0.571119,37.9393
12.098,-0.0225483,0.353894,-0.224733,0,0.0331517,0.367366,-0.570402,37.9438
12.1,-0.0225483,0.353894,-0.224733,0,0.0328371,0.366949,-0.569734,37.9484
12.102,-0.0265637,0.333006,-0.254439,0,0.0325204,0.366523,-0.56911,37.953
12.104,-0.0265637,0.333006,-0.254439,0,0.0321961,0.366091,-0.568527,37.9577
12.106,-0.0265637,0.333006,-0.254439,0,0.0318592,0.365656,-0.567983,37.9624
12.108,-0.0265637,0.333006,-0.254439,0,0.031512,0.365214,-0.567474,37.9672
12.11,-0.0265637,0.333006,-0.254439,0,0.0311565,0.364763,-0.566996,37.972
12.112,-0.0265637,0.333006,-0.254439,0,0.0307946,0.364301,-0.566547,37.9769
12.114,-0.0265637,0.333006,-0.254439,0,0.0304279,0.363827,-0.566125,37.9818
12.116,-0.0265637,0.333006,-0.254439,0,0.030058,0.363338,-0.565726,37.9868
12.118,-0.0265637,0.333006,-0.254439,0,0.0296889,0.362828,-0.565347,37.9919
12.12,-0.0265637,0.333006,-0.254439,0,0.0293254,0.362294,-0.564986,37.997
12.122,-0.0260314,0.329021,-0.275179,0,0.0289702,0.361734,-0.56464,38.0021
12.124,-0.0260314,0.329021,-0.275179,0,0.0286222,0.36117,-0.564311,38.0073
12.126,-0.0260314,0.329021,-0.275179,0,0.0282806,0.360619,-0.564001,38.0125
12.128,-0.0260314,0.329021,-0.275179,0,0.0279464,0.360075,-0.563706,38.0178
12.13,-0.0260314,0.329021,-0.275179,0,0.0276204,0.359532,-0.563424,38.0231
12.132,-0.0260314,0.329021,-0.275179,0,0.0273033,0.358985,-0.563154,38.0284
12.134,-0.0260314,0.329021,-0.275179,0,0.0269957,0.35843,-0.562895,38.0338
12.136,-0.0260314,0.329021,-0.275179,0,0.026698,0.357865,-0.562645,38.0392
12.138,-0.0260314,0.329021,-0.275179,0,0.0264106,0.357289,-0.562403,38.0447
12.14,-0.0260314,0.329021,-0.275179,0,0.0261337,0.356699,-0.562168,38.0502
12.142,-0.0274664,0.325581,-0.284361,0,0.0258635,0.356126,-0.561982,38.0557
12.144,-0.0274664,0.325581,-0.284361,0,0.0255922,0.355598,-0.561855,38.0612
12.146,-0.0274664,0.325581,-0.284361,0,0.0253143,0.355122,-0.561779,38.0667
12.148,-0.0274664,0.325581,-0.284361,0,0.0250299,0.354685,-0.561743,38.0721
12.15,-0.0274664,0.325581,-0.284361,0,0.0247395,0.354275,-0.561739,38.0775
12.152,-0.0274664,0.325581,-0.284361,0,0.0244435,0.353885,-0.561761,38.0829
12.154,-0.0274664,0.325581,-0.284361,0,0.0241428,0.353507,-0.561801,38.0882
12.156,-0.0274664,0.325581,-0.284361,0,0.023838,0.353135,-0.561856,38.0936
12.158,-0.0274664,0.325581,-0.284361,0,0.02353,0.352765,-0.56192,38.0989
12.16,-0.0274664,0.325581,-0.284361,0,0.0232198,0.352394,-0.561989,38.1042
12.162,-0.0246985,0.340005,-0.297528,0,0.0229081,0.35202,-0.562061,38.1095
12.164,-0.0246985,0.340005,-0.297528,0,0.0226008,0.351661,-0.562137,38.1148
12.166,-0.0246985,0.340005,-0.297528,0,0.0223029,0.351333,-0.562218,38.1201
12.168,-0.0246985,0.340005,-0.297528,0,0.0220138,0.35103,-0.5623,38.1254
12.17,-0.0246985,0.340005,-0.297528,0,0.021733,0.350743,-0.56238,38.1306
12.172,-0.0246985,0.340005,-0.297528,0,0.0214603,0.35047,-0.562456,38.1359
12.174,-0.0246985,0.340005,-0.297528,0,0.0211955,0.350206,-0.562526,38.1412
12.176,-0.0246985,0.340005,-0.297528,0,0.0209383,0.349947,-0.562589,38.1464
12.178,-0.0246985,0.340005,-0.297528,0,0.0206888,0.349692,-0.562643,38.1517
12.18,-0.0246985,0.340005,-0.297528,0,0.0204478,0.349439,-0.562689,38.157
12.182,-0.0254823,0.339217,-0.303316,0,0.0202162,0.349187,-0.562727,38.1623
12.184,-0.0254823,0.339217,-0.303316,0,0.019995,0.348954,-0.562778,38.1675
12.186,-0.0254823,0.339217,-0.303316,0,0.0197823,0.348763,-0.562874,38.1728
12.188,-0.0254823,0.339217,-0.303316,0,0.0195757,0.348607,-0.563008,38.178
12.19,-0.0254823,0.339217,-0.303316,0,0.0193736,0.348479,-0.563171,38.1831
12.192,-0.0254823,0.339217,-0.303316,0,0.0191748,0.348373,-0.563355,38.1883
12.194,-0.0254823,0.339217,-0.303316,0,0.0189783,0.348285,-0.563555,38.1933
12.196,-0.0254823,0.339217,-0.303316,0,0.0187834,0.348211,-0.563764,38.1984
12.198,-0.0254823,0.339217,-0.303316,0,0.0185898,0.348147,-0.563977,38.2034
12.2,-0.0254823,0.339217,-0.303316,0,0.0183967,0.348089,-0.564192,38.2084
12.202,-0.0221953,0.358668,-0.309966,0,0.018204,0.34803,-0.564402,38.2134
12.204,-0.0221953,0.358668,-0.309966,0,0.0180214,0.347972,-0.56461,38.2184
12.206,-0.0221953,0.358668,-0.309966,0,0.0178574,0.347918,-0.564814,38.2233
12.208,-0.0221953,0.358668,-0.309966,0,0.0177105,0.347864,-0.565012,38.2283
12.21,-0.0221953,0.358668,-0.309966,0,0.0175796,0.347806,-0.565201,38.2332
12.212,-0.0221953,0.358668,-0.309966,0,0.0174636,0.347743,-0.565378,38.2381
12.214,-0.0221953,0.358668,-0.309966,0,0.0173604,0.347674,-0.565543,38.243
12.216,-0.0221953,0.358668,-0.309966,0,0.0172676,0.347596,-0.565692,38.2479
12.218,-0.0221953,0.358668,-0.309966,0,0.0171829,0.347509,-0.565825,38.2528
12.22,-0.0221953,0.358668,-0.309966,0,0.0171048,0.347413,-0.565939,38.2576
12.222,-0.0255516,0.348197,-0.303992,0,0.0170317,0.347307,-0.566036,38.2625
12.224,-0.0255516,0.348197,-0.303992,0,0.0169623,0.34719,-0.566114,38.2674
12.226,-0.0255516,0.348197,-0.303992,0,0.0168955,0.347061,-0.566175,38.2724
12.228,-0.0255516,0.348197,-0.303992,0,0.0168306,0.34692,-0.566219,38.2774
12.23,-0.0255516,0.348197,-0.303992,0,0.0167671,0.346794,-0.566283,38.2823
12.232,-0.0255516,0.348197,-0.303992,0,0.0167044,0.34669,-0.566379,38.2873
12.234,-0.0255516,0.348197,-0.303992,0,0.016642,0.346605,-0.566501,38.2922
12.236,-0.0255516,0.348197,-0.303992,0,0.0165794,0.346534,-0.566642,38.297
12.238,-0.0255516,0.348197,-0.303992,0,0.0165164,0.346475,-0.566796,38.3019
12.24,-0.0255516,0.348197,-0.303992,0,0.0164527,0.346426,-0.566959,38.3067
12.242,-0.0224746,0.357545,-0.300635,0,0.0163878,0.346384,-0.567126,38.3116
12.244,-0.0224746,0.357545,-0.300635,0,0.0163219,0.346347,-0.567294,38.3164
12.246,-0.0224746,0.357545,-0.300635,0,0.0162556,0.346315,-0.567462,38.3212
12.248,-0.0224746,0.357545,-0.300635,0,0.0161887,0.346287,-0.567627,38.326
12.25,-0.0224746,0.357545,-0.300635,0,0.0161212,0.346261,-0.567785,38.3308
12.252,-0.0224746,0.357545,-0.300635,0,0.0160529,0.346238,-0.567936,38.3356
12.254,-0.0224746,0.357545,-0.300635,0,0.0159838,0.346217,-0.568077,38.3404
12.256,-0.0224746,0.357545,-0.300635,0,0.015914,0.346196,-0.568207,38.3452
12.258,-0.0224746,0.357545,-0.300635,0,0.0158434,0.346177,-0.568325,38.3501
12.26,-0.0224746,0.357545,-0.300635,0,0.0157719,0.346159,-0.568429,38.3549
12.262,-0.0169773,0.360177,-0.292633,0,0.0156997,0.346141,-0.56852,38.3598
12.264,-0.0169773,0.360177,-0.292633,0,0.015628,0.346116,-0.568595,38.3647
12.266,-0.0169773,0.360177,-0.292633,0,0.0155592,0.346078,-0.568654,38.3697
12.268,-0.0169773,0.360177,-0.292633,0,0.0154943,0.34603,-0.568701,38.3747
12.27,-0.0169773,0.360177,-0.292633,0,0.0154375,0.34597,-0.568733,38.3798
12.272,-0.0169773,0.360177,-0.292633,0,0.0153904,0.345895,-0.568749,38.3849
12.274,-0.0169773,0.360177,-0.292633,0,0.0153514,0.345804,-0.568748,38.39
12.276,-0.0169773,0.360177,-0.292633,0,0.0153179,0.34572,-0.568767,38.3952
12.278,-0.0169773,0.360177,-0.292633,0,0.0152881,0.34565,-0.568819,38.4003
12.28,-0.0169773,0.360177,-0.292633,0,0.015261,0.345593,-0.568897,38.4054
12.282,-0.0155322,0.357228,-0.280958,0,0.0152352,0.345545,-0.568992,38.4105
12.284,-0.0155322,0.357228,-0.280958,0,0.0152078,0.345496,-0.569097,38.4157
12.286,-0.0155322,0.357228,-0.280958,0,0.0151766,0.345439,-0.569206,38.4208
12.288,-0.0155322,0.357228,-0.280958,0,0.0151409,0.345373,-0.569313,38.4259
12.29,-0.0155322,0.357228,-0.280958,0,0.0151009,0.345299,-0.569416,38.4311
12.292,-0.0155322,0.357228,-0.280958,0,0.0150569,0.345217,-0.56951,38.4362
12.294,-0.0155322,0.357228,-0.280958,0,0.0150094,0.345128,-0.569594,38.4414
12.296,-0.0155322,0.357228,-0.280958,0,0.0149587,0.345034,-0.569665,38.4466
12.298,-0.0155322,0.357228,-0.280958,0,0.0149066,0.344938,-0.569724,38.4518
12.3,-0.0155322,0.357228,-0.280958,0,0.0148552,0.344841,-0.569771,38.4571
12.302,-0.0111691,0.360095,-0.272245,0,0.014806,0.344745,-0.569808,38.4624
12.304,-0.0111691,0.360095,-0.272245,0,0.0147624,0.34465,-0.569835,38.4677
12.306,-0.0111691,0.360095,-0.272245,0,0.0147258,0.344558,-0.56985,38.4731
12.308,-0.0111691,0.360095,-0.272245,0,0.0146952,0.344467,-0.569851,38.4785
12.31,-0.0111691,0.360095,-0.272245,0,0.0146694,0.344377,-0.569839,38.484
12.312,-0.0111691,0.360095,-0.272245,0,0.0146476,0.34429,-0.56981,38.4895
12.314,-0.0111691,0.360095,-0.272245,0,0.014629,0.344205,-0.569765,38.4952
12.316,-0.0111691,0.360095,-0.272245,0,0.014613,0.344121,-0.569703,38.5009
12.318,-0.0111691,0.360095,-0.272245,0,0.0145963,0.344051,-0.569663,38.5066
12.32,-0.0111691,0.360095,-0.272245,0,0.0145808,0.343992,-0.569657,38.5123
12.322,-0.00676455,0.357212,-0.262996,0,0.014566,0.343943,-0.569678,38.518
12.324,-0.00676455,0.357212,-0.262996,0,0.0145511,0.343896,-0.569717,38.5237
12.326,-0.00676455,0.357212,-0.262996,0,0.0145359,0.343845,-0.569766,38.5295
12.328,-0.00676455,0.357212,-0.262996,0,0.0145203,0.343789,-0.56982,38.5352
12.33,-0.00676455,0.357212,-0.262996,0,0.0145043,0.343725,-0.569872,38.5411
12.332,-0.00676455,0.357212,-0.262996,0,0.0144883,0.343652,-0.569918,38.5469
12.334,-0.00676455,0.357212,-0.262996,0,0.0144738,0.343571,-0.569957,38.5528
12.336,-0.00676455,0.357212,-0.262996,0,0.0144611,0.343484,-0.569987,38.5587
12.338,-0.00676455,0.357212,-0.262996,0,0.0144503,0.343391,-0.570008,38.5646
12.34,-0.00676455,0.357212,-0.262996,0,0.0144364,0.343276,-0.570016,38.5706
12.342,-0.0106053,0.339653,-0.256523,0,0.0144109,0.343099,-0.570008,38.5767
12.344,-0.0106053,0.339653,-0.256523,0,0.0143716,0.342836,-0.569978,38.5828
12.346,-0.0106053,0.339653,-0.256523,0,0.0143177,0.342471,-0.569925,38.589
12.348,-0.0106053,0.339653,-0.256523,0,0.0142515,0.342005,-0.569846,38.5953
12.35,-0.0106053,0.339653,-0.256523,0,0.0141757,0.341438,-0.569743,38.6016
12.352,-0.0106053,0.339653,-0.256523,0,0.0140929,0.340776,-0.569616,38.6081
12.354,-0.0106053,0.339653,-0.256523,0,0.0140057,0.340023,-0.569466,38.6146
12.356,-0.0106053,0.339653,-0.256523,0,0.013913,0.339221,-0.569342,38.6211
12.358,-0.0106053,0.339653,-0.256523,0,0.0138142,0.338388,-0.569261,38.6276
12.36,-0.0106053,0.339653,-0.256523,0,0.0137101,0.33752,-0.569214,38.6341
12.362,-0.0497655,0.307286,-0.244512,0,0.013601,0.336618,-0.569195,38.6407
12.364,-0.0497655,0.307286,-0.244512,0,0.0134668,0.335715,-0.569197,38.6472
12.366,-0.0497655,0.307286,-0.244512,0,0.01329,0.334839,-0.569216,38.6538
12.368,-0.0497655,0.307286,-0.244512,0,0.0130767,0.333978,-0.569246,38.6604
12.37,-0.0497655,0.307286,-0.244512,0,0.012832,0.333124,-0.56928,38.667
12.372,-0.0497655,0.307286,-0.244512,0,0.0125608,0.332269,-0.569316,38.6738
12.374,-0.0497655,0.307286,-0.244512,0,0.0122674,0.331409,-0.569348,38.6805
12.376,-0.0497655,0.307286,-0.244512,0,0.0119564,0.330541,-0.569377,38.6873
12.378,-0.0497655,0.307286,-0.244512,0,0.0116327,0.329664,-0.5694,38.6942
12.38,-0.0497655,0.307286,-0.244512,0,0.0113004,0.328779,-0.569419,38.7011
12.382,-0.0639928,0.360354,-0.217483,0,0.0109631,0.327884,-0.569432,38.7081
12.384,-0.0639928,0.360354,-0.217483,0,0.0106203,0.327035,-0.569442,38.7151
12.386,-0.0639928,0.360354,-0.217483,0,0.0102719,0.326274,-0.569449,38.7222
12.388,-0.0639928,0.360354,-0.217483,0,0.0099216,0.325585,-0.569451,38.7293
12.39,-0.0639928,0.360354,-0.217483,0,0.00956957,0.324969,-0.56947,38.7365
12.392,-0.0639928,0.360354,-0.217483,0,0.00921286,0.324444,-0.569547,38.7436
12.394,-0.0639928,0.360354,-0.217483,0,0.00885086,0.323991,-0.569669,38.7507
12.396,-0.0639928,0.360354,-0.217483,0,0.00848321,0.32359,-0.569825,38.7578
12.398,-0.0639928,0.360354,-0.217483,0,0.00810995,0.323228,-0.570004,38.765
12.4,-0.0639928,0.360354,-0.217483,0,0.00773139,0.322894,-0.570198,38.7721
12.402,-0.0637896,0.383555,-0.17024,0,0.00734806,0.322576,-0.570399,38.7793
12.404,-0.0637896,0.383555,-0.17024,0,0.00696372,0.322295,-0.570593,38.7864
12.406,-0.0637896,0.383555,-0.17024,0,0.00658191,0.322068,-0.570769,38.7936
12.408,-0.0637896,0.383555,-0.17024,0,0.0062032,0.321882,-0.570923,38.8008
12.41,-0.0637896,0.383555,-0.17024,0,0.00582888,0.321731,-0.57105,38.808
12.412,-0.0637896,0.383555,-0.17024,0,0.00546242,0.321607,-0.571153,38.8152
12.414,-0.0637896,0.383555,-0.17024,0,0.00510627,0.321505,-0.571231,38.8225
12.416,-0.0637896,0.383555,-0.17024,0,0.0047608,0.321421,-0.571283,38.8298
12.418,-0.0637896,0.383555,-0.17024,0,0.00442597,0.321348,-0.571306,38.8371
12.42,-0.0637896,0.383555,-0.17024,0,0.0041016,0.321279,-0.571298,38.8446
12.422,-0.0368277,0.398283,-0.0893336,0,0.00378763,0.32121,-0.571257,38.852
12.424,-0.0368277,0.398283,-0.0893336,0,0.00349141,0.32118,-0.571192,38.8595
12.426,-0.0368277,0.398283,-0.0893336,0,0.00321917,0.321243,-0.571137,38.867
12.428,-0.0368277,0.398283,-0.0893336,0,0.00296844,0.32138,-0.571086,38.8744
12.43,-0.0368277,0.398283,-0.0893336,0,0.0027353,0.321573,-0.571024,38.8819
12.432,-0.0368277,0.398283,-0.0893336,0,0.00251675,0.321806,-0.570944,38.8893
12.434,-0.0368277,0.398283,-0.0893336,0,0.00231052,0.322066,-0.570835,38.8967
12.436,-0.0368277,0.398283,-0.0893336,0,0.0021149,0.322343,-0.570691,38.9041
12.438,-0.0368277,0.398283,-0.0893336,0,0.00192867,0.322628,-0.570506,38.9116
12.44,-0.0368277,0.398283,-0.0893336,0,0.00175098,0.322914,-0.570276,38.9191
12.442,0.0191414,0.430706,-0.000468667,0,0.00158127,0.323196,-0.569996,38.9266
12.444,0.0191414,0.430706,-0.000468667,0,0.00143125,0.323499,-0.569646,38.9341
12.446,0.0191414,0.430706,-0.000468667,0,0.00130882,0.323842,-0.569203,38.9417
12.448,0.0191414,0.430706,-0.000468667,0,0.0012088,0.324216,-0.568666,38.9492
12.45,0.0191414,0.430706,-0.000468667,0,0.00112697,0.32461,-0.568034,38.9568
12.452,0.0191414,0.430706,-0.000468667,0,0.00105994,0.325017,-0.567305,38.9644
12.454,0.0191414,0.430706,-0.000468667,0,0.00100494,0.325431,-0.566478,38.972
12.456,0.0191414,0.430706,-0.000468667,0,0.000959771,0.325897,-0.56562,38.9797
12.458,0.0191414,0.430706,-0.000468667,0,0.000922437,0.326427,-0.564753,38.9873
12.46,0.0191414,0.430706,-0.000468667,0,0.00089124,0.327001,-0.563864,38.9948
12.462,0.108207,0.442132,0.0841448,0,0.000864786,0.327606,-0.562943,39.0024
12.464,0.108207,0.442132,0.0841448,0,0.000853968,0.328241,-0.561964,39.0099
12.466,0.108207,0.442132,0.0841448,0,0.000868332,0.328907,-0.560906,39.0174
12.468,0.108207,0.442132,0.0841448,0,0.00090424,0.329593,-0.559763,39.0248
12.47,0.108207,0.442132,0.0841448,0,0.000958841,0.330292,-0.558532,39.0323
12.472,0.108207,0.442132,0.0841448,0,0.00102973,0.330997,-0.55721,39.0398
12.474,0.108207,0.442132,0.0841448,0,0.00111499,0.331702,-0.555795,39.0473
12.476,0.108207,0.442132,0.0841448,0,0.00121314,0.332403,-0.554286,39.0548
12.478,0.108207,0.442132,0.0841448,0,0.00132302,0.333095,-0.552682,39.0624
12.48,0.108207,0.442132,0.0841448,0,0.00144379,0.333776,-0.550983,39.07
12.482,0.321261,0.524737,0.269086,0,0.00157482,0.334442,-0.549189,39.0777
12.484,0.321261,0.524737,0.269086,0,0.0017214,0.335161,-0.547341,39.0854
12.486,0.321261,0.524737,0.269086,0,0.00188935,0.336009,-0.545505,39.093
12.488,0.321261,0.524737,0.269086,0,0.00207865,0.336948,-0.543664,39.1004
12.49,0.321261,0.524737,0.269086,0,0.00228925,0.337946,-0.541802,39.1078
12.492,0.321261,0.524737,0.269086,0,0.0025216,0.338979,-0.539906,39.1152
12.494,0.321261,0.524737,0.269086,0,0.00277806,0.340032,-0.537966,39.1225
12.496,0.321261,0.524737,0.269086,0,0.00305688,0.341089,-0.535975,39.1298
12.498,0.321261,0.524737,0.269086,0,0.00335745,0.342147,-0.533928,39.1371
12.5,0.321261,0.524737,0.269086,0,0.00367911,0.343221,-0.531823,39.1443
12.502,0.549377,0.718875,0.419587,0,0.00400982,0.34432,-0.529663,39.1516
12.504,0.549377,0.718875,0.419587,0,0.00430175,0.34552,-0.527515,39.1589
12.506,0.549377,0.718875,0.419587,0,0.00452803,0.346858,-0.525438,39.1662
12.508,0.549377,0.718875,0.419587,0,0.00471155,0.348274,-0.52341,39.1734
12.51,0.549377,0.718875,0.419587,0,0.00486548,0.349719,-0.521412,39.1806
12.512,0.549377,0.718875,0.419587,0,0.00500626,0.351192,-0.519464,39.1879
12.514,0.549377,0.718875,0.419587,0,0.00515142,0.352723,-0.517612,39.1949
12.516,0.549377,0.718875,0.419587,0,0.00530642,0.354261,-0.51583,39.2019
12.518,0.549377,0.718875,0.419587,0,0.00548104,0.355763,-0.514095,39.2087
12.52,0.549377,0.718875,0.419587,0,0.00568778,0.357197,-0.512389,39.2155
12.522,0.513665,0.793625,0.42377,0,0.00593094,0.358543,-0.510693,39.2221
12.524,0.513665,0.793625,0.42377,0,0.00614305,0.359786,-0.509018,39.2287
12.526,0.513665,0.793625,0.42377,0,0.00627393,0.360912,-0.507376,39.2352
12.528,0.513665,0.793625,0.42377,0,0.00634718,0.361904,-0.505755,39.2416
12.53,0.513665,0.793625,0.42377,0,0.00638675,0.362758,-0.504148,39.248
12.532,0.513665,0.793625,0.42377,0,0.00641136,0.363473,-0.502548,39.2543
12.534,0.513665,0.793625,0.42377,0,0.00643082,0.364057,-0.500951,39.2605
12.536,0.513665,0.793625,0.42377,0,0.0064498,0.36453,-0.499351,39.2667
12.538,0.513665,0.793625,0.42377,0,0.00647667,0.36491,-0.497748,39.2728
12.54,0.513665,0.793625,0.42377,0,0.00651949,0.365207,-0.496138,39.2789
12.542,0.554815,0.771462,0.602819,0,0.00658381,0.365437,-0.494521,39.2849
12.544,0.554815,0.771462,0.602819,0,0.00664948,0.365627,-0.492928,39.2907
12.546,0.554815,0.771462,0.602819,0,0.00669459,0.36578,-0.491357,39.2964
12.548,0.554815,0.771462,0.602819,0,0.0067285,0.365896,-0.489797,39.3019
12.55,0.554815,0.771462,0.602819,0,0.00675564,0.365972,-0.488237,39.3072
12.552,0.554815,0.771462,0.602819,0,0.00677795,0.366008,-0.486666,39.3124
12.554,0.554815,0.771462,0.602819,0,0.00679705,0.366006,-0.485078,39.3175
12.556,0.554815,0.771462,0.602819,0,0.00681674,0.365972,-0.483468,39.3225
12.558,0.554815,0.771462,0.602819,0,0.00684356,0.365914,-0.481831,39.3273
12.56,0.554815,0.771462,0.602819,0,0.00688329,0.365841,-0.480164,39.3321
12.562,0.594342,0.721142,0.781319,0,0.00693999,0.365762,-0.478464,39.3367
12.564,0.594342,0.721142,0.781319,0,0.00700335,0.36558,-0.476682,39.3414
12.566,0.594342,0.721142,0.781319,0,0.00710982,0.365308,-0.474835,39.3456
12.568,0.594342,0.721142,0.781319,0,0.00734338,0.365135,-0.473037,39.3488
12.57,0.594342,0.721142,0.781319,0,0.00767477,0.365024,-0.471262,39.3512
12.572,0.594342,0.721142,0.781319,0,0.00807428,0.364943,-0.469478,39.3528
12.574,0.594342,0.721142,0.781319,0,0.00851974,0.364879,-0.467656,39.3538
12.576,0.594342,0.721142,0.781319,0,0.00899446,0.364828,-0.46576,39.3543
12.578,0.594342,0.721142,0.781319,0,0.009491,0.364785,-0.463743,39.3542
12.58,0.594342,0.721142,0.781319,0,0.0100044,0.364748,-0.461572,39.3535
12.582,0.61521,0.745273,0.76288,0,0.0106405,0.364669,-0.458948,39.352
12.584,0.61521,0.745273,0.76288,0,0.0116162,0.364465,-0.455356,39.3492
12.586,0.61521,0.745273,0.76288,0,0.0127721,0.364215,-0.451226,39.3456
12.588,0.61521,0.745273,0.76288,0,0.0138187,0.364013,-0.447214,39.3417
12.59,0.61521,0.745273,0.76288,0,0.0147692,0.363858,-0.44329,39.3376
12.592,0.61521,0.745273,0.76288,0,0.0156348,0.363752,-0.439427,39.3333
12.594,0.61521,0.745273,0.76288,0,0.0164257,0.363696,-0.4356,39.3288
12.596,0.61521,0.745273,0.76288,0,0.0171509,0.363694,-0.431789,39.3241
12.598,0.61521,0.745273,0.76288,0,0.0178186,0.363746,-0.427973,39.3193
12.6,0.61521,0.745273,0.76288,0,0.0184359,0.363855,-0.424139,39.3144
12.602,0.544011,0.618304,0.625395,0,0.0190087,0.364024,-0.420275,39.3093
12.604,0.544011,0.618304,0.625395,0,0.0195705,0.364126,-0.41636,39.3043
12.606,0.544011,0.618304,0.625395,0,0.0202444,0.364033,-0.412125,39.2992
12.608,0.544011,0.618304,0.625395,0,0.0210388,0.363817,-0.407518,39.294
12.61,0.544011,0.618304,0.625395,0,0.0217855,0.363486,-0.402736,39.2891
12.612,0.544011,0.618304,0.625395,0,0.0224225,0.363126,-0.397981,39.2844
12.614,0.544011,0.618304,0.625395,0,0.0229693,0.362779,-0.393258,39.2798
12.616,0.544011,0.618304,0.625395,0,0.0234412,0.362475,-0.388573,39.2755
12.618,0.544011,0.618304,0.625395,0,0.0238483,0.362226,-0.383928,39.2714
12.62,0.544011,0.618304,0.625395,0,0.0241977,0.362035,-0.379324,39.2676
12.622,0.434744,0.383092,0.304676,0,0.024496,0.361914,-0.374764,39.2641
12.624,0.434744,0.383092,0.304676,0,0.0247799,0.361668,-0.370232,39.261
12.626,0.434744,0.383092,0.304676,0,0.0250854,0.361153,-0.365719,39.2584
12.628,0.434744,0.383092,0.304676,0,0.0254048,0.360477,-0.361244,39.2563
12.63,0.434744,0.383092,0.304676,0,0.025724,0.359724,-0.35681,39.2546
12.632,0.434744,0.383092,0.304676,0,0.0260768,0.359016,-0.352473,39.2532
12.634,0.434744,0.383092,0.304676,0,0.0265271,0.358495,-0.348315,39.2517
12.636,0.434744,0.383092,0.304676,0,0.0270435,0.358149,-0.344301,39.2502
12.638,0.434744,0.383092,0.304676,0,0.0276023,0.357961,-0.340396,39.2486
12.64,0.434744,0.383092,0.304676,0,0.028185,0.357917,-0.336572,39.247
12.642,0.167124,0.333573,-0.62627,0,0.0288261,0.357974,-0.33268,39.2451
12.644,0.167124,0.333573,-0.62627,0,0.0296023,0.358359,-0.329116,39.2438
12.646,0.167124,0.333573,-0.62627,0,0.0304669,0.359326,-0.326468,39.2438
12.648,0.167124,0.333573,-0.62627,0,0.031366,0.360791,-0.324605,39.2449
12.65,0.167124,0.333573,-0.62627,0,0.0322516,0.362682,-0.323415,39.2471
12.652,0.167124,0.333573,-0.62627,0,0.0330872,0.364936,-0.322803,39.25
12.654,0.167124,0.333573,-0.62627,0,0.0338457,0.367502,-0.322689,39.2538
12.656,0.167124,0.333573,-0.62627,0,0.0345073,0.370335,-0.323007,39.2581
12.658,0.167124,0.333573,-0.62627,0,0.0350586,0.373394,-0.323698,39.263
12.66,0.167124,0.333573,-0.62627,0,0.0355056,0.376601,-0.324715,39.2683
12.662,-0.0488114,0.436409,-1.2465,0,0.0358679,0.379811,-0.325996,39.2741
12.664,-0.0488114,0.436409,-1.2465,0,0.0362969,0.383358,-0.328012,39.281
12.666,-0.0488114,0.436409,-1.2465,0,0.0369024,0.387484,-0.331141,39.2894
12.668,-0.0488114,0.436409,-1.2465,0,0.037629,0.391969,-0.335162,39.2991
12.67,-0.0488114,0.436409,-1.2465,0,0.0384335,0.396655,-0.339898,39.31
12.672,-0.0488114,0.436409,-1.2465,0,0.0392819,0.401418,-0.345212,39.3218
12.674,-0.0488114,0.436409,-1.2465,0,0.040147,0.406173,-0.350992,39.3345
12.676,-0.0488114,0.436409,-1.2465,0,0.0410075,0.410859,-0.357151,39.3478
12.678,-0.0488114,0.436409,-1.2465,0,0.0418432,0.415426,-0.363673,39.3616
12.68,-0.0488114,0.436409,-1.2465,0,0.0426273,0.419831,-0.370597,39.3754
12.682,-0.019423,0.510733,-1.49149,0,0.0433473,0.424054,-0.377851,39.3894
12.684,-0.019423,0.510733,-1.49149,0,0.0440439,0.428456,-0.385693,39.4034
12.686,-0.019423,0.510733,-1.49149,0,0.0447459,0.43331,-0.394319,39.4174
12.688,-0.019423,0.510733,-1.49149,0,0.045426,0.438442,-0.403559,39.4314
12.69,-0.019423,0.510733,-1.49149,0,0.0460606,0.443731,-0.413277,39.4454
12.692,-0.019423,0.510733,-1.49149,0,0.0466314,0.449093,-0.423363,39.4594
12.694,-0.019423,0.510733,-1.49149,0,0.0471264,0.454464,-0.43373,39.4732
12.696,-0.019423,0.510733,-1.49149,0,0.0475379,0.459792,-0.444309,39.487
12.698,-0.019423,0.510733,-1.49149,0,0.0478713,0.465042,-0.455048,39.5007
12.7,-0.019423,0.510733,-1.49149,0,0.0481351,0.470189,-0.465903,39.5143
12.702,0.0284569,0.464748,-1.40719,0,0.0483267,0.475215,-0.476838,39.5278
12.704,0.0284569,0.464748,-1.40719,0,0.0484425,0.480112,-0.487758,39.5412
12.706,0.0284569,0.464748,-1.40719,0,0.0484847,0.484874,-0.498582,39.5544
12.708,0.0284569,0.464748,-1.40719,0,0.0484581,0.489481,-0.509307,39.5675
12.71,0.0284569,0.464748,-1.40719,0,0.0483726,0.493922,-0.519934,39.5805
12.712,0.0284569,0.464748,-1.40719,0,0.0482405,0.498188,-0.530461,39.5934
12.714,0.0284569,0.464748,-1.40719,0,0.0480712,0.502275,-0.540888,39.6061
12.716,0.0284569,0.464748,-1.40719,0,0.0478716,0.506179,-0.551216,39.6188
12.718,0.0284569,0.464748,-1.40719,0,0.0476461,0.509896,-0.561445,39.6313
12.72,0.0284569,0.464748,-1.40719,0,0.0473966,0.513422,-0.571574,39.6438
12.722,0.0427761,0.414878,-1.24791,0,0.0471242,0.516755,-0.581602,39.6562
12.724,0.0427761,0.414878,-1.24791,0,0.0468039,0.519778,-0.591376,39.6685
12.726,0.0427761,0.414878,-1.24791,0,0.0464185,0.522406,-0.600767,39.6807
12.728,0.0427761,0.414878,-1.24791,0,0.0459835,0.524697,-0.609826,39.6929
12.73,0.0427761,0.414878,-1.24791,0,0.0455112,0.526695,-0.618594,39.705
12.732,0.0427761,0.414878,-1.24791,0,0.0450114,0.528429,-0.627103,39.7171
12.734,0.0427761,0.414878,-1.24791,0,0.0444897,0.529923,-0.635381,39.7291
12.736,0.0427761,0.414878,-1.24791,0,0.0439496,0.5312,-0.643452,39.7411
12.738,0.0427761,0.414878,-1.24791,0,0.0433978,0.532279,-0.651335,39.7531
12.74,0.0427761,0.414878,-1.24791,0,0.0428394,0.53318,-0.659046,39.765
12.742,0.0729099,0.38852,-1.05652,0,0.0422778,0.533919,-0.666598,39.7769
12.744,0.0729099,0.38852,-1.05652,0,0.0417141,0.534364,-0.673844,39.7888
12.746,0.0729099,0.38852,-1.05652,0,0.0411525,0.534413,-0.680657,39.8007
12.748,0.0729099,0.38852,-1.05652,0,0.0406029,0.534135,-0.687095,39.8125
12.75,0.0729099,0.38852,-1.05652,0,0.0400718,0.533584,-0.693204,39.8243
12.752,0.0729099,0.38852,-1.05652,0,0.0395636,0.532805,-0.699021,39.8361
12.754,0.0729099,0.38852,-1.05652,0,0.0390802,0.53184,-0.704582,39.8478
12.756,0.0729099,0.38852,-1.05652,0,0.038622,0.530728,-0.709912,39.8596
12.758,0.0729099,0.38852,-1.05652,0,0.0381861,0.529495,-0.715035,39.8713
12.76,0.0729099,0.38852,-1.05652,0,0.0377657,0.528166,-0.719968,39.8831
12.762,0.112196,0.377526,-0.750775,0,0.0373547,0.526759,-0.724727,39.8949
12.764,0.112196,0.377526,-0.750775,0,0.036946,0.52507,-0.729075,39.9065
12.766,0.112196,0.377526,-0.750775,0,0.0365421,0.522945,-0.732814,39.9181
12.768,0.112196,0.377526,-0.750775,0,0.0361551,0.520485,-0.736027,39.9296
12.77,0.112196,0.377526,-0.750775,0,0.0357955,0.517772,-0.738783,39.941
12.772,0.112196,0.377526,-0.750775,0,0.0354631,0.51487,-0.741137,39.9523
12.774,0.112196,0.377526,-0.750775,0,0.0351589,0.51183,-0.743138,39.9635
12.776,0.112196,0.377526,-0.750775,0,0.0348886,0.508696,-0.744827,39.9747
12.778,0.112196,0.377526,-0.750775,0,0.0346558,0.505501,-0.746242,39.9859
12.78,0.112196,0.377526,-0.750775,0,0.0344622,0.502271,-0.747415,39.9971
12.782,0.12158,0.452121,-0.362461,0,0.0343046,0.499024,-0.748373,40.0082
12.784,0.12158,0.452121,-0.362461,0,0.034155,0.495596,-0.748868,40.0192
12.786,0.12158,0.452121,-0.362461,0,0.0340003,0.49187,-0.748678,40.03
12.788,0.12158,0.452121,-0.362461,0,0.0338581,0.487945,-0.747896,40.0406
12.79,0.12158,0.452121,-0.362461,0,0.0337387,0.4839,-0.746599,40.051
12.792,0.12158,0.452121,-0.362461,0,0.0336418,0.479797,-0.744853,40.0612
12.794,0.12158,0.452121,-0.362461,0,0.0335643,0.475682,-0.742712,40.0714
12.796,0.12158,0.452121,-0.362461,0,0.0335066,0.471588,-0.740225,40.0814
12.798,0.12158,0.452121,-0.362461,0,0.0334752,0.46754,-0.737437,40.0914
12.8,0.12158,0.452121,-0.362461,0,0.033477,0.463555,-0.734383,40.1013
12.802,0.12049,0.479293,-0.0440431,0,0.0335164,0.459648,-0.731098,40.1112
12.804,0.12049,0.479293,-0.0440431,0,0.0335915,0.455669,-0.727368,40.1209
12.806,0.12049,0.479293,-0.0440431,0,0.0337057,0.451509,-0.72301,40.1303
12.808,0.12049,0.479293,-0.0440431,0,0.0338702,0.447245,-0.718111,40.1395
12.81,0.12049,0.479293,-0.0440431,0,0.0340921,0.44294,-0.712743,40.1486
12.812,0.12049,0.479293,-0.0440431,0,0.0343757,0.438642,-0.70697,40.1575
12.814,0.12049,0.479293,-0.0440431,0,0.0347227,0.434389,-0.700846,40.1663
12.816,0.12049,0.479293,-0.0440431,0,0.0351332,0.430209,-0.69442,40.1749
12.818,0.12049,0.479293,-0.0440431,0,0.0356058,0.426125,-0.687732,40.1835
12.82,0.12049,0.479293,-0.0440431,0,0.036138,0.422151,-0.68082,40.192
12.822,0.0767618,0.32949,0.0782713,0,0.0367259,0.418296,-0.673716,40.2005
12.824,0.0767618,0.32949,0.0782713,0,0.0373353,0.414405,-0.666292,40.2089
12.826,0.0767618,0.32949,0.0782713,0,0.0379419,0.410354,-0.658442,40.2171
12.828,0.0767618,0.32949,0.0782713,0,0.0385593,0.406202,-0.650235,40.2252
12.83,0.0767618,0.32949,0.0782713,0,0.0391972,0.401999,-0.641731,40.2331
12.832,0.0767618,0.32949,0.0782713,0,0.0398623,0.39778,-0.632981,40.2411
12.834,0.0767618,0.32949,0.0782713,0,0.0405822,0.39378,-0.62458,40.2489
12.836,0.0767618,0.32949,0.0782713,0,0.0413771,0.390354,-0.617551,40.2569
12.838,0.0767618,0.32949,0.0782713,0,0.0421972,0.387367,-0.611678,40.2651
12.84,0.0767618,0.32949,0.0782713,0,0.0430005,0.384695,-0.606747,40.2734
12.842,0.00921937,0.264895,-0.0130962,0,0.0437658,0.382268,-0.602557,40.282
12.844,0.00921937,0.264895,-0.0130962,0,0.044454,0.38003,-0.598981,40.2909
12.846,0.00921937,0.264895,-0.0130962,0,0.0450348,0.377924,-0.595921,40.3001
12.848,0.00921937,0.264895,-0.0130962,0,0.0455106,0.375938,-0.59335,40.3092
12.85,0.00921937,0.264895,-0.0130962,0,0.0458891,0.374041,-0.5912,40.3183
12.852,0.00921937,0.264895,-0.0130962,0,0.0461711,0.372188,-0.589379,40.3273
12.854,0.00921937,0.264895,-0.0130962,0,0.0463574,0.370344,-0.58781,40.3363
12.856,0.00921937,0.264895,-0.0130962,0,0.0464538,0.368489,-0.58643,40.3453
12.858,0.00921937,0.264895,-0.0130962,0,0.0464732,0.366607,-0.58519,40.3542
12.86,0.00921937,0.264895,-0.0130962,0,0.0464219,0.36469,-0.584045,40.363
12.862,-0.00124993,0.328936,-0.11201,0,0.0463042,0.362731,-0.582962,40.3718
12.864,-0.00124993,0.328936,-0.11201,0,0.0461422,0.360837,-0.581949,40.3805
12.866,-0.00124993,0.328936,-0.11201,0,0.0459572,0.359095,-0.581018,40.3891
12.868,-0.00124993,0.328936,-0.11201,0,0.04575,0.357469,-0.580139,40.3976
12.87,-0.00124993,0.328936,-0.11201,0,0.0455216,0.35593,-0.579289,40.406
12.872,-0.00124993,0.328936,-0.11201,0,0.0452736,0.354455,-0.578449,40.4143
12.874,-0.00124993,0.328936,-0.11201,0,0.045008,0.353051,-0.577635,40.4224
12.876,-0.00124993,0.328936,-0.11201,0,0.044726,0.351741,-0.57689,40.4304
12.878,-0.00124993,0.328936,-0.11201,0,0.0444275,0.3505,-0.57619,40.4383
12.88,-0.00124993,0.328936,-0.11201,0,0.044114,0.349307,-0.575514,40.446
12.882,-0.0122186,0.316009,-0.176519,0,0.0437884,0.348145,-0.574848,40.4536
12.884,-0.0122186,0.316009,-0.176519,0,0.0434477,0.347048,-0.574193,40.461
12.886,-0.0122186,0.316009,-0.176519,0,0.0430894,0.346045,-0.573554,40.4684
12.888,-0.0122186,0.316009,-0.176519,0,0.0427175,0.345109,-0.57292,40.4756
12.89,-0.0122186,0.316009,-0.176519,0,0.0423356,0.344221,-0.572281,40.4827
12.892,-0.0122186,0.316009,-0.176519,0,0.0419468,0.343367,-0.571631,40.4897
12.894,-0.0122186,0.316009,-0.176519,0,0.0415542,0.342535,-0.570968,40.4966
12.896,-0.0122186,0.316009,-0.176519,0,0.0411602,0.341716,-0.570286,40.5034
12.898,-0.0122186,0.316009,-0.176519,0,0.040767,0.340904,-0.569585,40.5102
12.9,-0.0122186,0.316009,-0.176519,0,0.0403767,0.340096,-0.568864,40.5169
12.902,-0.0192634,0.303646,-0.228496,0,0.039991,0.339286,-0.568122,40.5236
12.904,-0.0192634,0.303646,-0.228496,0,0.0396053,0.338496,-0.567367,40.5302
12.906,-0.0192634,0.303646,-0.228496,0,0.039216,0.337759,-0.566634,40.5367
12.908,-0.0192634,0.303646,-0.228496,0,0.0388248,0.337096,-0.565966,40.5431
12.91,-0.0192634,0.303646,-0.228496,0,0.0384321,0.336488,-0.565349,40.5494
12.912,-0.0192634,0.303646,-0.228496,0,0.0380379,0.33592,-0.564773,40.5556
12.914,-0.0192634,0.303646,-0.228496,0,0.0376427,0.33538,-0.564229,40.5617
12.916,-0.0192634,0.303646,-0.228496,0,0.037247,0.33486,-0.56371,40.5678
12.918,-0.0192634,0.303646,-0.228496,0,0.0368515,0.334353,-0.56321,40.5737
12.92,-0.0192634,0.303646,-0.228496,0,0.0364571,0.333852,-0.562725,40.5796
12.922,-0.0190042,0.314226,-0.276969,0,0.0360645,0.33335,-0.562252,40.5855
12.924,-0.0190042,0.314226,-0.276969,0,0.0356773,0.332877,-0.5618,40.5912
12.926,-0.0190042,0.314226,-0.276969,0,0.0352994,0.332454,-0.561377,40.5969
12.928,-0.0190042,0.314226,-0.276969,0,0.0349318,0.332068,-0.560978,40.6025
12.93,-0.0190042,0.314226,-0.276969,0,0.0345754,0.331703,-0.560598,40.6081
12.932,-0.0190042,0.314226,-0.276969,0,0.0342309,0.331351,-0.560235,40.6136
12.934,-0.0190042,0.314226,-0.276969,0,0.0338988,0.331005,-0.559886,40.6191
12.936,-0.0190042,0.314226,-0.276969,0,0.0335795,0.330657,-0.55955,40.6246
12.938,-0.0190042,0.314226,-0.276969,0,0.0332734,0.330305,-0.559225,40.63
12.94,-0.0190042,0.314226,-0.276969,0,0.0329805,0.329944,-0.55891,40.6353
12.942,-0.0230349,0.316004,-0.299684,0,0.0327009,0.329573,-0.558605,40.6407
12.944,-0.0230349,0.316004,-0.299684,0,0.0324323,0.329218,-0.558312,40.646
12.946,-0.0230349,0.316004,-0.299684,0,0.032168,0.328921,-0.55807,40.6513
12.948,-0.0230349,0.316004,-0.299684,0,0.0319057,0.32868,-0.557887,40.6564
12.95,-0.0230349,0.316004,-0.299684,0,0.031645,0.328482,-0.557754,40.6615
12.952,-0.0230349,0.316004,-0.299684,0,0.0313858,0.328318,-0.55766,40.6665
12.954,-0.0230349,0.316004,-0.299684,0,0.0311279,0.328178,-0.557599,40.6715
12.956,-0.0230349,0.316004,-0.299684,0,0.0308711,0.328054,-0.557565,40.6763
12.958,-0.0230349,0.316004,-0.299684,0,0.0306156,0.327939,-0.557551,40.6811
12.96,-0.0230349,0.316004,-0.299684,0,0.0303616,0.327827,-0.557555,40.6859
12.962,-0.020111,0.334958,-0.314502,0,0.0301091,0.327715,-0.557571,40.6906
12.964,-0.020111,0.334958,-0.314502,0,0.0298608,0.327614,-0.557602,40.6952
12.966,-0.020111,0.334958,-0.314502,0,0.0296189,0.327534,-0.557649,40.6998
12.968,-0.020111,0.334958,-0.314502,0,0.0293833,0.32747,-0.557708,40.7044
12.97,-0.020111,0.334958,-0.314502,0,0.0291541,0.327419,-0.557778,40.7089
12.972,-0.020111,0.334958,-0.314502,0,0.0289313,0.327378,-0.557856,40.7134
12.974,-0.020111,0.334958,-0.314502,0,0.0287152,0.327345,-0.557941,40.7179
12.976,-0.020111,0.334958,-0.314502,0,0.0285057,0.327318,-0.558031,40.7223
12.978,-0.020111,0.334958,-0.314502,0,0.028303,0.327296,-0.558127,40.7267
12.98,-0.020111,0.334958,-0.314502,0,0.0281073,0.327278,-0.558226,40.7311
12.982,-0.019749,0.346592,-0.317849,0,0.0279185,0.327263,-0.558329,40.7355
12.984,-0.019749,0.346592,-0.317849,0,0.0277376,0.327253,-0.558433,40.7399
12.986,-0.019749,0.346592,-0.317849,0,0.0275652,0.327253,-0.558539,40.7442
12.988,-0.019749,0.346592,-0.317849,0,0.027401,0.327258,-0.558646,40.7486
12.99,-0.019749,0.346592,-0.317849,0,0.0272446,0.327265,-0.558752,40.753
12.992,-0.019749,0.346592,-0.317849,0,0.027096,0.327288,-0.558875,40.7574
12.994,-0.019749,0.346592,-0.317849,0,0.0269547,0.32735,-0.55905,40.7617
12.996,-0.019749,0.346592,-0.317849,0,0.0268185,0.327443,-0.559268,40.7659
12.998,-0.019749,0.346592,-0.317849,0,0.0266856,0.327556,-0.559522,40.7701
13,-0.019749,0.346592,-0.317849,0,0.0265547,0.327681,-0.559804,40.7743
13.002,-0.0220426,0.363475,-0.318702,0,0.0264257,0.327811,-0.56011,40.7784
13.004,-0.0220426,0.363475,-0.318702,0,0.0263021,0.327952,-0.560435,40.7825
13.006,-0.0220426,0.363475,-0.318702,0,0.0261867,0.328113,-0.560775,40.7865
13.008,-0.0220426,0.363475,-0.318702,0,0.0260787,0.328285,-0.561127,40.7905
13.01,-0.0220426,0.363475,-0.318702,0,0.0259777,0.328462,-0.561485,40.7945
13.012,-0.0220426,0.363475,-0.318702,0,0.0258831,0.32864,-0.561847,40.7985
13.014,-0.0220426,0.363475,-0.318702,0,0.0257945,0.328815,-0.562209,40.8024
13.016,-0.0220426,0.363475,-0.318702,0,0.0257109,0.328985,-0.562569,40.8063
13.018,-0.0220426,0.363475,-0.318702,0,0.0256313,0.329147,-0.562924,40.8102
13.02,-0.0220426,0.363475,-0.318702,0,0.025555,0.329299,-0.563273,40.8141
13.022,-0.0293096,0.366762,-0.315072,0,0.0254812,0.329442,-0.563615,40.8179
13.024,-0.0293096,0.366762,-0.315072,0,0.0254089,0.329581,-0.563947,40.8218
13.026,-0.0293096,0.366762,-0.315072,0,0.0253374,0.329722,-0.564271,40.8257
13.028,-0.0293096,0.366762,-0.315072,0,0.0252665,0.329863,-0.564583,40.8296
13.03,-0.0293096,0.366762,-0.315072,0,0.0251959,0.330001,-0.564884,40.8335
13.032,-0.0293096,0.366762,-0.315072,0,0.0251254,0.330136,-0.565173,40.8374
13.034,-0.0293096,0.366762,-0.315072,0,0.0250549,0.330265,-0.565448,40.8413
13.036,-0.0293096,0.366762,-0.315072,0,0.0249843,0.330387,-0.565711,40.8453
13.038,-0.0293096,0.366762,-0.315072,0,0.0249135,0.330503,-0.56596,40.8492
13.04,-0.0293096,0.366762,-0.315072,0,0.0248424,0.330611,-0.566196,40.8532
13.042,-0.0340951,0.363502,-0.306234,0,0.024771,0.330711,-0.566418,40.8573
13.044,-0.0340951,0.363502,-0.306234,0,0.0246988,0.330798,-0.566624,40.8613
13.046,-0.0340951,0.363502,-0.306234,0,0.024626,0.330886,-0.566829,40.8654
13.048,-0.0340951,0.363502,-0.306234,0,0.0245527,0.331,-0.567068,40.8695
13.05,-0.0340951,0.363502,-0.306234,0,0.0244789,0.331135,-0.567333,40.8735
13.052,-0.0340951,0.363502,-0.306234,0,0.0244045,0.331286,-0.567619,40.8776
13.054,-0.0340951,0.363502,-0.306234,0,0.024329,0.331448,-0.567921,40.8816
13.056,-0.0340951,0.363502,-0.306234,0,0.0242519,0.331618,-0.568233,40.8856
13.058,-0.0340951,0.363502,-0.306234,0,0.0241727,0.331791,-0.56855,40.8895
13.06,-0.0340951,0.363502,-0.306234,0,0.0240911,0.331967,-0.568868,40.8935
13.062,-0.033002,0.379652,-0.300921,0,0.0240071,0.332142,-0.569186,40.8975
13.064,-0.033002,0.379652,-0.300921,0,0.0239226,0.332314,-0.569497,40.9015
13.066,-0.033002,0.379652,-0.300921,0,0.0238395,0.33248,-0.5698,40.9055
13.068,-0.033002,0.379652,-0.300921,0,0.0237573,0.332641,-0.570093,40.9094
13.07,-0.033002,0.379652,-0.300921,0,0.0236758,0.332798,-0.570373,40.9134
13.072,-0.033002,0.379652,-0.300921,0,0.0235947,0.332952,-0.570641,40.9174
13.074,-0.033002,0.379652,-0.300921,0,0.0235138,0.333105,-0.570896,40.9215
13.076,-0.033002,0.379652,-0.300921,0,0.0234328,0.333259,-0.571138,40.9255
13.078,-0.033002,0.379652,-0.300921,0,0.0233516,0.333413,-0.571368,40.9296
13.08,-0.033002,0.379652,-0.300921,0,0.0232702,0.333568,-0.571585,40.9337
13.082,-0.030364,0.384194,-0.290797,0,0.0231885,0.333725,-0.57179,40.9378
13.084,-0.030364,0.384194,-0.290797,0,0.0231094,0.333867,-0.571975,40.9419
13.086,-0.030364,0.384194,-0.290797,0,0.0230367,0.333984,-0.572136,40.9461
13.088,-0.030364,0.384194,-0.290797,0,0.0229713,0.33408,-0.572275,40.9503
13.09,-0.030364,0.384194,-0.290797,0,0.0229139,0.334158,-0.572391,40.9546
13.092,-0.030364,0.384194,-0.290797,0,0.0228657,0.334222,-0.572488,40.9589
13.094,-0.030364,0.384194,-0.290797,0,0.0228259,0.334275,-0.572565,40.9632
13.096,-0.030364,0.384194,-0.290797,0,0.0227934,0.334318,-0.572626,40.9676
13.098,-0.030364,0.384194,-0.290797,0,0.0227668,0.334363,-0.572688,40.972
13.1,-0.030364,0.384194,-0.290797,0,0.0227445,0.334426,-0.572778,40.9764
13.102,-0.033222,0.367379,-0.27566,0,0.0227255,0.334502,-0.57289,40.9808
13.104,-0.033222,0.367379,-0.27566,0,0.0227039,0.334577,-0.573014,40.9852
13.106,-0.033222,0.367379,-0.27566,0,0.0226735,0.334639,-0.573141,40.9895
13.108,-0.033222,0.367379,-0.27566,0,0.0226337,0.33469,-0.573268,40.9939
13.11,-0.033222,0.367379,-0.27566,0,0.022585,0.334733,-0.573392,40.9983
13.112,-0.033222,0.367379,-0.27566,0,0.0225286,0.334768,-0.573509,41.0027
13.114,-0.033222,0.367379,-0.27566,0,0.0224655,0.334798,-0.573617,41.0072
13.116,-0.033222,0.367379,-0.27566,0,0.022397,0.334822,-0.573716,41.0116
13.118,-0.033222,0.367379,-0.27566,0,0.022324,0.334843,-0.573802,41.0161
13.12,-0.033222,0.367379,-0.27566,0,0.0222475,0.334861,-0.573875,41.0205
13.122,-0.0288701,0.373344,-0.270231,0,0.0221681,0.334875,-0.573936,41.025
13.124,-0.0288701,0.373344,-0.270231,0,0.0220928,0.334888,-0.573984,41.0296
13.126,-0.0288701,0.373344,-0.270231,0,0.0220273,0.334898,-0.574023,41.0342
13.128,-0.0288701,0.373344,-0.270231,0,0.0219712,0.334906,-0.574052,41.0388
13.13,-0.0288701,0.373344,-0.270231,0,0.0219235,0.334913,-0.574071,41.0435
13.132,-0.0288701,0.373344,-0.270231,0,0.0218825,0.33492,-0.574077,41.0482
13.134,-0.0288701,0.373344,-0.270231,0,0.0218473,0.334927,-0.574071,41.053
13.136,-0.0288701,0.373344,-0.270231,0,0.0218168,0.334934,-0.574051,41.0578
13.138,-0.0288701,0.373344,-0.270231,0,0.0217902,0.33494,-0.574016,41.0627
13.14,-0.0288701,0.373344,-0.270231,0,0.0217677,0.334945,-0.573965,41.0677
13.142,-0.0250205,0.364066,-0.259138,0,0.021749,0.334948,-0.573898,41.0727
13.144,-0.0250205,0.364066,-0.259138,0,0.0217337,0.33493,-0.573808,41.0778
13.146,-0.0250205,0.364066,-0.259138,0,0.0217209,0.334902,-0.573732,41.0829
13.148,-0.0250205,0.364066,-0.259138,0,0.0217099,0.334878,-0.573683,41.088
13.15,-0.0250205,0.364066,-0.259138,0,0.0217002,0.334857,-0.573655,41.0931
13.152,-0.0250205,0.364066,-0.259138,0,0.0216914,0.334839,-0.573641,41.0982
13.154,-0.0250205,0.364066,-0.259138,0,0.0216832,0.334825,-0.573637,41.1033
13.156,-0.0250205,0.364066,-0.259138,0,0.0216752,0.334812,-0.573636,41.1085
13.158,-0.0250205,0.364066,-0.259138,0,0.0216677,0.334801,-0.573636,41.1136
13.16,-0.0250205,0.364066,-0.259138,0,0.0216607,0.334793,-0.573636,41.1188
13.162,-0.0240697,0.36176,-0.251923,0,0.0216544,0.334786,-0.573632,41.124
13.164,-0.0240697,0.36176,-0.251923,0,0.0216487,0.334779,-0.573624,41.1293
13.166,-0.0240697,0.36176,-0.251923,0,0.0216436,0.334771,-0.573607,41.1346
13.168,-0.0240697,0.36176,-0.251923,0,0.021639,0.334762,-0.57358,41.1399
13.17,-0.0240697,0.36176,-0.251923,0,0.021627,0.334718,-0.573538,41.1453
13.172,-0.0240697,0.36176,-0.251923,0,0.0216047,0.334616,-0.573479,41.1508
13.174,-0.0240697,0.36176,-0.251923,0,0.0215751,0.334443,-0.573401,41.1563
13.176,-0.0240697,0.36176,-0.251923,0,0.0215406,0.334192,-0.573302,41.1618
13.178,-0.0240697,0.36176,-0.251923,0,0.0215036,0.333862,-0.573182,41.1674
13.18,-0.0240697,0.36176,-0.251923,0,0.0214657,0.333452,-0.573041,41.1731
13.182,-0.0515764,0.286721,-0.24887,0,0.0214284,0.332967,-0.57288,41.1788
13.184,-0.0515764,0.286721,-0.24887,0,0.0213711,0.332405,-0.572695,41.1846
13.186,-0.0515764,0.286721,-0.24887,0,0.0212763,0.33177,-0.572485,41.1905
13.188,-0.0515764,0.286721,-0.24887,0,0.0211477,0.331098,-0.572299,41.1965
13.19,-0.0515764,0.286721,-0.24887,0,0.0209885,0.330405,-0.572155,41.2025
13.192,-0.0515764,0.286721,-0.24887,0,0.0208021,0.329686,-0.572044,41.2086
13.194,-0.0515764,0.286721,-0.24887,0,0.0205915,0.32894,-0.571959,41.2147
13.196,-0.0515764,0.286721,-0.24887,0,0.0203598,0.328163,-0.571895,41.2209
13.198,-0.0515764,0.286721,-0.24887,0,0.0201102,0.327357,-0.571844,41.2271
13.2,-0.0515764,0.286721,-0.24887,0,0.0198461,0.326523,-0.571805,41.2333
13.202,-0.0696367,0.323014,-0.239222,0,0.0195707,0.325662,-0.571774,41.2396
13.204,-0.0696367,0.323014,-0.239222,0,0.0192791,0.324824,-0.571753,41.2459
13.206,-0.0696367,0.323014,-0.239222,0,0.0189663,0.324049,-0.571743,41.2522
13.208,-0.0696367,0.323014,-0.239222,0,0.0186361,0.323321,-0.571738,41.2586
13.21,-0.0696367,0.323014,-0.239222,0,0.0182927,0.322629,-0.571735,41.265
13.212,-0.0696367,0.323014,-0.239222,0,0.0179401,0.321963,-0.571733,41.2715
13.214,-0.0696367,0.323014,-0.239222,0,0.0175819,0.321318,-0.57173,41.278
13.216,-0.0696367,0.323014,-0.239222,0,0.0172213,0.320686,-0.571725,41.2846
13.218,-0.0696367,0.323014,-0.239222,0,0.0168601,0.320064,-0.571716,41.2913
13.22,-0.0696367,0.323014,-0.239222,0,0.0164995,0.319445,-0.571701,41.298
13.222,-0.079565,0.345453,-0.209243,0,0.0161406,0.318827,-0.571678,41.3047
13.224,-0.079565,0.345453,-0.209243,0,0.015779,0.318273,-0.571689,41.3115
13.226,-0.079565,0.345453,-0.209243,0,0.0154112,0.317821,-0.57175,41.3183
13.228,-0.079565,0.345453,-0.209243,0,0.0150371,0.317452,-0.571849,41.325
13.23,-0.079565,0.345453,-0.209243,0,0.0146568,0.317145,-0.571976,41.3318
13.232,-0.079565,0.345453,-0.209243,0,0.0142707,0.316885,-0.572119,41.3385
13.234,-0.079565,0.345453,-0.209243,0,0.0138793,0.316658,-0.572272,41.3453
13.236,-0.079565,0.345453,-0.209243,0,0.0134832,0.316454,-0.572426,41.3521
13.238,-0.079565,0.345453,-0.209243,0,0.0130833,0.316264,-0.572576,41.3589
13.24,-0.079565,0.345453,-0.209243,0,0.0126805,0.316081,-0.572717,41.3657
13.242,-0.074192,0.376081,-0.166141,0,0.0122758,0.315898,-0.572845,41.3725
13.244,-0.074192,0.376081,-0.166141,0,0.0118779,0.315734,-0.572953,41.3794
13.246,-0.074192,0.376081,-0.166141,0,0.0114962,0.315601,-0.573037,41.3863
13.248,-0.074192,0.376081,-0.166141,0,0.0111303,0.315495,-0.573093,41.3932
13.25,-0.074192,0.376081,-0.166141,0,0.0107797,0.315408,-0.573121,41.4001
13.252,-0.074192,0.376081,-0.166141,0,0.0104439,0.315338,-0.573118,41.4071
13.254,-0.074192,0.376081,-0.166141,0,0.0101226,0.315281,-0.573084,41.4142
13.256,-0.074192,0.376081,-0.166141,0,0.00981544,0.315233,-0.573017,41.4212
13.258,-0.074192,0.376081,-0.166141,0,0.00951976,0.315202,-0.57294,41.4283
13.26,-0.074192,0.376081,-0.166141,0,0.0092293,0.315199,-0.572893,41.4354
13.262,-0.057547,0.39405,-0.104262,0,0.00894228,0.315213,-0.572867,41.4424
13.264,-0.057547,0.39405,-0.104262,0,0.00867082,0.315277,-0.572844,41.4495
13.266,-0.057547,0.39405,-0.104262,0,0.0084256,0.315415,-0.572807,41.4565
13.268,-0.057547,0.39405,-0.104262,0,0.00820268,0.31561,-0.572748,41.4634
13.27,-0.057547,0.39405,-0.104262,0,0.0079989,0.315848,-0.572658,41.4704
13.272,-0.057547,0.39405,-0.104262,0,0.00781176,0.316115,-0.572533,41.4773
13.274,-0.057547,0.39405,-0.104262,0,0.0076393,0.316402,-0.572366,41.4843
13.276,-0.057547,0.39405,-0.104262,0,0.00748,0.316702,-0.572154,41.4912
13.278,-0.057547,0.39405,-0.104262,0,0.00733268,0.317006,-0.571894,41.4982
13.28,-0.057547,0.39405,-0.104262,0,0.00719647,0.317311,-0.571583,41.5052
13.282,-0.0191335,0.421406,-0.0380554,0,0.00707072,0.31761,-0.57122,41.5122
13.284,-0.0191335,0.421406,-0.0380554,0,0.00696135,0.317922,-0.570786,41.5192
13.286,-0.0191335,0.421406,-0.0380554,0,0.00687169,0.31826,-0.570262,41.5263
13.288,-0.0191335,0.421406,-0.0380554,0,0.00679805,0.318617,-0.56965,41.5333
13.29,-0.0191335,0.421406,-0.0380554,0,0.00673742,0.318985,-0.568948,41.5404
13.292,-0.0191335,0.421406,-0.0380554,0,0.00668742,0.319408,-0.568216,41.5474
13.294,-0.0191335,0.421406,-0.0380554,0,0.0066459,0.319894,-0.567476,41.5544
13.296,-0.0191335,0.421406,-0.0380554,0,0.00661094,0.320427,-0.566716,41.5614
13.298,-0.0191335,0.421406,-0.0380554,0,0.0065809,0.320994,-0.565928,41.5683
13.3,-0.0191335,0.421406,-0.0380554,0,0.00655453,0.321583,-0.565102,41.5751
13.302,0.0379373,0.431052,0.0201219,0,0.00653086,0.322185,-0.564233,41.582
13.304,0.0379373,0.431052,0.0201219,0,0.00652001,0.3228,-0.563299,41.5888
13.306,0.0379373,0.431052,0.0201219,0,0.00653089,0.32343,-0.562284,41.5956
13.308,0.0379373,0.431052,0.0201219,0,0.00656045,0.32407,-0.561185,41.6024
13.31,0.0379373,0.431052,0.0201219,0,0.00660622,0.324714,-0.56,41.6092
13.312,0.0379373,0.431052,0.0201219,0,0.0066662,0.325359,-0.558729,41.616
13.314,0.0379373,0.431052,0.0201219,0,0.00673886,0.326,-0.557371,41.6229
13.316,0.0379373,0.431052,0.0201219,0,0.00683575,0.326887,-0.555941,41.6285
13.318,0.0379373,0.431052,0.0201219,0,0.00695935,0.328092,-0.554442,41.6326
13.32,0.0379373,0.431052,0.0201219,0,0.00710388,0.329539,-0.552869,41.6354
13.322,0.200466,0.550712,0.163286,0,0.00726458,0.331165,-0.551219,41.6371
13.324,0.200466,0.550712,0.163286,0,0.0074626,0.332986,-0.5495,41.6379
13.326,0.200466,0.550712,0.163286,0,0.00771613,0.335014,-0.54772,41.6379
13.328,0.200466,0.550712,0.163286,0,0.00801639,0.337197,-0.545875,41.6372
13.33,0.200466,0.550712,0.163286,0,0.00835601,0.339494,-0.543964,41.6359
13.332,0.200466,0.550712,0.163286,0,0.00872822,0.341869,-0.541981,41.6342
13.334,0.200466,0.550712,0.163286,0,0.00912692,0.344293,-0.53992,41.632
13.336,0.200466,0.550712,0.163286,0,0.00954837,0.346746,-0.537786,41.6295
13.338,0.200466,0.550712,0.163286,0,0.00998941,0.349214,-0.535584,41.6267
13.34,0.200466,0.550712,0.163286,0,0.0104473,0.351684,-0.53332,41.6237
13.342,0.467055,0.749356,0.388635,0,0.0109199,0.354146,-0.530999,41.6204
13.344,0.467055,0.749356,0.388635,0,0.011392,0.3567,-0.528665,41.617
13.346,0.467055,0.749356,0.388635,0,0.0118564,0.359412,-0.526358,41.6135
13.348,0.467055,0.749356,0.388635,0,0.0123264,0.362222,-0.52407,41.6098
13.35,0.467055,0.749356,0.388635,0,0.0128117,0.365084,-0.521793,41.6061
13.352,0.467055,0.749356,0.388635,0,0.0133196,0.36796,-0.519523,41.6024
13.354,0.467055,0.749356,0.388635,0,0.0138557,0.370824,-0.517255,41.5986
13.356,0.467055,0.749356,0.388635,0,0.0144236,0.373656,-0.514986,41.5949
13.358,0.467055,0.749356,0.388635,0,0.015026,0.376439,-0.51272,41.5911
13.36,0.467055,0.749356,0.388635,0,0.0156645,0.379164,-0.510457,41.5874
13.362,0.553862,0.930056,0.49309,0,0.0163408,0.381837,-0.508197,41.5837
13.364,0.553862,0.930056,0.49309,0,0.0169642,0.384535,-0.505992,41.5802
13.366,0.553862,0.930056,0.49309,0,0.0174627,0.387298,-0.503885,41.5766
13.368,0.553862,0.930056,0.49309,0,0.0178662,0.39007,-0.50186,41.5732
13.37,0.553862,0.930056,0.49309,0,0.0181972,0.392807,-0.4999,41.5699
13.372,0.553862,0.930056,0.49309,0,0.0184793,0.395474,-0.497995,41.5666
13.374,0.553862,0.930056,0.49309,0,0.0187375,0.398048,-0.496138,41.5634
13.376,0.553862,0.930056,0.49309,0,0.018991,0.400517,-0.494323,41.5603
13.378,0.553862,0.930056,0.49309,0,0.0192553,0.402872,-0.492545,41.5573
13.38,0.553862,0.930056,0.49309,0,0.0195417,0.405112,-0.4908,41.5543
13.382,0.528795,0.987595,0.546892,0,0.0198591,0.407237,-0.489082,41.5515
13.384,0.528795,0.987595,0.546892,0,0.0201497,0.409271,-0.487413,41.5487
13.386,0.528795,0.987595,0.546892,0,0.0203682,0.411226,-0.485814,41.546
13.388,0.528795,0.987595,0.546892,0,0.0205393,0.413087,-0.484275,41.5434
13.39,0.528795,0.987595,0.546892,0,0.0206773,0.414847,-0.482783,41.5409
13.392,0.528795,0.987595,0.546892,0,0.0207892,0.416513,-0.481326,41.5385
13.394,0.528795,0.987595,0.546892,0,0.0208852,0.41809,-0.479893,41.5362
13.396,0.528795,0.987595,0.546892,0,0.0209781,0.41958,-0.478477,41.5339
13.398,0.528795,0.987595,0.546892,0,0.0210765,0.420992,-0.477067,41.5316
13.4,0.528795,0.987595,0.546892,0,0.0211902,0.422337,-0.475654,41.5293
13.402,0.492076,0.9987,0.615527,0,0.0213274,0.423627,-0.474234,41.5271
13.404,0.492076,0.9987,0.615527,0,0.0214739,0.424842,-0.472789,41.5248
13.406,0.492076,0.9987,0.615527,0,0.0216186,0.425966,-0.471308,41.5225
13.408,0.492076,0.9987,0.615527,0,0.021769,0.427013,-0.469764,41.5201
13.41,0.492076,0.9987,0.615527,0,0.0219299,0.427996,-0.468149,41.5175
13.412,0.492076,0.9987,0.615527,0,0.0220973,0.428912,-0.466483,41.5148
13.414,0.492076,0.9987,0.615527,0,0.0222654,0.42976,-0.464791,41.5123
13.416,0.492076,0.9987,0.615527,0,0.0224434,0.430568,-0.463085,41.5099
13.418,0.492076,0.9987,0.615527,0,0.0226373,0.43136,-0.461375,41.5077
13.42,0.492076,0.9987,0.615527,0,0.0228503,0.432158,-0.45967,41.5056
13.422,0.467053,0.862965,0.660882,0,0.0230832,0.432982,-0.457976,41.5037
13.424,0.467053,0.862965,0.660882,0,0.0233653,0.433735,-0.456251,41.5018
13.426,0.467053,0.862965,0.660882,0,0.0237227,0.434347,-0.454444,41.4996
13.428,0.467053,0.862965,0.660882,0,0.024134,0.434859,-0.452563,41.4972
13.43,0.467053,0.862965,0.660882,0,0.0245828,0.43531,-0.450616,41.4945
13.432,0.467053,0.862965,0.660882,0,0.025056,0.435733,-0.448608,41.4916
13.434,0.467053,0.862965,0.660882,0,0.0255427,0.436152,-0.446541,41.4884
13.436,0.467053,0.862965,0.660882,0,0.0260246,0.436571,-0.444421,41.4853
13.438,0.467053,0.862965,0.660882,0,0.0264804,0.436973,-0.44226,41.4823
13.44,0.467053,0.862965,0.660882,0,0.0269116,0.437385,-0.440063,41.4796
13.442,0.468393,0.626358,0.606339,0,0.027333,0.437854,-0.437834,41.4769
13.444,0.468393,0.626358,0.606339,0,0.0277936,0.438203,-0.435494,41.4741
13.446,0.468393,0.626358,0.606339,0,0.0283035,0.438248,-0.43298,41.4711
13.448,0.468393,0.626358,0.606339,0,0.0288413,0.438085,-0.430316,41.4679
13.45,0.468393,0.626358,0.606339,0,0.0293776,0.437765,-0.427523,41.4648
13.452,0.468393,0.626358,0.606339,0,0.0298876,0.437323,-0.424622,41.462
13.454,0.468393,0.626358,0.606339,0,0.0303951,0.436861,-0.421631,41.4591
13.456,0.468393,0.626358,0.606339,0,0.0308996,0.436425,-0.418558,41.4561
13.458,0.468393,0.626358,0.606339,0,0.0313939,0.436035,-0.415412,41.453
13.46,0.468393,0.626358,0.606339,0,0.031871,0.435703,-0.412193,41.4499
13.462,0.354774,0.430776,0.388724,0,0.032325,0.435433,-0.408899,41.4468
13.464,0.354774,0.430776,0.388724,0,0.0327582,0.435001,-0.405474,41.4438
13.466,0.354774,0.430776,0.388724,0,0.03322,0.434321,-0.401898,41.4409
13.468,0.354774,0.430776,0.388724,0,0.0337128,0.433512,-0.3982,41.438
13.47,0.354774,0.430776,0.388724,0,0.0342189,0.432642,-0.394397,41.4351
13.472,0.354774,0.430776,0.388724,0,0.0347021,0.431724,-0.39049,41.4323
13.474,0.354774,0.430776,0.388724,0,0.0351596,0.430812,-0.386498,41.4296
13.476,0.354774,0.430776,0.388724,0,0.035606,0.429979,-0.382444,41.4269
13.478,0.354774,0.430776,0.388724,0,0.0360326,0.429238,-0.378336,41.4241
13.48,0.354774,0.430776,0.388724,0,0.036433,0.428586,-0.374181,41.4213
13.482,0.105648,0.352068,-0.482076,0,0.0368027,0.428025,-0.369986,41.4185
13.484,0.105648,0.352068,-0.482076,0,0.0372329,0.427716,-0.366062,41.4163
13.486,0.105648,0.352068,-0.482076,0,0.0377187,0.427788,-0.362793,41.4153
13.488,0.105648,0.352068,-0.482076,0,0.0382045,0.428098,-0.360074,41.4155
13.49,0.105648,0.352068,-0.482076,0,0.0386773,0.428589,-0.357859,41.4166
13.492,0.105648,0.352068,-0.482076,0,0.0391307,0.429163,-0.35606,41.4184
13.494,0.105648,0.352068,-0.482076,0,0.0395592,0.429741,-0.354601,41.4209
13.496,0.105648,0.352068,-0.482076,0,0.0399586,0.430271,-0.353421,41.4241
13.498,0.105648,0.352068,-0.482076,0,0.0403258,0.430717,-0.352472,41.4277
13.5,0.105648,0.352068,-0.482076,0,0.0406608,0.431079,-0.351724,41.4319
13.502,-0.0169693,0.480395,-1.20929,0,0.0409642,0.431358,-0.351155,41.4365
13.504,-0.0169693,0.480395,-1.20929,0,0.0412992,0.432102,-0.351354,41.4424
13.506,-0.0169693,0.480395,-1.20929,0,0.0417035,0.433727,-0.352801,41.4501
13.508,-0.0169693,0.480395,-1.20929,0,0.0421313,0.435996,-0.355269,41.4593
13.51,-0.0169693,0.480395,-1.20929,0,0.0425405,0.438724,-0.358729,41.4695
13.512,-0.0169693,0.480395,-1.20929,0,0.0429007,0.441773,-0.363083,41.4803
13.514,-0.0169693,0.480395,-1.20929,0,0.043198,0.445035,-0.368166,41.4917
13.516,-0.0169693,0.480395,-1.20929,0,0.0434324,0.448422,-0.373849,41.5036
13.518,-0.0169693,0.480395,-1.20929,0,0.0436069,0.45188,-0.379833,41.5163
13.52,-0.0169693,0.480395,-1.20929,0,0.04372,0.455372,-0.385982,41.53
13.522,-0.00412537,0.535115,-1.50448,0,0.0437698,0.458863,-0.392351,41.5444
13.524,-0.00412537,0.535115,-1.50448,0,0.0438213,0.462677,-0.399424,41.5591
13.526,-0.00412537,0.535115,-1.50448,0,0.0439244,0.467054,-0.407438,41.5738
13.528,-0.00412537,0.535115,-1.50448,0,0.0440396,0.47181,-0.416195,41.5887
13.53,-0.00412537,0.535115,-1.50448,0,0.0441415,0.476804,-0.42554,41.6037
13.532,-0.00412537,0.535115,-1.50448,0,0.0442223,0.481932,-0.435348,41.6187
13.534,-0.00412537,0.535115,-1.50448,0,0.0442728,0.487112,-0.445521,41.6337
13.536,-0.00412537,0.535115,-1.50448,0,0.0442796,0.492283,-0.455975,41.6488
13.538,-0.00412537,0.535115,-1.50448,0,0.0442355,0.497401,-0.466644,41.6637
13.54,-0.00412537,0.535115,-1.50448,0,0.0441428,0.502435,-0.477478,41.6787
13.542,-0.0191362,0.460773,-1.34899,0,0.0440014,0.507361,-0.488434,41.6936
13.544,-0.0191362,0.460773,-1.34899,0,0.0437964,0.512066,-0.499329,41.7084
13.546,-0.0191362,0.460773,-1.34899,0,0.0435206,0.516458,-0.510015,41.723
13.548,-0.0191362,0.460773,-1.34899,0,0.0431859,0.520563,-0.520514,41.7374
13.55,-0.0191362,0.460773,-1.34899,0,0.0428019,0.5244,-0.530843,41.7517
13.552,-0.0191362,0.460773,-1.34899,0,0.0423762,0.527985,-0.541015,41.7659
13.554,-0.0191362,0.460773,-1.34899,0,0.0419148,0.531329,-0.551043,41.7799
13.556,-0.0191362,0.460773,-1.34899,0,0.0414227,0.534438,-0.560934,41.7938
13.558,-0.0191362,0.460773,-1.34899,0,0.0409029,0.537322,-0.570696,41.8076
13.56,-0.0191362,0.460773,-1.34899,0,0.0403556,0.539996,-0.580335,41.8213
13.562,0.00737857,0.421138,-1.14664,0,0.0397795,0.542474,-0.589855,41.8349
13.564,0.00737857,0.421138,-1.14664,0,0.0391628,0.5446,-0.599076,41.8484
13.566,0.00737857,0.421138,-1.14664,0,0.0385023,0.546262,-0.607852,41.8617
13.568,0.00737857,0.421138,-1.14664,0,0.0378114,0.547542,-0.616245,41.8749
13.57,0.00737857,0.421138,-1.14664,0,0.0371,0.548507,-0.624304,41.888
13.572,0.00737857,0.421138,-1.14664,0,0.0363755,0.549212,-0.63207,41.901
13.574,0.00737857,0.421138,-1.14664,0,0.0356401,0.549698,-0.639577,41.9139
13.576,0.00737857,0.421138,-1.14664,0,0.0348904,0.54999,-0.646848,41.9267
13.578,0.00737857,0.421138,-1.14664,0,0.0341253,0.550093,-0.653905,41.9395
13.58,0.00737857,0.421138,-1.14664,0,0.0333507,0.550031,-0.660768,41.9522
13.582,0.0632421,0.426293,-0.915509,0,0.0325719,0.549826,-0.667456,41.9649
13.584,0.0632421,0.426293,-0.915509,0,0.0317918,0.54932,-0.673784,41.9774
13.586,0.0632421,0.426293,-0.915509,0,0.031018,0.548395,-0.679599,41.9899
13.588,0.0632421,0.426293,-0.915509,0,0.0302621,0.547136,-0.68497,42.0022
13.59,0.0632421,0.426293,-0.915509,0,0.029532,0.545617,-0.689956,42.0144
13.592,0.0632421,0.426293,-0.915509,0,0.0288269,0.543899,-0.694602,42.0266
13.594,0.0632421,0.426293,-0.915509,0,0.0281417,0.542028,-0.698947,42.0386
13.596,0.0632421,0.426293,-0.915509,0,0.0274771,0.540043,-0.703024,42.0506
13.598,0.0632421,0.426293,-0.915509,0,0.0268356,0.537976,-0.706863,42.0626
13.6,0.0632421,0.426293,-0.915509,0,0.0262187,0.535853,-0.710489,42.0745
13.602,0.104569,0.439,-0.616551,0,0.0256267,0.533694,-0.713922,42.0864
13.604,0.104569,0.439,-0.616551,0,0.0250498,0.531316,-0.716942,42.0982
13.606,0.104569,0.439,-0.616551,0,0.0244871,0.528577,-0.71937,42.1098
13.608,0.104569,0.439,-0.616551,0,0.0239497,0.525569,-0.721292,42.1212
13.61,0.104569,0.439,-0.616551,0,0.0234473,0.522366,-0.722776,42.1325
13.612,0.104569,0.439,-0.616551,0,0.0229889,0.519029,-0.723879,42.1438
13.614,0.104569,0.439,-0.616551,0,0.0225803,0.515608,-0.724649,42.1549
13.616,0.104569,0.439,-0.616551,0,0.0222247,0.51214,-0.725127,42.166
13.618,0.104569,0.439,-0.616551,0,0.0219233,0.508657,-0.725349,42.177
13.62,0.104569,0.439,-0.616551,0,0.0216752,0.505183,-0.725345,42.1879
13.622,0.116585,0.503325,-0.331265,0,0.0214736,0.501738,-0.725139,42.1988
13.624,0.116585,0.503325,-0.331265,0,0.0212999,0.498189,-0.724543,42.2096
13.626,0.116585,0.503325,-0.331265,0,0.0211481,0.494444,-0.723396,42.2201
13.628,0.116585,0.503325,-0.331265,0,0.0210238,0.490579,-0.721773,42.2305
13.63,0.116585,0.503325,-0.331265,0,0.0209234,0.486655,-0.719734,42.2407
13.632,0.116585,0.503325,-0.331265,0,0.0208454,0.482721,-0.717334,42.2507
13.634,0.116585,0.503325,-0.331265,0,0.0207938,0.478814,-0.714619,42.2607
13.636,0.116585,0.503325,-0.331265,0,0.0207715,0.474962,-0.711632,42.2705
13.638,0.116585,0.503325,-0.331265,0,0.0207813,0.47118,-0.708406,42.2802
13.64,0.116585,0.503325,-0.331265,0,0.0208275,0.467481,-0.704972,42.2899
13.642,0.113995,0.477223,-0.0997696,0,0.0209134,0.463875,-0.701358,42.2996
13.644,0.113995,0.477223,-0.0997696,0,0.0210308,0.460223,-0.697395,42.3091
13.646,0.113995,0.477223,-0.0997696,0,0.021177,0.456417,-0.692938,42.3183
13.648,0.113995,0.477223,-0.0997696,0,0.0213621,0.452524,-0.688058,42.3274
13.65,0.113995,0.477223,-0.0997696,0,0.0215927,0.448596,-0.682817,42.3364
13.652,0.113995,0.477223,-0.0997696,0,0.0218727,0.444674,-0.677266,42.3452
13.654,0.113995,0.477223,-0.0997696,0,0.0222041,0.44079,-0.671451,42.354
13.656,0.113995,0.477223,-0.0997696,0,0.022587,0.436968,-0.665411,42.3626
13.658,0.113995,0.477223,-0.0997696,0,0.0230205,0.433227,-0.659181,42.3712
13.66,0.113995,0.477223,-0.0997696,0,0.0235027,0.429582,-0.652789,42.3797
13.662,0.0824476,0.359599,0.00512094,0,0.0240304,0.426037,-0.646262,42.3882
13.664,0.0824476,0.359599,0.00512094,0,0.0245731,0.422476,-0.639492,42.3966
13.666,0.0824476,0.359599,0.00512094,0,0.0251092,0.418804,-0.632391,42.4048
13.668,0.0824476,0.359599,0.00512094,0,0.0256743,0.415254,-0.625506,42.4129
13.67,0.0824476,0.359599,0.00512094,0,0.0262972,0.41217,-0.619739,42.4206
13.672,0.0824476,0.359599,0.00512094,0,0.0269368,0.409452,-0.614907,42.428
13.674,0.0824476,0.359599,0.00512094,0,0.0275649,0.407009,-0.61083,42.4351
13.676,0.0824476,0.359599,0.00512094,0,0.0281636,0.404773,-0.607353,42.4422
13.678,0.0824476,0.359599,0.00512094,0,0.0286996,0.402677,-0.604389,42.4492
13.68,0.0824476,0.359599,0.00512094,0,0.0291558,0.400674,-0.601847,42.4559
13.682,0.0439152,0.393118,-0.069546,0,0.029534,0.398732,-0.599645,42.4624
13.684,0.0439152,0.393118,-0.069546,0,0.029846,0.396901,-0.59774,42.4687
13.686,0.0439152,0.393118,-0.069546,0,0.0301016,0.395223,-0.596097,42.4748
13.688,0.0439152,0.393118,-0.069546,0,0.0303131,0.393671,-0.594637,42.481
13.69,0.0439152,0.393118,-0.069546,0,0.0304854,0.392216,-0.593306,42.4872
13.692,0.0439152,0.393118,-0.069546,0,0.0306246,0.390827,-0.592075,42.4934
13.694,0.0439152,0.393118,-0.069546,0,0.0307327,0.389482,-0.590919,42.4995
13.696,0.0439152,0.393118,-0.069546,0,0.0308083,0.388163,-0.589815,42.5057
13.698,0.0439152,0.393118,-0.069546,0,0.0308515,0.386858,-0.588745,42.5118
13.7,0.0439152,0.393118,-0.069546,0,0.0308661,0.385559,-0.587698,42.5178
13.702,0.013298,0.403837,-0.14439,0,0.0308569,0.384261,-0.586663,42.5237
13.704,0.013298,0.403837,-0.14439,0,0.0308266,0.383031,-0.585658,42.5295
13.706,0.013298,0.403837,-0.14439,0,0.0307761,0.381923,-0.584693,42.5352
13.708,0.013298,0.403837,-0.14439,0,0.030706,0.380908,-0.583758,42.5408
13.71,0.013298,0.403837,-0.14439,0,0.0306175,0.379964,-0.582843,42.5462
13.712,0.013298,0.403837,-0.14439,0,0.0305116,0.379075,-0.581939,42.5516
13.714,0.013298,0.403837,-0.14439,0,0.0303898,0.378225,-0.581041,42.5569
13.716,0.013298,0.403837,-0.14439,0,0.0302536,0.377406,-0.580145,42.5622
13.718,0.013298,0.403837,-0.14439,0,0.0301043,0.376609,-0.579247,42.5673
13.72,0.013298,0.403837,-0.14439,0,0.0299433,0.375826,-0.578345,42.5724
13.722,-0.00649587,0.375737,-0.205158,0,0.029773,0.375049,-0.577436,42.5774
13.724,-0.00649587,0.375737,-0.205158,0,0.0295842,0.3743,-0.576528,42.5824
13.726,-0.00649587,0.375737,-0.205158,0,0.0293692,0.373595,-0.575628,42.5873
13.728,-0.00649587,0.375737,-0.205158,0,0.0291336,0.372919,-0.574734,42.5922
13.73,-0.00649587,0.375737,-0.205158,0,0.0288822,0.372261,-0.573844,42.5972
13.732,-0.00649587,0.375737,-0.205158,0,0.0286188,0.371625,-0.572975,42.602
13.734,-0.00649587,0.375737,-0.205158,0,0.0283452,0.37103,-0.572161,42.6069
13.736,-0.00649587,0.375737,-0.205158,0,0.028064,0.370463,-0.571393,42.6116
13.738,-0.00649587,0.375737,-0.205158,0,0.0277768,0.369915,-0.570664,42.6163
13.74,-0.00649587,0.375737,-0.205158,0,0.0274854,0.369379,-0.569966,42.621
13.742,-0.0147671,0.342287,-0.247829,0,0.0271911,0.368849,-0.569293,42.6256
13.744,-0.0147671,0.342287,-0.247829,0,0.0268824,0.368335,-0.568647,42.6303
13.746,-0.0147671,0.342287,-0.247829,0,0.0265494,0.367847,-0.568026,42.6349
13.748,-0.0147671,0.342287,-0.247829,0,0.0261964,0.367374,-0.567428,42.6395
13.75,-0.0147671,0.342287,-0.247829,0,0.0258273,0.366909,-0.566849,42.6442
13.752,-0.0147671,0.342287,-0.247829,0,0.0254456,0.366444,-0.566288,42.6488
13.754,-0.0147671,0.342287,-0.247829,0,0.0250544,0.365974,-0.565741,42.6535
13.756,-0.0147671,0.342287,-0.247829,0,0.0246564,0.365496,-0.565209,42.6582
13.758,-0.0147671,0.342287,-0.247829,0,0.0242539,0.365006,-0.564691,42.6629
13.76,-0.0147671,0.342287,-0.247829,0,0.023849,0.364503,-0.564185,42.6677
13.762,-0.0118756,0.333517,-0.279873,0,0.0234435,0.363985,-0.563691,42.6725
13.764,-0.0118756,0.333517,-0.279873,0,0.0230382,0.363464,-0.563213,42.6773
13.766,-0.0118756,0.333517,-0.279873,0,0.0226335,0.362951,-0.562756,42.6821
13.768,-0.0118756,0.333517,-0.279873,0,0.0222307,0.362442,-0.562318,42.687
13.77,-0.0118756,0.333517,-0.279873,0,0.0218308,0.361933,-0.561898,42.6919
13.772,-0.0118756,0.333517,-0.279873,0,0.0214344,0.361421,-0.561494,42.6968
13.774,-0.0118756,0.333517,-0.279873,0,0.0210437,0.360899,-0.561104,42.7018
13.776,-0.0118756,0.333517,-0.279873,0,0.0206627,0.360363,-0.560725,42.7068
13.778,-0.0118756,0.333517,-0.279873,0,0.0202947,0.359823,-0.560377,42.7118
13.78,-0.0118756,0.333517,-0.279873,0,0.0199391,0.359306,-0.560095,42.7168
13.782,-0.0100188,0.328285,-0.300038,0,0.019594,0.358799,-0.559866,42.7218
13.784,-0.0100188,0.328285,-0.300038,0,0.0192541,0.358316,-0.559682,42.7267
13.786,-0.0100188,0.328285,-0.300038,0,0.0189156,0.357867,-0.559538,42.7316
13.788,-0.0100188,0.328285,-0.300038,0,0.0185787,0.357441,-0.559424,42.7365
13.79,-0.0100188,0.328285,-0.300038,0,0.018244,0.357029,-0.559336,42.7413
13.792,-0.0100188,0.328285,-0.300038,0,0.0179118,0.356625,-0.559269,42.7461
13.794,-0.0100188,0.328285,-0.300038,0,0.0175827,0.356223,-0.559217,42.7509
13.796,-0.0100188,0.328285,-0.300038,0,0.017257,0.355819,-0.559179,42.7557
13.798,-0.0100188,0.328285,-0.300038,0,0.0169353,0.35541,-0.559151,42.7605
13.8,-0.0100188,0.328285,-0.300038,0,0.0166181,0.354994,-0.55913,42.7653
13.802,-0.0065805,0.338299,-0.313515,0,0.0163061,0.35457,-0.559116,42.77
13.804,-0.0065805,0.338299,-0.313515,0,0.016002,0.354161,-0.559112,42.7747
13.806,-0.0065805,0.338299,-0.313515,0,0.015708,0.353788,-0.559119,42.7795
13.808,-0.0065805,0.338299,-0.313515,0,0.0154238,0.353442,-0.559136,42.7842
13.81,-0.0065805,0.338299,-0.313515,0,0.015149,0.353116,-0.559159,42.7889
13.812,-0.0065805,0.338299,-0.313515,0,0.0148833,0.352803,-0.559186,42.7936
13.814,-0.0065805,0.338299,-0.313515,0,0.0146267,0.352499,-0.559216,42.7983
13.816,-0.0065805,0.338299,-0.313515,0,0.0143788,0.3522,-0.559248,42.803
13.818,-0.0065805,0.338299,-0.313515,0,0.0141395,0.351904,-0.55928,42.8077
13.82,-0.0065805,0.338299,-0.313515,0,0.0139088,0.351607,-0.559312,42.8124
13.822,-0.00693701,0.341343,-0.317964,0,0.0136864,0.351308,-0.559344,42.8172
13.824,-0.00693701,0.341343,-0.317964,0,0.0134727,0.351019,-0.559374,42.822
13.826,-0.00693701,0.341343,-0.317964,0,0.0132671,0.350772,-0.559443,42.8267
13.828,-0.00693701,0.341343,-0.317964,0,0.0130681,0.350571,-0.559563,42.8314
13.83,-0.00693701,0.341343,-0.317964,0,0.0128738,0.350407,-0.559725,42.8361
13.832,-0.00693701,0.341343,-0.317964,0,0.0126828,0.350272,-0.559921,42.8407
13.834,-0.00693701,0.341343,-0.317964,0,0.0124944,0.350162,-0.560144,42.8453
13.836,-0.00693701,0.341343,-0.317964,0,0.0123078,0.350071,-0.560389,42.8498
13.838,-0.00693701,0.341343,-0.317964,0,0.0121226,0.349994,-0.560651,42.8544
13.84,-0.00693701,0.341343,-0.317964,0,0.0119385,0.349928,-0.560923,42.8589
13.842,-0.00607793,0.358119,-0.323464,0,0.0117553,0.349869,-0.561203,42.8634
13.844,-0.00607793,0.358119,-0.323464,0,0.0115781,0.349818,-0.561488,42.8679
13.846,-0.00607793,0.358119,-0.323464,0,0.0114116,0.349777,-0.561777,42.8723
13.848,-0.00607793,0.358119,-0.323464,0,0.0112544,0.349742,-0.562066,42.8768
13.85,-0.00607793,0.358119,-0.323464,0,0.0111055,0.349714,-0.562354,42.8813
13.852,-0.00607793,0.358119,-0.323464,0,0.0109642,0.349691,-0.562637,42.8857
13.854,-0.00607793,0.358119,-0.323464,0,0.0108297,0.349671,-0.562915,42.8902
13.856,-0.00607793,0.358119,-0.323464,0,0.0107015,0.349655,-0.563186,42.8946
13.858,-0.00607793,0.358119,-0.323464,0,0.0105793,0.349641,-0.56345,42.8991
13.86,-0.00607793,0.358119,-0.323464,0,0.0104625,0.349629,-0.563704,42.9035
13.862,-0.00520007,0.365956,-0.321741,0,0.0103508,0.349618,-0.563949,42.908
13.864,-0.00520007,0.365956,-0.321741,0,0.0102441,0.349607,-0.564182,42.9125
13.866,-0.00520007,0.365956,-0.321741,0,0.0101423,0.349595,-0.564401,42.917
13.868,-0.00520007,0.365956,-0.321741,0,0.0100444,0.349579,-0.564604,42.9215
13.87,-0.00520007,0.365956,-0.321741,0,0.00994951,0.349555,-0.564789,42.926
13.872,-0.00520007,0.365956,-0.321741,0,0.00985741,0.349521,-0.564958,42.9306
13.874,-0.00520007,0.365956,-0.321741,0,0.00976794,0.349485,-0.565126,42.9351
13.876,-0.00520007,0.365956,-0.321741,0,0.00967988,0.349456,-0.565325,42.9396
13.878,-0.00520007,0.365956,-0.321741,0,0.00959261,0.349434,-0.565548,42.9441
13.88,-0.00520007,0.365956,-0.321741,0,0.00950568,0.349416,-0.565791,42.9486
13.882,-0.00828654,0.359635,-0.314146,0,0.00941875,0.349402,-0.566048,42.953
13.884,-0.00828654,0.359635,-0.314146,0,0.0093314,0.34939,-0.566313,42.9574
13.886,-0.00828654,0.359635,-0.314146,0,0.00924336,0.34938,-0.566581,42.9619
13.888,-0.00828654,0.359635,-0.314146,0,0.00915457,0.349371,-0.566848,42.9663
13.89,-0.00828654,0.359635,-0.314146,0,0.00906498,0.349362,-0.567111,42.9707
13.892,-0.00828654,0.359635,-0.314146,0,0.00897456,0.349354,-0.567368,42.975
13.894,-0.00828654,0.359635,-0.314146,0,0.00888328,0.349346,-0.567616,42.9794
13.896,-0.00828654,0.359635,-0.314146,0,0.00879116,0.349337,-0.567854,42.9838
13.898,-0.00828654,0.359635,-0.314146,0,0.00869818,0.349329,-0.56808,42.9882
13.9,-0.00828654,0.359635,-0.314146,0,0.00860435,0.34932,-0.568293,42.9926
13.902,-0.00542247,0.365904,-0.30808,0,0.00850969,0.349311,-0.568491,42.997
13.904,-0.00542247,0.365904,-0.30808,0,0.00841688,0.3493,-0.568673,43.0015
13.906,-0.00542247,0.365904,-0.30808,0,0.00832759,0.349285,-0.56884,43.0059
13.908,-0.00542247,0.365904,-0.30808,0,0.00824048,0.349267,-0.568991,43.0104
13.91,-0.00542247,0.365904,-0.30808,0,0.00815451,0.349249,-0.569125,43.0149
13.912,-0.00542247,0.365904,-0.30808,0,0.00806884,0.34923,-0.569244,43.0194
13.914,-0.00542247,0.365904,-0.30808,0,0.00798282,0.349211,-0.569347,43.024
13.916,-0.00542247,0.365904,-0.30808,0,0.00789619,0.349193,-0.569434,43.0286
13.918,-0.00542247,0.365904,-0.30808,0,0.00780999,0.349176,-0.569507,43.0333
13.92,-0.00542247,0.365904,-0.30808,0,0.00772574,0.34916,-0.569567,43.038
13.922,-0.000623399,0.359616,-0.296788,0,0.0076447,0.349145,-0.569616,43.0427
13.924,-0.000623399,0.359616,-0.296788,0,0.00756889,0.349128,-0.569669,43.0475
13.926,-0.000623399,0.359616,-0.296788,0,0.00749551,0.349114,-0.569755,43.0523
13.928,-0.000623399,0.359616,-0.296788,0,0.0074215,0.349104,-0.569868,43.0571
13.93,-0.000623399,0.359616,-0.296788,0,0.00734445,0.349096,-0.570001,43.0619
13.932,-0.000623399,0.359616,-0.296788,0,0.0072662,0.34909,-0.570148,43.0667
13.934,-0.000623399,0.359616,-0.296788,0,0.00719219,0.349084,-0.570303,43.0715
13.936,-0.000623399,0.359616,-0.296788,0,0.00712289,0.349077,-0.57046,43.0764
13.938,-0.000623399,0.359616,-0.296788,0,0.00705858,0.349067,-0.570615,43.0812
13.94,-0.000623399,0.359616,-0.296788,0,0.00699864,0.349053,-0.570765,43.086
13.942,0.00365462,0.369233,-0.288629,0,0.00694172,0.349033,-0.570906,43.0909
13.944,0.00365462,0.369233,-0.288629,0,0.00689061,0.349001,-0.571037,43.0958
13.946,0.00365462,0.369233,-0.288629,0,0.00684817,0.348954,-0.571156,43.1007
13.948,0.00365462,0.369233,-0.288629,0,0.00681286,0.348891,-0.57126,43.1056
13.95,0.00365462,0.369233,-0.288629,0,0.00678346,0.348816,-0.571348,43.1105
13.952,0.00365462,0.369233,-0.288629,0,0.00675912,0.34873,-0.57142,43.1155
13.954,0.00365462,0.369233,-0.288629,0,0.00673921,0.348636,-0.571478,43.1205
13.956,0.00365462,0.369233,-0.288629,0,0.00672316,0.348538,-0.571522,43.1256
13.958,0.00365462,0.369233,-0.288629,0,0.00671035,0.348435,-0.571552,43.1307
13.96,0.00365462,0.369233,-0.288629,0,0.00670023,0.348327,-0.571566,43.1358
13.962,0.00505689,0.35851,-0.276205,0,0.00669233,0.348216,-0.571564,43.141
13.964,0.00505689,0.35851,-0.276205,0,0.00668601,0.348096,-0.571543,43.1462
13.966,0.00505689,0.35851,-0.276205,0,0.00668074,0.347962,-0.5715,43.1516
13.968,0.00505689,0.35851,-0.276205,0,0.00667604,0.347829,-0.571452,43.1569
13.97,0.00505689,0.35851,-0.276205,0,0.00667037,0.347721,-0.571437,43.1623
13.972,0.00505689,0.35851,-0.276205,0,0.00666208,0.347634,-0.571449,43.1677
13.974,0.00505689,0.35851,-0.276205,0,0.00664981,0.347564,-0.571482,43.1731
13.976,0.00505689,0.35851,-0.276205,0,0.00663263,0.347507,-0.571528,43.1785
13.978,0.00505689,0.35851,-0.276205,0,0.00660993,0.347461,-0.571583,43.184
13.98,0.00505689,0.35851,-0.276205,0,0.00658135,0.347424,-0.571641,43.1894
13.982,0.0134859,0.373501,-0.268927,0,0.00654957,0.347385,-0.571696,43.1949
13.984,0.0134859,0.373501,-0.268927,0,0.00651999,0.347338,-0.571747,43.2004
13.986,0.0134859,0.373501,-0.268927,0,0.00649587,0.347285,-0.57179,43.206
13.988,0.0134859,0.373501,-0.268927,0,0.0064766,0.347224,-0.571825,43.2116
13.99,0.0134859,0.373501,-0.268927,0,0.00646165,0.347156,-0.57185,43.2172
13.992,0.0134859,0.373501,-0.268927,0,0.00645041,0.34708,-0.571863,43.2228
13.994,0.0134859,0.373501,-0.268927,0,0.00644227,0.346995,-0.571862,43.2285
13.996,0.0134859,0.373501,-0.268927,0,0.00643679,0.3469,-0.571844,43.2343
13.998,0.0134859,0.373501,-0.268927,0,0.00643399,0.346794,-0.571808,43.2401
14,0.0134859,0.373501,-0.268927,0,0.00643412,0.346679,-0.571753,43.2459
14.002,0.0127893,0.352674,-0.256853,0,0.00643734,0.346555,-0.571678,43.2518
14.004,0.0127893,0.352674,-0.256853,0,0.00644189,0.346406,-0.571579,43.2577
14.006,0.0127893,0.352674,-0.256853,0,0.00644606,0.346221,-0.571451,43.2638
14.008,0.0127893,0.352674,-0.256853,0,0.00644997,0.346004,-0.571296,43.2699
14.01,0.0127893,0.352674,-0.256853,0,0.00645327,0.345798,-0.571163,43.2761
14.012,0.0127893,0.352674,-0.256853,0,0.0064557,0.345619,-0.571071,43.2823
14.014,0.0127893,0.352674,-0.256853,0,0.00645718,0.34546,-0.571011,43.2885
14.016,0.0127893,0.352674,-0.256853,0,0.00645767,0.345317,-0.570973,43.2947
14.018,0.0127893,0.352674,-0.256853,0,0.00645717,0.345187,-0.570951,43.301
14.02,0.0127893,0.352674,-0.256853,0,0.00645546,0.345066,-0.570938,43.3073
14.022,0.0195026,0.360662,-0.257243,0,0.00645264,0.344953,-0.570929,43.3136
14.024,0.0195026,0.360662,-0.257243,0,0.00645017,0.344829,-0.57092,43.3199
14.026,0.0195026,0.360662,-0.257243,0,0.00644907,0.344682,-0.570909,43.3264
14.028,0.0195026,0.360662,-0.257243,0,0.00644941,0.344511,-0.57089,43.3328
14.03,0.0195026,0.360662,-0.257243,0,0.00644939,0.344283,-0.570861,43.3394
14.032,0.0195026,0.360662,-0.257243,0,0.0064474,0.343975,-0.570818,43.346
14.034,0.0195026,0.360662,-0.257243,0,0.00644281,0.343573,-0.570757,43.3527
14.036,0.0195026,0.360662,-0.257243,0,0.00643552,0.343071,-0.570675,43.3594
14.038,0.0195026,0.360662,-0.257243,0,0.00642561,0.342468,-0.57057,43.3662
14.04,0.0195026,0.360662,-0.257243,0,0.00641332,0.341766,-0.57044,43.373
14.042,-0.0208909,0.276587,-0.251675,0,0.00639907,0.340969,-0.570287,43.3799
14.044,-0.0208909,0.276587,-0.251675,0,0.00636132,0.340109,-0.570133,43.3868
14.046,-0.0208909,0.276587,-0.251675,0,0.00627974,0.339232,-0.570021,43.3938
14.048,-0.0208909,0.276587,-0.251675,0,0.00615977,0.338328,-0.569942,43.4009
14.05,-0.0208909,0.276587,-0.251675,0,0.00600621,0.337392,-0.56989,43.408
14.052,-0.0208909,0.276587,-0.251675,0,0.00582349,0.33642,-0.569855,43.4151
14.054,-0.0208909,0.276587,-0.251675,0,0.00561562,0.335411,-0.569832,43.4224
14.056,-0.0208909,0.276587,-0.251675,0,0.00538673,0.334364,-0.569817,43.4296
14.058,-0.0208909,0.276587,-0.251675,0,0.00514142,0.333281,-0.569805,43.4369
14.06,-0.0208909,0.276587,-0.251675,0,0.00488396,0.332166,-0.569796,43.4443
14.062,-0.0448539,0.336691,-0.226855,0,0.00461817,0.331022,-0.569787,43.4517
14.064,-0.0448539,0.336691,-0.226855,0,0.00433823,0.329917,-0.56978,43.4592
14.066,-0.0448539,0.336691,-0.226855,0,0.00403959,0.32891,-0.569775,43.4667
14.068,-0.0448539,0.336691,-0.226855,0,0.00372813,0.32798,-0.569769,43.4742
14.07,-0.0448539,0.336691,-0.226855,0,0.00340773,0.327112,-0.569758,43.4817
14.072,-0.0448539,0.336691,-0.226855,0,0.00308061,0.326289,-0.569739,43.4893
14.074,-0.0448539,0.336691,-0.226855,0,0.00274878,0.3255,-0.569707,43.497
14.076,-0.0448539,0.336691,-0.226855,0,0.00241407,0.324736,-0.56966,43.5047
14.078,-0.0448539,0.336691,-0.226855,0,0.0020746,0.324026,-0.56965,43.5124
14.08,-0.0448539,0.336691,-0.226855,0,0.00172871,0.323377,-0.569696,43.5201
14.082,-0.0494806,0.363093,-0.179499,0,0.00137577,0.322772,-0.569783,43.5278
14.084,-0.0494806,0.363093,-0.179499,0,0.00101563,0.322236,-0.569896,43.5355
14.086,-0.0494806,0.363093,-0.179499,0,0.000648533,0.321789,-0.570019,43.5431
14.088,-0.0494806,0.363093,-0.179499,0,0.000275083,0.321409,-0.570143,43.5508
14.09,-0.0494806,0.363093,-0.179499,0,-0.000103917,0.321079,-0.570258,43.5585
14.092,-0.0494806,0.363093,-0.179499,0,-0.000487508,0.320786,-0.57036,43.5662
14.094,-0.0494806,0.363093,-0.179499,0,-0.000872914,0.32052,-0.570443,43.5739
14.096,-0.0494806,0.363093,-0.179499,0,-0.00125588,0.320274,-0.570509,43.5816
14.098,-0.0494806,0.363093,-0.179499,0,-0.00163445,0.320042,-0.570555,43.5894
14.1,-0.0494806,0.363093,-0.179499,0,-0.00200822,0.319816,-0.570577,43.5972
14.102,-0.0211353,0.38783,-0.0944546,0,-0.00237674,0.319591,-0.570573,43.605
14.104,-0.0211353,0.38783,-0.0944546,0,-0.00272941,0.319391,-0.570522,43.6129
14.106,-0.0211353,0.38783,-0.0944546,0,-0.00305687,0.319238,-0.570406,43.6208
14.108,-0.0211353,0.38783,-0.0944546,0,-0.00336036,0.319144,-0.570255,43.6288
14.11,-0.0211353,0.38783,-0.0944546,0,-0.00364181,0.319141,-0.570125,43.6367
14.112,-0.0211353,0.38783,-0.0944546,0,-0.0039054,0.319209,-0.570002,43.6446
14.114,-0.0211353,0.38783,-0.0944546,0,-0.00415454,0.319327,-0.569876,43.6525
14.116,-0.0211353,0.38783,-0.0944546,0,-0.00439179,0.319482,-0.569735,43.6603
14.118,-0.0211353,0.38783,-0.0944546,0,-0.00461903,0.319661,-0.569569,43.6682
14.12,-0.0211353,0.38783,-0.0944546,0,-0.00483756,0.319853,-0.569373,43.6761
14.122,0.0351197,0.418475,-0.000204917,0,-0.00504825,0.320052,-0.569138,43.684
14.124,0.0351197,0.418475,-0.000204917,0,-0.00523825,0.320281,-0.568843,43.6919
14.126,0.0351197,0.418475,-0.000204917,0,-0.00539637,0.320564,-0.568463,43.6998
14.128,0.0351197,0.418475,-0.000204917,0,-0.00552648,0.320888,-0.567997,43.7076
14.13,0.0351197,0.418475,-0.000204917,0,-0.00563277,0.321241,-0.567441,43.7155
14.132,0.0351197,0.418475,-0.000204917,0,-0.00571951,0.321615,-0.566793,43.7234
14.134,0.0351197,0.418475,-0.000204917,0,-0.00579016,0.322,-0.566051,43.7314
14.136,0.0351197,0.418475,-0.000204917,0,-0.00584752,0.322391,-0.565214,43.7393
14.138,0.0351197,0.418475,-0.000204917,0,-0.00589386,0.322808,-0.564316,43.7473
14.14,0.0351197,0.418475,-0.000204917,0,-0.0059312,0.323292,-0.563416,43.7553
14.142,0.128534,0.43746,0.0887502,0,-0.00596145,0.323826,-0.562503,43.7632
14.144,0.128534,0.43746,0.0887502,0,-0.0059759,0.324406,-0.561547,43.7711
14.146,0.128534,0.43746,0.0887502,0,-0.00596704,0.325034,-0.560523,43.7789
14.148,0.128534,0.43746,0.0887502,0,-0.00593873,0.325694,-0.559424,43.7867
14.15,0.128534,0.43746,0.0887502,0,-0.00589399,0.326376,-0.558244,43.7945
14.152,0.128534,0.43746,0.0887502,0,-0.00583519,0.327072,-0.556979,43.8022
14.154,0.128534,0.43746,0.0887502,0,-0.00576414,0.327772,-0.555625,43.81
14.156,0.128534,0.43746,0.0887502,0,-0.00568221,0.328473,-0.554181,43.8178
14.158,0.128534,0.43746,0.0887502,0,-0.00559042,0.329168,-0.552643,43.8256
14.16,0.128534,0.43746,0.0887502,0,-0.00548948,0.329854,-0.551012,43.8334
14.162,0.34388,0.521982,0.276465,0,-0.00537984,0.330527,-0.549286,43.8413
14.164,0.34388,0.521982,0.276465,0,-0.00525659,0.331227,-0.547472,43.8493
14.166,0.34388,0.521982,0.276465,0,-0.00511229,0.332012,-0.545612,43.8572
14.168,0.34388,0.521982,0.276465,0,-0.00494416,0.332909,-0.543764,43.8649
14.17,0.34388,0.521982,0.276465,0,-0.00475295,0.333883,-0.541909,43.8726
14.172,0.34388,0.521982,0.276465,0,-0.00453907,0.334907,-0.540033,43.8803
14.174,0.34388,0.521982,0.276465,0,-0.00430095,0.335962,-0.538122,43.8878
14.176,0.34388,0.521982,0.276465,0,-0.00403959,0.337033,-0.536168,43.8953
14.178,0.34388,0.521982,0.276465,0,-0.0037576,0.338102,-0.534162,43.9028
14.18,0.34388,0.521982,0.276465,0,-0.00345045,0.339177,-0.532101,43.9103
14.182,0.568351,0.700937,0.436181,0,-0.00312299,0.340268,-0.529984,43.9178
14.184,0.568351,0.700937,0.436181,0,-0.00282704,0.341447,-0.527873,43.9252
14.186,0.568351,0.700937,0.436181,0,-0.00259502,0.342747,-0.52582,43.9327
14.188,0.568351,0.700937,0.436181,0,-0.00240343,0.344112,-0.523806,43.9401
14.19,0.568351,0.700937,0.436181,0,-0.00223367,0.345499,-0.521815,43.9475
14.192,0.568351,0.700937,0.436181,0,-0.00206868,0.34688,-0.519836,43.9549
14.194,0.568351,0.700937,0.436181,0,-0.00190018,0.348255,-0.51789,43.9623
14.196,0.568351,0.700937,0.436181,0,-0.00169904,0.349837,-0.51601,43.9684
14.198,0.568351,0.700937,0.436181,0,-0.00144499,0.351649,-0.514172,43.973
14.2,0.568351,0.700937,0.436181,0,-0.0011362,0.353593,-0.512356,43.9762
14.202,0.534351,0.860921,0.45397,0,-0.000773115,0.355593,-0.510544,43.9782
14.204,0.534351,0.860921,0.45397,0,-0.000419668,0.357638,-0.508771,43.9794
14.206,0.534351,0.860921,0.45397,0,-0.000125221,0.359716,-0.507069,43.9798
14.208,0.534351,0.860921,0.45397,0,0.000131942,0.361767,-0.505424,43.9797
14.21,0.534351,0.860921,0.45397,0,0.000367737,0.36375,-0.503823,43.9791
14.212,0.534351,0.860921,0.45397,0,0.000591528,0.365646,-0.502255,43.9782
14.214,0.534351,0.860921,0.45397,0,0.000810973,0.367444,-0.500711,43.9769
14.216,0.534351,0.860921,0.45397,0,0.00103591,0.36913,-0.499179,43.9753
14.218,0.534351,0.860921,0.45397,0,0.0012761,0.370697,-0.49765,43.9735
14.22,0.534351,0.860921,0.45397,0,0.00153948,0.372144,-0.496112,43.9716
14.222,0.574598,0.960168,0.567845,0,0.00183275,0.373473,-0.494554,43.9694
14.224,0.574598,0.960168,0.567845,0,0.00212639,0.374761,-0.492988,43.967
14.226,0.574598,0.960168,0.567845,0,0.00239376,0.376066,-0.491423,43.9645
14.228,0.574598,0.960168,0.567845,0,0.00264412,0.377364,-0.489847,43.9618
14.23,0.574598,0.960168,0.567845,0,0.00288957,0.378638,-0.488254,43.959
14.232,0.574598,0.960168,0.567845,0,0.00314401,0.37988,-0.486644,43.9561
14.234,0.574598,0.960168,0.567845,0,0.0034174,0.38109,-0.485016,43.953
14.236,0.574598,0.960168,0.567845,0,0.00371969,0.382271,-0.483372,43.9499
14.238,0.574598,0.960168,0.567845,0,0.00405791,0.38343,-0.481715,43.9467
14.24,0.574598,0.960168,0.567845,0,0.00454153,0.384562,-0.479809,43.9433
14.242,0.546107,0.970723,0.634627,0,0.00514155,0.385696,-0.477719,43.9396
14.244,0.546107,0.970723,0.634627,0,0.00573931,0.386821,-0.475689,43.9358
14.246,0.546107,0.970723,0.634627,0,0.00633164,0.387909,-0.473698,43.9321
14.248,0.546107,0.970723,0.634627,0,0.00692708,0.388973,-0.471739,43.9283
14.25,0.546107,0.970723,0.634627,0,0.0075316,0.390025,-0.469804,43.9244
14.252,0.546107,0.970723,0.634627,0,0.0081489,0.391076,-0.467887,43.9206
14.254,0.546107,0.970723,0.634627,0,0.00877955,0.392135,-0.46598,43.9167
14.256,0.546107,0.970723,0.634627,0,0.00942136,0.39321,-0.464073,43.9127
14.258,0.546107,0.970723,0.634627,0,0.0100722,0.394308,-0.462159,43.9088
14.26,0.546107,0.970723,0.634627,0,0.0107195,0.395421,-0.460226,43.9048
14.262,0.502246,0.813224,0.590303,0,0.011345,0.396529,-0.458265,43.9011
14.264,0.502246,0.813224,0.590303,0,0.0119783,0.397508,-0.45625,43.8976
14.266,0.502246,0.813224,0.590303,0,0.0126392,0.398266,-0.454159,43.8945
14.268,0.502246,0.813224,0.590303,0,0.0133177,0.398871,-0.452013,43.8917
14.27,0.502246,0.813224,0.590303,0,0.0140045,0.399372,-0.449828,43.8892
14.272,0.502246,0.813224,0.590303,0,0.0146914,0.399815,-0.447617,43.887
14.274,0.502246,0.813224,0.590303,0,0.0153726,0.400242,-0.445392,43.8851
14.276,0.502246,0.813224,0.590303,0,0.0160726,0.40073,-0.443184,43.8834
14.278,0.502246,0.813224,0.590303,0,0.0168356,0.401375,-0.44103,43.8815
14.28,0.502246,0.813224,0.590303,0,0.01764,0.402165,-0.438914,43.8795
14.282,0.464725,0.484492,0.503564,0,0.0184685,0.403087,-0.436819,43.8774
14.284,0.464725,0.484492,0.503564,0,0.0193333,0.403831,-0.434619,43.8752
14.286,0.464725,0.484492,0.503564,0,0.0202443,0.404163,-0.432212,43.8728
14.288,0.464725,0.484492,0.503564,0,0.0211832,0.404202,-0.429621,43.8703
14.29,0.464725,0.484492,0.503564,0,0.0221316,0.404038,-0.426862,43.8678
14.292,0.464725,0.484492,0.503564,0,0.0230754,0.403744,-0.423946,43.8651
14.294,0.464725,0.484492,0.503564,0,0.0240036,0.403375,-0.420888,43.8623
14.296,0.464725,0.484492,0.503564,0,0.0249082,0.402973,-0.417699,43.8594
14.298,0.464725,0.484492,0.503564,0,0.0257833,0.402572,-0.414393,43.8564
14.3,0.464725,0.484492,0.503564,0,0.0266257,0.402197,-0.41098,43.8534
14.302,0.243381,0.326731,0.091269,0,0.0274382,0.401868,-0.407477,43.8503
14.304,0.243381,0.326731,0.091269,0,0.0283505,0.401473,-0.403687,43.8471
14.306,0.243381,0.326731,0.091269,0,0.0293949,0.400974,-0.399643,43.8439
14.308,0.243381,0.326731,0.091269,0,0.0305035,0.400289,-0.395138,43.8417
14.31,0.243381,0.326731,0.091269,0,0.0315956,0.399489,-0.390356,43.8404
14.312,0.243381,0.326731,0.091269,0,0.032578,0.398744,-0.385788,43.8394
14.314,0.243381,0.326731,0.091269,0,0.0334504,0.398059,-0.381402,43.8388
14.316,0.243381,0.326731,0.091269,0,0.0342126,0.397443,-0.377172,43.8386
14.318,0.243381,0.326731,0.091269,0,0.0348948,0.396963,-0.373107,43.8385
14.32,0.243381,0.326731,0.091269,0,0.0355432,0.396688,-0.369234,43.8382
14.322,0.00315666,0.328458,-0.77816,0,0.0361456,0.396498,-0.365496,43.8378
14.324,0.00315666,0.328458,-0.77816,0,0.0367509,0.39662,-0.36235,43.838
14.326,0.00315666,0.328458,-0.77816,0,0.037387,0.397233,-0.360186,43.8395
14.328,0.00315666,0.328458,-0.77816,0,0.0380234,0.398172,-0.358835,43.8423
14.33,0.00315666,0.328458,-0.77816,0,0.0386377,0.399308,-0.358158,43.8461
14.332,0.00315666,0.328458,-0.77816,0,0.0392131,0.400547,-0.358044,43.8509
14.334,0.00315666,0.328458,-0.77816,0,0.0397362,0.401817,-0.358402,43.8565
14.336,0.00315666,0.328458,-0.77816,0,0.0401974,0.40307,-0.359159,43.8629
14.338,0.00315666,0.328458,-0.77816,0,0.0405898,0.404274,-0.360253,43.8701
14.34,0.00315666,0.328458,-0.77816,0,0.0409125,0.405408,-0.361636,43.8779
14.342,-0.00927386,0.485457,-1.38462,0,0.0411749,0.406463,-0.363271,43.8863
14.344,-0.00927386,0.485457,-1.38462,0,0.0414684,0.408015,-0.365692,43.8958
14.346,-0.00927386,0.485457,-1.38462,0,0.0418481,0.410508,-0.369323,43.9069
14.348,-0.00927386,0.485457,-1.38462,0,0.0422592,0.413696,-0.373938,43.9194
14.35,-0.00927386,0.485457,-1.38462,0,0.04266,0.417388,-0.379355,43.9331
14.352,-0.00927386,0.485457,-1.38462,0,0.0430266,0.421442,-0.385427,43.9477
14.354,-0.00927386,0.485457,-1.38462,0,0.0433417,0.425745,-0.392182,43.9628
14.356,-0.00927386,0.485457,-1.38462,0,0.0435989,0.430199,-0.39957,43.9779
14.358,-0.00927386,0.485457,-1.38462,0,0.0437922,0.434721,-0.407473,43.9932
14.36,-0.00927386,0.485457,-1.38462,0,0.0439101,0.439247,-0.415793,44.0085
14.362,-0.00646997,0.467294,-1.54016,0,0.0439537,0.443734,-0.424449,44.0239
14.364,-0.00646997,0.467294,-1.54016,0,0.0439601,0.448354,-0.433574,44.0393
14.366,-0.00646997,0.467294,-1.54016,0,0.0439652,0.453235,-0.443266,44.0547
14.368,-0.00646997,0.467294,-1.54016,0,0.0439591,0.458262,-0.453405,44.0701
14.37,-0.00646997,0.467294,-1.54016,0,0.0439251,0.46335,-0.46389,44.0855
14.372,-0.00646997,0.467294,-1.54016,0,0.0438531,0.468432,-0.474641,44.1008
14.374,-0.00646997,0.467294,-1.54016,0,0.0437431,0.473463,-0.485597,44.116
14.376,-0.00646997,0.467294,-1.54016,0,0.0435934,0.478406,-0.496707,44.1312
14.378,-0.00646997,0.467294,-1.54016,0,0.043398,0.483236,-0.507927,44.1463
14.38,-0.00646997,0.467294,-1.54016,0,0.0431522,0.487933,-0.51922,44.1613
14.382,-6.86585e-05,0.399392,-1.38649,0,0.0428499,0.492477,-0.530559,44.1762
14.384,-6.86585e-05,0.399392,-1.38649,0,0.0424883,0.496743,-0.541777,44.1911
14.386,-6.86585e-05,0.399392,-1.38649,0,0.0420724,0.500637,-0.55274,44.2058
14.388,-6.86585e-05,0.399392,-1.38649,0,0.0416111,0.504197,-0.563475,44.2204
14.39,-6.86585e-05,0.399392,-1.38649,0,0.0411096,0.507454,-0.574006,44.2348
14.392,-6.86585e-05,0.399392,-1.38649,0,0.0405715,0.510435,-0.58435,44.2492
14.394,-6.86585e-05,0.399392,-1.38649,0,0.0400006,0.513157,-0.594522,44.2636
14.396,-6.86585e-05,0.399392,-1.38649,0,0.0394014,0.515628,-0.604534,44.2778
14.398,-6.86585e-05,0.399392,-1.38649,0,0.0387781,0.517867,-0.614398,44.292
14.4,-6.86585e-05,0.399392,-1.38649,0,0.0381332,0.519891,-0.624122,44.3061
14.402,0.0452616,0.39214,-1.16854,0,0.0374684,0.521718,-0.633715,44.3202
14.404,0.0452616,0.39214,-1.16854,0,0.036787,0.523222,-0.643002,44.3341
14.406,0.0452616,0.39214,-1.16854,0,0.0360972,0.52431,-0.651836,44.348
14.408,0.0452616,0.39214,-1.16854,0,0.0354084,0.525057,-0.660277,44.3618
14.41,0.0452616,0.39214,-1.16854,0,0.0347271,0.525525,-0.668372,44.3756
14.412,0.0452616,0.39214,-1.16854,0,0.0340557,0.525743,-0.67616,44.3893
14.414,0.0452616,0.39214,-1.16854,0,0.0333984,0.525739,-0.683672,44.4029
14.416,0.0452616,0.39214,-1.16854,0,0.0327598,0.525545,-0.690938,44.4165
14.418,0.0452616,0.39214,-1.16854,0,0.0321427,0.525189,-0.697981,44.4301
14.42,0.0452616,0.39214,-1.16854,0,0.0315481,0.524696,-0.704821,44.4436
14.422,0.108603,0.398583,-0.888654,0,0.0309715,0.524082,-0.711471,44.4572
14.424,0.108603,0.398583,-0.888654,0,0.030406,0.523172,-0.717713,44.4706
14.426,0.108603,0.398583,-0.888654,0,0.0298582,0.521826,-0.723361,44.484
14.428,0.108603,0.398583,-0.888654,0,0.0293367,0.520139,-0.728493,44.4972
14.43,0.108603,0.398583,-0.888654,0,0.0288404,0.518187,-0.733172,44.5104
14.432,0.108603,0.398583,-0.888654,0,0.0283702,0.516038,-0.737452,44.5236
14.434,0.108603,0.398583,-0.888654,0,0.0279315,0.513746,-0.741381,44.5367
14.436,0.108603,0.398583,-0.888654,0,0.0275275,0.511353,-0.744999,44.5497
14.438,0.108603,0.398583,-0.888654,0,0.0271599,0.508893,-0.748339,44.5628
14.44,0.108603,0.398583,-0.888654,0,0.0268292,0.506395,-0.751431,44.5758
14.442,0.152307,0.438118,-0.516985,0,0.026534,0.503871,-0.754299,44.5888
14.444,0.152307,0.438118,-0.516985,0,0.0262626,0.501119,-0.756687,44.6017
14.446,0.152307,0.438118,-0.516985,0,0.0260076,0.498004,-0.758376,44.6145
14.448,0.152307,0.438118,-0.516985,0,0.025779,0.494621,-0.759457,44.6271
14.45,0.152307,0.438118,-0.516985,0,0.0255883,0.491056,-0.760007,44.6395
14.452,0.152307,0.438118,-0.516985,0,0.0254338,0.487375,-0.760092,44.6519
14.454,0.152307,0.438118,-0.516985,0,0.025312,0.483631,-0.759768,44.6642
14.456,0.152307,0.438118,-0.516985,0,0.0252266,0.479867,-0.759084,44.6764
14.458,0.152307,0.438118,-0.516985,0,0.0251823,0.476116,-0.758084,44.6886
14.46,0.152307,0.438118,-0.516985,0,0.0251816,0.472406,-0.756805,44.7007
14.462,0.16055,0.534285,-0.173679,0,0.0252255,0.468756,-0.755281,44.7129
14.464,0.16055,0.534285,-0.173679,0,0.0252997,0.465039,-0.753296,44.7248
14.466,0.16055,0.534285,-0.173679,0,0.0253969,0.46116,-0.750666,44.7366
14.468,0.16055,0.534285,-0.173679,0,0.0255286,0.4572,-0.747474,44.7482
14.47,0.16055,0.534285,-0.173679,0,0.0257033,0.453213,-0.743794,44.7596
14.472,0.16055,0.534285,-0.173679,0,0.0259307,0.449243,-0.739686,44.7708
14.474,0.16055,0.534285,-0.173679,0,0.026217,0.445323,-0.735205,44.782
14.476,0.16055,0.534285,-0.173679,0,0.0265655,0.441481,-0.730397,44.7931
14.478,0.16055,0.534285,-0.173679,0,0.0269775,0.437737,-0.725303,44.8041
14.48,0.16055,0.534285,-0.173679,0,0.0274525,0.434105,-0.719961,44.815
14.482,0.137017,0.479231,0.0823972,0,0.0279885,0.430598,-0.714401,44.826
14.484,0.137017,0.479231,0.0823972,0,0.0285664,0.427052,-0.70843,44.8368
14.486,0.137017,0.479231,0.0823972,0,0.0291742,0.423338,-0.701883,44.8474
14.488,0.137017,0.479231,0.0823972,0,0.0298216,0.419532,-0.694843,44.8578
14.49,0.137017,0.479231,0.0823972,0,0.0305149,0.415693,-0.68738,44.868
14.492,0.137017,0.479231,0.0823972,0,0.0312569,0.411862,-0.679554,44.8782
14.494,0.137017,0.479231,0.0823972,0,0.032051,0.408069,-0.671418,44.8882
14.496,0.137017,0.479231,0.0823972,0,0.0329008,0.404336,-0.663018,44.8982
14.498,0.137017,0.479231,0.0823972,0,0.0338075,0.400681,-0.654395,44.9082
14.5,0.137017,0.479231,0.0823972,0,0.0347658,0.397321,-0.646157,44.9177
14.502,0.0541388,0.342483,0.106554,0,0.0357457,0.394582,-0.63933,44.9264
14.504,0.0541388,0.342483,0.106554,0,0.03668,0.392275,-0.633658,44.9344
14.506,0.0541388,0.342483,0.106554,0,0.0375108,0.390232,-0.628913,44.9418
14.508,0.0541388,0.342483,0.106554,0,0.0382234,0.388375,-0.624923,44.9487
14.51,0.0541388,0.342483,0.106554,0,0.0388134,0.386645,-0.621547,44.9552
14.512,0.0541388,0.342483,0.106554,0,0.0393064,0.385008,-0.61863,44.9615
14.514,0.0541388,0.342483,0.106554,0,0.0397092,0.383432,-0.616072,44.9677
14.516,0.0541388,0.342483,0.106554,0,0.0400217,0.381887,-0.61382,44.9737
14.518,0.0541388,0.342483,0.106554,0,0.0402416,0.380344,-0.611808,44.9794
14.52,0.0541388,0.342483,0.106554,0,0.0403774,0.378789,-0.609984,44.985
14.522,0.0396363,0.466558,-0.0258619,0,0.040434,0.377208,-0.608301,44.9903
14.524,0.0396363,0.466558,-0.0258619,0,0.0404496,0.375725,-0.606773,44.9954
14.526,0.0396363,0.466558,-0.0258619,0,0.0404618,0.374443,-0.60541,45.0002
14.528,0.0396363,0.466558,-0.0258619,0,0.0404693,0.373317,-0.604173,45.0048
14.53,0.0396363,0.466558,-0.0258619,0,0.0404684,0.372312,-0.603028,45.0091
14.532,0.0396363,0.466558,-0.0258619,0,0.0404557,0.3714,-0.601947,45.0133
14.534,0.0396363,0.466558,-0.0258619,0,0.0404287,0.37056,-0.600908,45.0172
14.536,0.0396363,0.466558,-0.0258619,0,0.0403859,0.369777,-0.599894,45.021
14.538,0.0396363,0.466558,-0.0258619,0,0.0403266,0.369039,-0.598889,45.0247
14.54,0.0396363,0.466558,-0.0258619,0,0.0402515,0.368331,-0.597883,45.0282
14.542,0.0181066,0.466201,-0.107981,0,0.0401638,0.367645,-0.596865,45.0316
14.544,0.0181066,0.466201,-0.107981,0,0.0400644,0.367027,-0.595853,45.0349
14.546,0.0181066,0.466201,-0.107981,0,0.0399541,0.366517,-0.594864,45.0381
14.548,0.0181066,0.466201,-0.107981,0,0.0398354,0.366088,-0.593888,45.0412
14.55,0.0181066,0.466201,-0.107981,0,0.0397106,0.365722,-0.592919,45.0443
14.552,0.0181066,0.466201,-0.107981,0,0.0395815,0.365402,-0.591952,45.0474
14.554,0.0181066,0.466201,-0.107981,0,0.0394494,0.365119,-0.590982,45.0505
14.556,0.0181066,0.466201,-0.107981,0,0.0393155,0.364863,-0.590007,45.0535
14.558,0.0181066,0.466201,-0.107981,0,0.0391808,0.364627,-0.589027,45.0566
14.56,0.0181066,0.466201,-0.107981,0,0.039046,0.364407,-0.58804,45.0596
14.562,-0.00264313,0.426134,-0.164759,0,0.0389116,0.364199,-0.587047,45.0627
14.564,-0.00264313,0.426134,-0.164759,0,0.0387708,0.364015,-0.586057,45.0657
14.566,-0.00264313,0.426134,-0.164759,0,0.0386177,0.363863,-0.585079,45.0689
14.568,-0.00264313,0.426134,-0.164759,0,0.0384547,0.363734,-0.584111,45.0721
14.57,-0.00264313,0.426134,-0.164759,0,0.0382838,0.363623,-0.583153,45.0753
14.572,-0.00264313,0.426134,-0.164759,0,0.0381077,0.363525,-0.582205,45.0786
14.574,-0.00264313,0.426134,-0.164759,0,0.0379297,0.363434,-0.581266,45.082
14.576,-0.00264313,0.426134,-0.164759,0,0.0377526,0.363348,-0.580336,45.0854
14.578,-0.00264313,0.426134,-0.164759,0,0.0375784,0.363259,-0.579415,45.0889
14.58,-0.00264313,0.426134,-0.164759,0,0.0374086,0.363164,-0.578503,45.0925
14.582,-0.0214227,0.367036,-0.213993,0,0.0372445,0.363058,-0.577599,45.0961
14.584,-0.0214227,0.367036,-0.213993,0,0.0370689,0.362938,-0.576706,45.0999
14.586,-0.0214227,0.367036,-0.213993,0,0.0368669,0.362802,-0.575824,45.1037
14.588,-0.0214227,0.367036,-0.213993,0,0.0366437,0.362647,-0.574954,45.1077
14.59,-0.0214227,0.367036,-0.213993,0,0.0364037,0.362471,-0.574098,45.1117
14.592,-0.0214227,0.367036,-0.213993,0,0.0361505,0.362271,-0.573254,45.1159
14.594,-0.0214227,0.367036,-0.213993,0,0.0358875,0.362046,-0.572425,45.1201
14.596,-0.0214227,0.367036,-0.213993,0,0.0356176,0.361794,-0.57161,45.1245
14.598,-0.0214227,0.367036,-0.213993,0,0.0353435,0.361512,-0.570809,45.129
14.6,-0.0214227,0.367036,-0.213993,0,0.0350672,0.361198,-0.570023,45.1336
14.602,-0.0294535,0.330199,-0.249044,0,0.034791,0.36085,-0.56925,45.1383
14.604,-0.0294535,0.330199,-0.249044,0,0.0345053,0.360468,-0.56849,45.143
14.606,-0.0294535,0.330199,-0.249044,0,0.0342021,0.360053,-0.567743,45.1479
14.608,-0.0294535,0.330199,-0.249044,0,0.0338851,0.359607,-0.567009,45.1529
14.61,-0.0294535,0.330199,-0.249044,0,0.0335579,0.359147,-0.566309,45.158
14.612,-0.0294535,0.330199,-0.249044,0,0.0332229,0.3587,-0.56568,45.1631
14.614,-0.0294535,0.330199,-0.249044,0,0.032881,0.35826,-0.565114,45.1682
14.616,-0.0294535,0.330199,-0.249044,0,0.0325326,0.357819,-0.564604,45.1734
14.618,-0.0294535,0.330199,-0.249044,0,0.0321786,0.357371,-0.564142,45.1786
14.62,-0.0294535,0.330199,-0.249044,0,0.0318213,0.356907,-0.563723,45.1838
14.622,-0.0292711,0.323472,-0.273972,0,0.0314632,0.356425,-0.563341,45.1891
14.624,-0.0292711,0.323472,-0.273972,0,0.0311058,0.355941,-0.562992,45.1945
14.626,-0.0292711,0.323472,-0.273972,0,0.0307491,0.355472,-0.562675,45.1998
14.628,-0.0292711,0.323472,-0.273972,0,0.0303945,0.355007,-0.562385,45.2051
14.63,-0.0292711,0.323472,-0.273972,0,0.0300432,0.354541,-0.562117,45.2105
14.632,-0.0292711,0.323472,-0.273972,0,0.0296962,0.354069,-0.561869,45.2159
14.634,-0.0292711,0.323472,-0.273972,0,0.0293545,0.353586,-0.561638,45.2213
14.636,-0.0292711,0.323472,-0.273972,0,0.0290188,0.353091,-0.561421,45.2268
14.638,-0.0292711,0.323472,-0.273972,0,0.02869,0.35258,-0.561216,45.2323
14.64,-0.0292711,0.323472,-0.273972,0,0.0283686,0.352052,-0.561022,45.2378
14.642,-0.0282633,0.325116,-0.286625,0,0.0280551,0.351508,-0.560837,45.2433
14.644,-0.0282633,0.325116,-0.286625,0,0.0277468,0.350972,-0.560662,45.2488
14.646,-0.0282633,0.325116,-0.286625,0,0.0274414,0.350466,-0.560497,45.2544
14.648,-0.0282633,0.325116,-0.286625,0,0.0271398,0.349981,-0.560339,45.26
14.65,-0.0282633,0.325116,-0.286625,0,0.0268429,0.349509,-0.560188,45.2656
14.652,-0.0282633,0.325116,-0.286625,0,0.0265494,0.349061,-0.560061,45.2711
14.654,-0.0282633,0.325116,-0.286625,0,0.0262556,0.348657,-0.559992,45.2767
14.656,-0.0282633,0.325116,-0.286625,0,0.0259606,0.348287,-0.559972,45.2822
14.658,-0.0282633,0.325116,-0.286625,0,0.025664,0.34794,-0.559993,45.2877
14.66,-0.0282633,0.325116,-0.286625,0,0.0253654,0.347609,-0.560047,45.2931
14.662,-0.0252488,0.336164,-0.297032,0,0.0250648,0.347288,-0.560128,45.2985
14.664,-0.0252488,0.336164,-0.297032,0,0.0247649,0.346993,-0.560232,45.3039
14.666,-0.0252488,0.336164,-0.297032,0,0.024468,0.346738,-0.560357,45.3092
14.668,-0.0252488,0.336164,-0.297032,0,0.0241737,0.346514,-0.560495,45.3145
14.67,-0.0252488,0.336164,-0.297032,0,0.023882,0.346313,-0.560643,45.3197
14.672,-0.0252488,0.336164,-0.297032,0,0.0235929,0.346127,-0.560796,45.325
14.674,-0.0252488,0.336164,-0.297032,0,0.0233066,0.345952,-0.560951,45.3302
14.676,-0.0252488,0.336164,-0.297032,0,0.0230231,0.345783,-0.561106,45.3354
14.678,-0.0252488,0.336164,-0.297032,0,0.0227429,0.345618,-0.561257,45.3406
14.68,-0.0252488,0.336164,-0.297032,0,0.0224663,0.345453,-0.561404,45.3457
14.682,-0.023812,0.3442,-0.304803,0,0.0221935,0.345287,-0.561544,45.3509
14.684,-0.023812,0.3442,-0.304803,0,0.0219289,0.345129,-0.561678,45.3561
14.686,-0.023812,0.3442,-0.304803,0,0.0216764,0.344989,-0.561806,45.3612
14.688,-0.023812,0.3442,-0.304803,0,0.021435,0.344861,-0.561927,45.3663
14.69,-0.023812,0.3442,-0.304803,0,0.0212041,0.344743,-0.562038,45.3715
14.692,-0.023812,0.3442,-0.304803,0,0.0209831,0.344633,-0.562139,45.3766
14.694,-0.023812,0.3442,-0.304803,0,0.0207716,0.344526,-0.56223,45.3818
14.696,-0.023812,0.3442,-0.304803,0,0.0205683,0.34443,-0.562328,45.3869
14.698,-0.023812,0.3442,-0.304803,0,0.0203702,0.344353,-0.56247,45.3921
14.7,-0.023812,0.3442,-0.304803,0,0.0201758,0.344292,-0.562647,45.3971
14.702,-0.024288,0.349816,-0.309523,0,0.0199853,0.344242,-0.562852,45.4022
14.704,-0.024288,0.349816,-0.309523,0,0.0198018,0.344202,-0.563078,45.4071
14.706,-0.024288,0.349816,-0.309523,0,0.0196283,0.344169,-0.563319,45.4121
14.708,-0.024288,0.349816,-0.309523,0,0.0194641,0.344141,-0.56357,45.417
14.71,-0.024288,0.349816,-0.309523,0,0.0193086,0.344118,-0.563826,45.4219
14.712,-0.024288,0.349816,-0.309523,0,0.0191615,0.344097,-0.564082,45.4268
14.714,-0.024288,0.349816,-0.309523,0,0.0190222,0.344079,-0.564336,45.4316
14.716,-0.024288,0.349816,-0.309523,0,0.0188905,0.344061,-0.564585,45.4364
14.718,-0.024288,0.349816,-0.309523,0,0.0187659,0.344042,-0.564826,45.4412
14.72,-0.024288,0.349816,-0.309523,0,0.0186479,0.344019,-0.565057,45.446
14.722,-0.0260967,0.352169,-0.308367,0,0.0185362,0.343991,-0.565276,45.4507
14.724,-0.0260967,0.352169,-0.308367,0,0.0184308,0.343961,-0.565481,45.4555
14.726,-0.0260967,0.352169,-0.308367,0,0.0183316,0.34393,-0.565673,45.4602
14.728,-0.0260967,0.352169,-0.308367,0,0.0182384,0.343896,-0.565848,45.465
14.73,-0.0260967,0.352169,-0.308367,0,0.0181509,0.34386,-0.566008,45.4697
14.732,-0.0260967,0.352169,-0.308367,0,0.0180689,0.343821,-0.56615,45.4745
14.734,-0.0260967,0.352169,-0.308367,0,0.0179912,0.343778,-0.566275,45.4792
14.736,-0.0260967,0.352169,-0.308367,0,0.017917,0.34373,-0.566382,45.484
14.738,-0.0260967,0.352169,-0.308367,0,0.0178454,0.343678,-0.566471,45.4888
14.74,-0.0260967,0.352169,-0.308367,0,0.0177758,0.343622,-0.566544,45.4936
14.742,-0.0253122,0.348481,-0.301815,0,0.0177078,0.34357,-0.566619,45.4985
14.744,-0.0253122,0.348481,-0.301815,0,0.0176409,0.343528,-0.566727,45.5033
14.746,-0.0253122,0.348481,-0.301815,0,0.0175748,0.343494,-0.56686,45.5081
14.748,-0.0253122,0.348481,-0.301815,0,0.0175089,0.343466,-0.567012,45.5128
14.75,-0.0253122,0.348481,-0.301815,0,0.0174419,0.343443,-0.567179,45.5176
14.752,-0.0253122,0.348481,-0.301815,0,0.0173719,0.343424,-0.567355,45.5223
14.754,-0.0253122,0.348481,-0.301815,0,0.0172978,0.343408,-0.567537,45.527
14.756,-0.0253122,0.348481,-0.301815,0,0.0172184,0.343394,-0.56772,45.5317
14.758,-0.0253122,0.348481,-0.301815,0,0.0171333,0.343383,-0.567903,45.5365
14.76,-0.0253122,0.348481,-0.301815,0,0.0170427,0.343373,-0.568082,45.5412
14.762,-0.0189953,0.369768,-0.298854,0,0.0169471,0.343364,-0.568255,45.5459
14.764,-0.0189953,0.369768,-0.298854,0,0.0168525,0.343355,-0.568422,45.5506
14.766,-0.0189953,0.369768,-0.298854,0,0.0167634,0.343348,-0.568581,45.5553
14.768,-0.0189953,0.369768,-0.298854,0,0.0166788,0.343341,-0.568731,45.56
14.77,-0.0189953,0.369768,-0.298854,0,0.0165975,0.343334,-0.568871,45.5648
14.772,-0.0189953,0.369768,-0.298854,0,0.0165194,0.343328,-0.568998,45.5695
14.774,-0.0189953,0.369768,-0.298854,0,0.0164454,0.343321,-0.569109,45.5743
14.776,-0.0189953,0.369768,-0.298854,0,0.0163767,0.343313,-0.569203,45.5791
14.778,-0.0189953,0.369768,-0.298854,0,0.0163153,0.343303,-0.569281,45.5839
14.78,-0.0189953,0.369768,-0.298854,0,0.0162633,0.343289,-0.569344,45.5887
14.782,-0.0179726,0.359867,-0.286237,0,0.0162203,0.343273,-0.569394,45.5936
14.784,-0.0179726,0.359867,-0.286237,0,0.016185,0.34324,-0.569426,45.5985
14.786,-0.0179726,0.359867,-0.286237,0,0.016156,0.34318,-0.569436,45.6034
14.788,-0.0179726,0.359867,-0.286237,0,0.016132,0.343106,-0.569439,45.6084
14.79,-0.0179726,0.359867,-0.286237,0,0.0161107,0.343044,-0.56947,45.6134
14.792,-0.0179726,0.359867,-0.286237,0,0.0160893,0.342992,-0.569527,45.6184
14.794,-0.0179726,0.359867,-0.286237,0,0.0160651,0.34295,-0.569604,45.6233
14.796,-0.0179726,0.359867,-0.286237,0,0.0160368,0.342914,-0.569695,45.6283
14.798,-0.0179726,0.359867,-0.286237,0,0.0160042,0.342884,-0.569795,45.6333
14.8,-0.0179726,0.359867,-0.286237,0,0.0159672,0.342858,-0.569899,45.6382
14.802,-0.0157283,0.362732,-0.278239,0,0.0159259,0.342835,-0.570004,45.6432
14.804,-0.0157283,0.362732,-0.278239,0,0.0158827,0.342812,-0.570104,45.6481
14.806,-0.0157283,0.362732,-0.278239,0,0.0158393,0.342787,-0.570198,45.6531
14.808,-0.0157283,0.362732,-0.278239,0,0.0157953,0.342762,-0.570284,45.6582
14.81,-0.0157283,0.362732,-0.278239,0,0.0157504,0.342738,-0.570358,45.6632
14.812,-0.0157283,0.362732,-0.278239,0,0.0157049,0.342715,-0.57042,45.6683
14.814,-0.0157283,0.362732,-0.278239,0,0.01566,0.342695,-0.570472,45.6734
14.816,-0.0157283,0.362732,-0.278239,0,0.0156168,0.342678,-0.570512,45.6786
14.818,-0.0157283,0.362732,-0.278239,0,0.0155762,0.342663,-0.570543,45.6838
14.82,-0.0157283,0.362732,-0.278239,0,0.0155379,0.34265,-0.570562,45.689
14.822,-0.00957866,0.363535,-0.269202,0,0.0155017,0.342638,-0.570569,45.6943
14.824,-0.00957866,0.363535,-0.269202,0,0.0154696,0.342613,-0.57056,45.6997
14.826,-0.00957866,0.363535,-0.269202,0,0.0154437,0.342549,-0.570528,45.7051
14.828,-0.00957866,0.363535,-0.269202,0,0.0154231,0.342447,-0.570473,45.7106
14.83,-0.00957866,0.363535,-0.269202,0,0.0154069,0.342312,-0.570393,45.7162
14.832,-0.00957866,0.363535,-0.269202,0,0.0153941,0.342165,-0.570313,45.7218
14.834,-0.00957866,0.363535,-0.269202,0,0.0153835,0.342044,-0.570272,45.7274
14.836,-0.00957866,0.363535,-0.269202,0,0.0153745,0.341945,-0.570263,45.733
14.838,-0.00957866,0.363535,-0.269202,0,0.0153665,0.341863,-0.570278,45.7387
14.84,-0.00957866,0.363535,-0.269202,0,0.0153592,0.341796,-0.570308,45.7443
14.842,-0.0091982,0.357856,-0.258736,0,0.0153523,0.341741,-0.570349,45.75
14.844,-0.0091982,0.357856,-0.258736,0,0.0153453,0.341689,-0.570392,45.7556
14.846,-0.0091982,0.357856,-0.258736,0,0.0153377,0.341631,-0.570432,45.7614
14.848,-0.0091982,0.357856,-0.258736,0,0.0153301,0.341568,-0.570465,45.7671
14.85,-0.0091982,0.357856,-0.258736,0,0.015323,0.341503,-0.570492,45.7729
14.852,-0.0091982,0.357856,-0.258736,0,0.0153167,0.341436,-0.570511,45.7788
14.854,-0.0091982,0.357856,-0.258736,0,0.0153109,0.341368,-0.57052,45.7847
14.856,-0.0091982,0.357856,-0.258736,0,0.0153056,0.341299,-0.570518,45.7906
14.858,-0.0091982,0.357856,-0.258736,0,0.0153006,0.341228,-0.5705,45.7966
14.86,-0.0091982,0.357856,-0.258736,0,0.0152959,0.341155,-0.570468,45.8027
14.862,-0.00395077,0.356049,-0.253369,0,0.0152914,0.341079,-0.570418,45.8088
14.864,-0.00395077,0.356049,-0.253369,0,0.0152875,0.340986,-0.570348,45.815
14.866,-0.00395077,0.356049,-0.253369,0,0.0152842,0.34086,-0.570253,45.8213
14.868,-0.00395077,0.356049,-0.253369,0,0.0152817,0.340703,-0.570132,45.8277
14.87,-0.00395077,0.356049,-0.253369,0,0.0152799,0.340532,-0.570007,45.8341
14.872,-0.00395077,0.356049,-0.253369,0,0.0152783,0.340381,-0.569924,45.8406
14.874,-0.00395077,0.356049,-0.253369,0,0.0152767,0.340242,-0.569873,45.847
14.876,-0.00395077,0.356049,-0.253369,0,0.0152751,0.340109,-0.569845,45.8535
14.878,-0.00395077,0.356049,-0.253369,0,0.0152733,0.339977,-0.569832,45.86
14.88,-0.00395077,0.356049,-0.253369,0,0.0152713,0.339844,-0.569826,45.8666
14.882,-0.00345929,0.351253,-0.248907,0,0.0152694,0.339708,-0.569823,45.8731
14.884,-0.00345929,0.351253,-0.248907,0,0.0152677,0.339559,-0.569819,45.8797
14.886,-0.00345929,0.351253,-0.248907,0,0.0152663,0.33939,-0.569812,45.8864
14.888,-0.00345929,0.351253,-0.248907,0,0.0152653,0.339203,-0.569796,45.8931
14.89,-0.00345929,0.351253,-0.248907,0,0.0152645,0.339,-0.56977,45.8999
14.892,-0.00345929,0.351253,-0.248907,0,0.0152638,0.338783,-0.56973,45.9067
14.894,-0.00345929,0.351253,-0.248907,0,0.0152633,0.338556,-0.569673,45.9136
14.896,-0.00345929,0.351253,-0.248907,0,0.0152628,0.338319,-0.569598,45.9206
14.898,-0.00345929,0.351253,-0.248907,0,0.0152624,0.338075,-0.569502,45.9276
14.9,-0.00345929,0.351253,-0.248907,0,0.015262,0.337826,-0.569386,45.9347
14.902,0.00148677,0.346355,-0.247404,0,0.0152619,0.337567,-0.569244,45.9419
14.904,0.00148677,0.346355,-0.247404,0,0.0152623,0.337285,-0.569084,45.9492
14.906,0.00148677,0.346355,-0.247404,0,0.0152631,0.337005,-0.56896,45.9565
14.908,0.00148677,0.346355,-0.247404,0,0.0152639,0.336734,-0.568877,45.9638
14.91,0.00148677,0.346355,-0.247404,0,0.0152646,0.336465,-0.568825,45.9712
14.912,0.00148677,0.346355,-0.247404,0,0.0152653,0.336193,-0.568793,45.9786
14.914,0.00148677,0.346355,-0.247404,0,0.0152657,0.335916,-0.568773,45.9861
14.916,0.00148677,0.346355,-0.247404,0,0.0152662,0.335633,-0.568757,45.9935
14.918,0.00148677,0.346355,-0.247404,0,0.015267,0.335344,-0.568743,46.0011
14.92,0.00148677,0.346355,-0.247404,0,0.0152682,0.335051,-0.568727,46.0087
14.922,0.00221468,0.345636,-0.245342,0,0.0152696,0.334753,-0.568703,46.0163
14.924,0.00221468,0.345636,-0.245342,0,0.0152713,0.334444,-0.568667,46.024
14.926,0.00221468,0.345636,-0.245342,0,0.0152733,0.334121,-0.568615,46.0317
14.928,0.00221468,0.345636,-0.245342,0,0.0152754,0.333786,-0.568544,46.0395
14.93,0.00221468,0.345636,-0.245342,0,0.0152776,0.333441,-0.568452,46.0474
14.932,0.00221468,0.345636,-0.245342,0,0.0152799,0.333087,-0.568336,46.0554
14.934,0.00221468,0.345636,-0.245342,0,0.0152829,0.332718,-0.568192,46.0635
14.936,0.00221468,0.345636,-0.245342,0,0.0152869,0.332361,-0.568058,46.0716
14.938,0.00221468,0.345636,-0.245342,0,0.0152905,0.332041,-0.567976,46.0797
14.94,0.00221468,0.345636,-0.245342,0,0.0152935,0.331749,-0.567933,46.0879
14.942,0.00404987,0.340343,-0.246427,0,0.015296,0.331474,-0.567917,46.096
14.944,0.00404987,0.340343,-0.246427,0,0.0152979,0.331198,-0.567917,46.1042
14.946,0.00404987,0.340343,-0.246427,0,0.0152995,0.330907,-0.567923,46.1125
14.948,0.00404987,0.340343,-0.246427,0,0.0153008,0.330603,-0.567929,46.1208
14.95,0.00404987,0.340343,-0.246427,0,0.0153023,0.330287,-0.567932,46.1292
14.952,0.00404987,0.340343,-0.246427,0,0.0153041,0.329962,-0.567927,46.1377
14.954,0.00404987,0.340343,-0.246427,0,0.0153061,0.329627,-0.56791,46.1462
14.956,0.00404987,0.340343,-0.246427,0,0.0153082,0.329277,-0.567875,46.1547
14.958,0.00404987,0.340343,-0.246427,0,0.0153104,0.328909,-0.567817,46.1633
14.96,0.00404987,0.340343,-0.246427,0,0.0153127,0.32852,-0.567734,46.172
14.962,0.00859971,0.336533,-0.248932,0,0.0153157,0.328105,-0.567619,46.1808
14.964,0.00859971,0.336533,-0.248932,0,0.0153202,0.327682,-0.567503,46.1896
14.966,0.00859971,0.336533,-0.248932,0,0.0153259,0.327289,-0.567442,46.1985
14.968,0.00859971,0.336533,-0.248932,0,0.0153316,0.326916,-0.567422,46.2073
14.97,0.00859971,0.336533,-0.248932,0,0.0153367,0.326556,-0.567433,46.2163
14.972,0.00859971,0.336533,-0.248932,0,0.0153411,0.326201,-0.567462,46.2252
14.974,0.00859971,0.336533,-0.248932,0,0.015345,0.325847,-0.567498,46.2342
14.976,0.00859971,0.336533,-0.248932,0,0.0153485,0.325486,-0.567532,46.2432
14.978,0.00859971,0.336533,-0.248932,0,0.0153518,0.325115,-0.56756,46.2523
14.98,0.00859971,0.336533,-0.248932,0,0.0153553,0.324732,-0.567577,46.2614
14.982,0.0106827,0.335701,-0.250169,0,0.0153589,0.324331,-0.567578,46.2706
14.984,0.0106827,0.335701,-0.250169,0,0.0153628,0.323911,-0.56756,46.2798
14.986,0.0106827,0.335701,-0.250169,0,0.0153668,0.32347,-0.567518,46.2891
14.988,0.0106827,0.335701,-0.250169,0,0.0153717,0.323009,-0.567448,46.2985
14.99,0.0106827,0.335701,-0.250169,0,0.0153791,0.322521,-0.567343,46.3079
14.992,0.0106827,0.335701,-0.250169,0,0.0153882,0.32205,-0.567271,46.3174
14.994,0.0106827,0.335701,-0.250169,0,0.0153985,0.32161,-0.567255,46.3269
14.996,0.0106827,0.335701,-0.250169,0,0.0154086,0.321188,-0.567277,46.3364
14.998,0.0106827,0.335701,-0.250169,0,0.0154174,0.320778,-0.567327,46.346
15,0.0106827,0.335701,-0.250169,0,0.0154248,0.320373,-0.567391,46.3555
15.002,0.0118472,0.33285,-0.253168,0,0.0154312,0.319968,-0.567459,46.3651
15.004,0.0118472,0.33285,-0.253168,0,0.0154365,0.319557,-0.567522,46.3748
15.006,0.0118472,0.33285,-0.253168,0,0.0154412,0.319136,-0.567576,46.3845
15.008,0.0118472,0.33285,-0.253168,0,0.0154456,0.318707,-0.567618,46.3942
15.01,0.0118472,0.33285,-0.253168,0,0.0154501,0.318272,-0.567643,46.404
15.012,0.0118472,0.33285,-0.253168,0,0.0154545,0.317832,-0.567647,46.4139
15.014,0.0118472,0.33285,-0.253168,0,0.0154605,0.317379,-0.56762,46.4238
15.016,0.0118472,0.33285,-0.253168,0,0.0154683,0.31693,-0.567595,46.4338
15.018,0.0118472,0.33285,-0.253168,0,0.0154763,0.31652,-0.56763,46.4437
15.02,0.0118472,0.33285,-0.253168,0,0.0154839,0.316136,-0.567709,46.4537
15.022,0.0147492,0.330319,-0.25589,0,0.015491,0.315765,-0.567815,46.4637
15.024,0.0147492,0.330319,-0.25589,0,0.0154975,0.315398,-0.567937,46.4738
15.026,0.0147492,0.330319,-0.25589,0,0.015503,0.315027,-0.568066,46.4838
15.028,0.0147492,0.330319,-0.25589,0,0.0155077,0.314649,-0.568192,46.494
15.03,0.0147492,0.330319,-0.25589,0,0.0155117,0.314263,-0.568307,46.5041
15.032,0.0147492,0.330319,-0.25589,0,0.0155151,0.313867,-0.568403,46.5143
15.034,0.0147492,0.330319,-0.25589,0,0.0155184,0.313466,-0.56848,46.5245
15.036,0.0147492,0.330319,-0.25589,0,0.0155219,0.313061,-0.568533,46.5348
15.038,0.0147492,0.330319,-0.25589,0,0.0155274,0.312644,-0.568554,46.5452
15.04,0.0147492,0.330319,-0.25589,0,0.0155357,0.312207,-0.568536,46.5556
15.042,0.0186422,0.32358,-0.25807,0,0.0155459,0.311794,-0.568554,46.566
15.044,0.0186422,0.32358,-0.25807,0,0.0155571,0.311413,-0.568631,46.5764
15.046,0.0186422,0.32358,-0.25807,0,0.0155678,0.311044,-0.568747,46.5869
15.048,0.0186422,0.32358,-0.25807,0,0.0155774,0.310678,-0.568887,46.5974
15.05,0.0186422,0.32358,-0.25807,0,0.0155857,0.310311,-0.56904,46.6079
15.052,0.0186422,0.32358,-0.25807,0,0.0155926,0.30994,-0.569194,46.6185
15.054,0.0186422,0.32358,-0.25807,0,0.0155982,0.309563,-0.569339,46.6291
15.056,0.0186422,0.32358,-0.25807,0,0.0156028,0.309177,-0.569467,46.6397
15.058,0.0186422,0.32358,-0.25807,0,0.0156067,0.308784,-0.569573,46.6504
15.06,0.0186422,0.32358,-0.25807,0,0.0156104,0.308387,-0.569655,46.6611
15.062,0.0253544,0.32631,-0.261185,0,0.0156153,0.307977,-0.569704,46.6719
15.064,0.0253544,0.32631,-0.261185,0,0.015623,0.307571,-0.569753,46.6827
15.066,0.0253544,0.32631,-0.261185,0,0.0156336,0.307203,-0.569869,46.6935
15.068,0.0253544,0.32631,-0.261185,0,0.0156462,0.306857,-0.570031,46.7043
15.07,0.0253544,0.32631,-0.261185,0,0.0156601,0.306523,-0.570222,46.7152
15.072,0.0253544,0.32631,-0.261185,0,0.0156749,0.30619,-0.570425,46.726
15.074,0.0253544,0.32631,-0.261185,0,0.0156885,0.305856,-0.57063,46.7369
15.076,0.0253544,0.32631,-0.261185,0,0.0157002,0.305518,-0.570826,46.7478
15.078,0.0253544,0.32631,-0.261185,0,0.0157102,0.305173,-0.571004,46.7587
15.08,0.0253544,0.32631,-0.261185,0,0.0157189,0.30482,-0.571158,46.7697
15.082,0.0296131,0.325171,-0.261948,0,0.0157268,0.304461,-0.571282,46.7806
15.084,0.0296131,0.325171,-0.261948,0,0.0157361,0.304096,-0.571377,46.7917
15.086,0.0296131,0.325171,-0.261948,0,0.0157479,0.303724,-0.571435,46.8027
15.088,0.0296131,0.325171,-0.261948,0,0.0157595,0.303391,-0.571537,46.8138
15.09,0.0296131,0.325171,-0.261948,0,0.0157696,0.303114,-0.571706,46.8248
15.092,0.0296131,0.325171,-0.261948,0,0.015778,0.302877,-0.571924,46.8359
15.094,0.0296131,0.325171,-0.261948,0,0.0157848,0.302669,-0.572174,46.847
15.096,0.0296131,0.325171,-0.261948,0,0.0157898,0.302482,-0.57244,46.8581
15.098,0.0296131,0.325171,-0.261948,0,0.0157933,0.302311,-0.572712,46.8693
15.1,0.0296131,0.325171,-0.261948,0,0.0157952,0.30215,-0.572977,46.8804
15.102,0.0413115,0.333887,-0.269417,0,0.0157952,0.301997,-0.573227,46.8916
15.104,0.0413115,0.333887,-0.269417,0,0.0157945,0.301845,-0.573454,46.9029
15.106,0.0413115,0.333887,-0.269417,0,0.0157943,0.30169,-0.573655,46.9141
15.108,0.0413115,0.333887,-0.269417,0,0.0157945,0.301534,-0.573822,46.9254
15.11,0.0413115,0.333887,-0.269417,0,0.0157946,0.301408,-0.574039,46.9367
15.112,0.0413115,0.333887,-0.269417,0,0.0157941,0.30132,-0.574329,46.948
15.114,0.0413115,0.333887,-0.269417,0,0.0157919,0.301261,-0.574675,46.9594
15.116,0.0413115,0.333887,-0.269417,0,0.0157879,0.301224,-0.57506,46.9708
15.118,0.0413115,0.333887,-0.269417,0,0.015783,0.301204,-0.57547,46.9822
15.12,0.0413115,0.333887,-0.269417,0,0.0157777,0.301195,-0.575895,46.9936
15.122,0.061905,0.356942,-0.279479,0,0.0157693,0.301202,-0.576324,47.0051
15.124,0.061905,0.356942,-0.279479,0,0.0157601,0.30122,-0.576753,47.0166
15.126,0.061905,0.356942,-0.279479,0,0.0157535,0.301242,-0.577174,47.0281
15.128,0.061905,0.356942,-0.279479,0,0.0157491,0.301267,-0.577582,47.0397
15.13,0.061905,0.356942,-0.279479,0,0.0157465,0.301294,-0.577969,47.0513
15.132,0.061905,0.356942,-0.279479,0,0.0157452,0.301376,-0.578419,47.0629
15.134,0.061905,0.356942,-0.279479,0,0.0157446,0.301526,-0.578959,47.0744
15.136,0.061905,0.356942,-0.279479,0,0.0157442,0.30173,-0.579569,47.086
15.138,0.061905,0.356942,-0.279479,0,0.0157432,0.301975,-0.580231,47.0976
15.14,0.061905,0.356942,-0.279479,0,0.0157387,0.302256,-0.580931,47.1093
15.142,0.0869891,0.384637,-0.295223,0,0.0157261,0.302564,-0.581655,47.1209
15.144,0.0869891,0.384637,-0.295223,0,0.0157135,0.302894,-0.582395,47.1326
15.146,0.0869891,0.384637,-0.295223,0,0.0157105,0.30324,-0.583145,47.1442
15.148,0.0869891,0.384637,-0.295223,0,0.0157119,0.303604,-0.583897,47.1559
15.15,0.0869891,0.384637,-0.295223,0,0.0157151,0.303983,-0.584644,47.1676
15.152,0.0869891,0.384637,-0.295223,0,0.0157185,0.304374,-0.585378,47.1792
15.154,0.0869891,0.384637,-0.295223,0,0.0157216,0.30483,-0.586185,47.1909
15.156,0.0869891,0.384637,-0.295223,0,0.0157237,0.305368,-0.587094,47.2026
15.158,0.0869891,0.384637,-0.295223,0,0.0157217,0.305971,-0.588085,47.2142
15.16,0.0869891,0.384637,-0.295223,0,0.0157116,0.306622,-0.589136,47.2259
15.162,0.113809,0.418815,-0.318027,0,0.0156884,0.307309,-0.590233,47.2376
15.164,0.113809,0.418815,-0.318027,0,0.0156617,0.308041,-0.591367,47.2492
15.166,0.113809,0.418815,-0.318027,0,0.0156413,0.308824,-0.592532,47.2608
15.168,0.113809,0.418815,-0.318027,0,0.0156248,0.309649,-0.593718,47.2725
15.17,0.113809,0.418815,-0.318027,0,0.0156112,0.310509,-0.594917,47.2841
15.172,0.113809,0.418815,-0.318027,0,0.015599,0.311398,-0.596121,47.2957
15.174,0.113809,0.418815,-0.318027,0,0.0155848,0.312312,-0.597323,47.3073
15.176,0.113809,0.418815,-0.318027,0,0.0155654,0.313296,-0.598605,47.3189
15.178,0.113809,0.418815,-0.318027,0,0.0155351,0.314362,-0.59999,47.3305
15.18,0.113809,0.418815,-0.318027,0,0.0154846,0.315493,-0.601459,47.342
15.182,0.145108,0.45653,-0.370527,0,0.015408,0.316674,-0.602993,47.3536
15.184,0.145108,0.45653,-0.370527,0,0.0153263,0.317915,-0.604589,47.3651
15.186,0.145108,0.45653,-0.370527,0,0.0152593,0.319228,-0.606247,47.3766
15.188,0.145108,0.45653,-0.370527,0,0.0152002,0.3206,-0.607954,47.3881
15.19,0.145108,0.45653,-0.370527,0,0.0151408,0.322023,-0.6097,47.3995
15.192,0.145108,0.45653,-0.370527,0,0.0150786,0.323483,-0.611471,47.4109
15.194,0.145108,0.45653,-0.370527,0,0.0150077,0.324969,-0.613259,47.4223
15.196,0.145108,0.45653,-0.370527,0,0.0149228,0.326476,-0.615059,47.4338
15.198,0.145108,0.45653,-0.370527,0,0.0148188,0.328025,-0.616906,47.4452
15.2,0.145108,0.45653,-0.370527,0,0.0146901,0.329659,-0.618871,47.4566
15.202,0.179809,0.49499,-0.46127,0,0.0145309,0.331356,-0.620932,47.468
15.204,0.179809,0.49499,-0.46127,0,0.0143638,0.333139,-0.623097,47.4793
15.206,0.179809,0.49499,-0.46127,0,0.0142081,0.335025,-0.62537,47.4906
15.208,0.179809,0.49499,-0.46127,0,0.0140541,0.336994,-0.627732,47.5019
15.21,0.179809,0.49499,-0.46127,0,0.0138944,0.339027,-0.630168,47.5131
15.212,0.179809,0.49499,-0.46127,0,0.0137233,0.341108,-0.632664,47.5243
15.214,0.179809,0.49499,-0.46127,0,0.0135371,0.343224,-0.635208,47.5356
15.216,0.179809,0.49499,-0.46127,0,0.0133329,0.345362,-0.637792,47.5468
15.218,0.179809,0.49499,-0.46127,0,0.0131091,0.347513,-0.640405,47.558
15.22,0.179809,0.49499,-0.46127,0,0.0128649,0.349667,-0.643042,47.5692
15.222,0.217598,0.543994,-0.580664,0,0.0125997,0.351844,-0.645736,47.5805
15.224,0.217598,0.543994,-0.580664,0,0.0123383,0.354134,-0.648583,47.5917
15.226,0.217598,0.543994,-0.580664,0,0.0121002,0.356567,-0.651589,47.6028
15.228,0.217598,0.543994,-0.580664,0,0.0118742,0.359111,-0.654728,47.6139
15.23,0.217598,0.543994,-0.580664,0,0.0116517,0.361741,-0.657981,47.625
15.232,0.217598,0.543994,-0.580664,0,0.0114263,0.364435,-0.661328,47.636
15.234,0.217598,0.543994,-0.580664,0,0.0111932,0.367175,-0.664755,47.6469
15.236,0.217598,0.543994,-0.580664,0,0.0109489,0.369944,-0.668249,47.6579
15.238,0.217598,0.543994,-0.580664,0,0.0106914,0.372731,-0.671798,47.6688
15.24,0.217598,0.543994,-0.580664,0,0.0104194,0.375523,-0.675393,47.6798
15.242,0.253862,0.611802,-0.69928,0,0.0101323,0.378312,-0.679026,47.6908
15.244,0.253862,0.611802,-0.69928,0,0.00986501,0.381161,-0.68272,47.7017
15.246,0.253862,0.611802,-0.69928,0,0.00964467,0.384128,-0.686499,47.7126
15.248,0.253862,0.611802,-0.69928,0,0.00945895,0.387216,-0.69039,47.7234
15.25,0.253862,0.611802,-0.69928,0,0.00929613,0.390414,-0.6944,47.7341
15.252,0.253862,0.611802,-0.69928,0,0.00914652,0.393698,-0.698512,47.7448
15.254,0.253862,0.611802,-0.69928,0,0.00900273,0.397046,-0.702712,47.7555
15.256,0.253862,0.611802,-0.69928,0,0.00885924,0.400441,-0.706987,47.7661
15.258,0.253862,0.611802,-0.69928,0,0.00871206,0.403867,-0.711327,47.7767
15.26,0.253862,0.611802,-0.69928,0,0.00855847,0.407311,-0.715723,47.7874
15.262,0.281245,0.66973,-0.797997,0,0.0083967,0.410761,-0.720167,47.798
15.264,0.281245,0.66973,-0.797997,0,0.00825562,0.414261,-0.724674,47.8086
15.266,0.281245,0.66973,-0.797997,0,0.00815761,0.417852,-0.729259,47.8192
15.268,0.281245,0.66973,-0.797997,0,0.00808994,0.421519,-0.733913,47.8297
15.27,0.281245,0.66973,-0.797997,0,0.00804284,0.425246,-0.738626,47.8402
15.272,0.281245,0.66973,-0.797997,0,0.00800873,0.429019,-0.743392,47.8507
15.274,0.281245,0.66973,-0.797997,0,0.00798282,0.432826,-0.748205,47.8611
15.276,0.281245,0.66973,-0.797997,0,0.00796256,0.436656,-0.75306,47.8716
15.278,0.281245,0.66973,-0.797997,0,0.00794661,0.440498,-0.757953,47.8821
15.28,0.281245,0.66973,-0.797997,0,0.00793395,0.444342,-0.762881,47.8927
15.282,0.300459,0.721911,-0.885001,0,0.00792379,0.44818,-0.767841,47.9032
15.284,0.300459,0.721911,-0.885001,0,0.00795193,0.452048,-0.772853,47.9138
15.286,0.300459,0.721911,-0.885001,0,0.00804568,0.455978,-0.777935,47.9244
15.288,0.300459,0.721911,-0.885001,0,0.00818893,0.459962,-0.783081,47.935
15.29,0.300459,0.721911,-0.885001,0,0.00836898,0.463988,-0.788282,47.9456
15.292,0.300459,0.721911,-0.885001,0,0.00857586,0.468045,-0.793535,47.9563
15.294,0.300459,0.721911,-0.885001,0,0.00880189,0.472121,-0.798832,47.9669
15.296,0.300459,0.721911,-0.885001,0,0.00904119,0.476208,-0.804171,47.9777
15.298,0.300459,0.721911,-0.885001,0,0.00928936,0.480294,-0.809545,47.9885
15.3,0.300459,0.721911,-0.885001,0,0.00954322,0.484371,-0.814952,47.9994
15.302,0.313138,0.768322,-0.968764,0,0.00980055,0.48843,-0.820388,48.0103
15.304,0.313138,0.768322,-0.968764,0,0.010101,0.492496,-0.825873,48.0214
15.306,0.313138,0.768322,-0.968764,0,0.0104754,0.496595,-0.831427,48.0324
15.308,0.313138,0.768322,-0.968764,0,0.0109068,0.500721,-0.837041,48.0435
15.31,0.313138,0.768322,-0.968764,0,0.0113817,0.504866,-0.842709,48.0547
15.312,0.313138,0.768322,-0.968764,0,0.0118899,0.509021,-0.848424,48.066
15.314,0.313138,0.768322,-0.968764,0,0.0124233,0.513178,-0.85418,48.0773
15.316,0.313138,0.768322,-0.968764,0,0.0129759,0.517327,-0.859971,48.0887
15.318,0.313138,0.768322,-0.968764,0,0.0135432,0.521461,-0.865794,48.1002
15.32,0.313138,0.768322,-0.968764,0,0.014122,0.52557,-0.871641,48.1119
15.322,0.310571,0.804398,-1.04777,0,0.0147102,0.529648,-0.87751,48.1236
15.324,0.310571,0.804398,-1.04777,0,0.0153414,0.533708,-0.883416,48.1355
15.326,0.310571,0.804398,-1.04777,0,0.0160412,0.537765,-0.889375,48.1474
15.328,0.310571,0.804398,-1.04777,0,0.0167936,0.54182,-0.895379,48.1594
15.33,0.310571,0.804398,-1.04777,0,0.017608,0.545848,-0.90136,48.1714
15.332,0.310571,0.804398,-1.04777,0,0.0184721,0.549852,-0.907325,48.1835
15.334,0.310571,0.804398,-1.04777,0,0.0193543,0.553851,-0.913341,48.1956
15.336,0.310571,0.804398,-1.04777,0,0.0202506,0.557836,-0.919399,48.2079
15.338,0.310571,0.804398,-1.04777,0,0.0211581,0.561797,-0.925489,48.2204
15.34,0.310571,0.804398,-1.04777,0,0.0220749,0.565728,-0.931605,48.233
15.342,0.2823,0.827053,-1.12073,0,0.0230001,0.56962,-0.937738,48.2457
15.344,0.2823,0.827053,-1.12073,0,0.0239611,0.573471,-0.943897,48.2586
15.346,0.2823,0.827053,-1.12073,0,0.0249775,0.577288,-0.950089,48.2716
15.348,0.2823,0.827053,-1.12073,0,0.0260744,0.581037,-0.956179,48.2845
15.35,0.2823,0.827053,-1.12073,0,0.0272318,0.584738,-0.962201,48.2973
15.352,0.2823,0.827053,-1.12073,0,0.0284015,0.588436,-0.968287,48.3104
15.354,0.2823,0.827053,-1.12073,0,0.0295795,0.592122,-0.974421,48.3236
15.356,0.2823,0.827053,-1.12073,0,0.0307632,0.595788,-0.980591,48.337
15.358,0.2823,0.827053,-1.12073,0,0.0319517,0.599426,-0.986787,48.3505
15.36,0.2823,0.827053,-1.12073,0,0.0331444,0.603029,-0.992998,48.3643
15.362,0.226455,0.835696,-1.19279,0,0.0343419,0.60659,-0.999214,48.3782
15.364,0.226455,0.835696,-1.19279,0,0.0355672,0.610091,-1.00544,48.3923
15.366,0.226455,0.835696,-1.19279,0,0.0368346,0.613529,-1.01167,48.4065
15.368,0.226455,0.835696,-1.19279,0,0.0381302,0.616919,-1.01791,48.4209
15.37,0.226455,0.835696,-1.19279,0,0.0394448,0.620272,-1.02415,48.4354
15.372,0.226455,0.835696,-1.19279,0,0.0408049,0.623543,-1.03023,48.4496
15.374,0.226455,0.835696,-1.19279,0,0.042182,0.626781,-1.03628,48.4638
15.376,0.226455,0.835696,-1.19279,0,0.0435622,0.630005,-1.04236,48.4783
15.378,0.226455,0.835696,-1.19279,0,0.0449446,0.633207,-1.04847,48.4929
15.38,0.226455,0.835696,-1.19279,0,0.0463294,0.63638,-1.05458,48.5078
15.382,0.141518,0.830746,-1.26499,0,0.0477174,0.639518,-1.06069,48.5229
15.384,0.141518,0.830746,-1.26499,0,0.0491265,0.642585,-1.06679,48.5381
15.386,0.141518,0.830746,-1.26499,0,0.0505638,0.645521,-1.07274,48.553
15.388,0.141518,0.830746,-1.26499,0,0.0520174,0.648398,-1.07864,48.568
15.39,0.141518,0.830746,-1.26499,0,0.0534757,0.651217,-1.08446,48.5829
15.392,0.141518,0.830746,-1.26499,0,0.0549357,0.653997,-1.09022,48.5977
15.394,0.141518,0.830746,-1.26499,0,0.0563995,0.656777,-1.09601,48.6128
15.396,0.141518,0.830746,-1.26499,0,0.0578635,0.65955,-1.10182,48.6282
15.398,0.141518,0.830746,-1.26499,0,0.0593259,0.662308,-1.10764,48.6438
15.4,0.141518,0.830746,-1.26499,0,0.0607767,0.665001,-1.1133,48.6591
15.402,0.141518,0.830746,-1.26499,0,0.0622211,0.667727,-1.11887,48.6734
15.404,0.141518,0.830746,-1.26499,0,0.0636704,0.670592,-1.12449,48.686
15.406,0.141518,0.830746,-1.26499,0,0.065138,0.673603,-1.13026,48.6976
15.408,0.141518,0.830746,-1.26499,0,0.0666043,0.676652,-1.13598,48.7077
15.41,0.141518,0.830746,-1.26499,0,0.0680853,0.679759,-1.14175,48.717
15.412,0.141518,0.830746,-1.26499,0,0.0695709,0.682863,-1.14748,48.7252
15.414,0.141518,0.830746,-1.26499,0,0.071044,0.685954,-1.15319,48.7325
15.416,0.141518,0.830746,-1.26499,0,0.0725107,0.689135,-1.15919,48.7403
15.418,0.141518,0.830746,-1.26499,0,0.0739442,0.692264,-1.16516,48.7473
15.42,0.141518,0.830746,-1.26499,0,0.0753466,0.695287,-1.17101,48.7534
15.422,0.141518,0.830746,-1.26499,0,0.0767629,0.698245,-1.17694,48.7593
15.424,0.141518,0.830746,-1.26499,0,0.0781561,0.70103,-1.18265,48.7642
15.426,0.141518,0.830746,-1.26499,0,0.0795356,0.703639,-1.18816,48.7681
15.428,0.141518,0.830746,-1.26499,0,0.0809101,0.706081,-1.19348,48.7712
15.43,0.141518,0.830746,-1.26499,0,0.082287,0.708355,-1.19863,48.7738
15.432,0.141518,0.830746,-1.26499,0,0.0836721,0.710461,-1.2036,48.7759
15.434,0.141518,0.830746,-1.26499,0,0.0850708,0.712402,-1.20841,48.7776
15.436,0.141518,0.830746,-1.26499,0,0.0864873,0.714179,-1.21306,48.7789
15.438,0.141518,0.830746,-1.26499,0,0.0879256,0.715797,-1.21756,48.78
15.44,0.141518,0.830746,-1.26499,0,0.0893889,0.717261,-1.22193,48.7809
15.442,0.141518,0.830746,-1.26499,0,0.09088,0.718577,-1.22615,48.7816
15.444,0.141518,0.830746,-1.26499,0,0.0924014,0.719751,-1.23025,48.7822
15.446,0.141518,0.830746,-1.26499,0,0.0939552,0.72079,-1.23422,48.7827
15.448,0.141518,0.830746,-1.26499,0,0.0955431,0.721701,-1.23807,48.7831
15.45,0.141518,0.830746,-1.26499,0,0.0971666,0.722489,-1.2418,48.7834
15.452,0.141518,0.830746,-1.26499,0,0.0988272,0.723163,-1.24542,48.7836
15.454,0.141518,0.830746,-1.26499,0,0.100526,0.723728,-1.24893,48.7838
15.456,0.141518,0.830746,-1.26499,0,0.102264,0.724193,-1.25234,48.784
15.458,0.141518,0.830746,-1.26499,0,0.104042,0.72457,-1.25565,48.7841
15.46,0.141518,0.830746,-1.26499,0,0.105862,0.724877,-1.25887,48.7842
15.462,0.141518,0.830746,-1.26499,0,0.107725,0.725125,-1.26199,48.7843
15.464,0.141518,0.830746,-1.26499,0,0.109632,0.725325,-1.26503,48.7843
15.466,0.141518,0.830746,-1.26499,0,0.111583,0.725486,-1.26799,48.7844
15.468,0.141518,0.830746,-1.26499,0,0.113579,0.725615,-1.27087,48.7844
15.47,0.141518,0.830746,-1.26499,0,0.115621,0.725718,-1.27367,48.7845
15.472,0.141518,0.830746,-1.26499,0,0.117708,0.725799,-1.27641,48.7845
15.474,0.141518,0.830746,-1.26499,0,0.119841,0.725864,-1.27906,48.7845
15.476,0.141518,0.830746,-1.26499,0,0.122019,0.725914,-1.28165,48.7845
15.478,0.141518,0.830746,-1.26499,0,0.124243,0.725953,-1.28417,48.7845
15.48,0.141518,0.830746,-1.26499,0,0.126513,0.725982,-1.28663,48.7845
15.482,0.141518,0.830746,-1.26499,0,0.128828,0.726005,-1.28902,48.7845
15.484,0.141518,0.830746,-1.26499,0,0.131188,0.726021,-1.29135,48.7845
15.486,0.141518,0.830746,-1.26499,0,0.133593,0.726033,-1.29361,48.7845
15.488,0.141518,0.830746,-1.26499,0,0.136043,0.72604,-1.29582,48.7845
15.49,0.141518,0.830746,-1.26499,0,0.138426,0.727108,-1.29858,48.7843
15.492,0.141518,0.830746,-1.26499,0,0.140508,0.731045,-1.30296,48.7838
15.494,0.141518,0.830746,-1.26499,0,0.142269,0.737357,-1.30865,48.783
15.496,0.141518,0.830746,-1.26499,0,0.143334,0.745606,-1.31477,48.7817
15.498,0.141518,0.830746,-1.26499,0,0.143056,0.75542,-1.31998,48.7796
15.5,0.141518,0.830746,-1.26499,0,0.141596,0.766496,-1.32436,48.7769
15.502,0.141518,0.830746,-1.26499,0,0.139099,0.778573,-1.32799,48.7738
15.504,0.141518,0.830746,-1.26499,0,0.135697,0.791423,-1.33095,48.7706
15.506,0.141518,0.830746,-1.26499,0,0.13151,0.804848,-1.3333,48.7674
15.508,0.141518,0.830746,-1.26499,0,0.126646,0.818686,-1.33511,48.7643
15.51,0.141518,0.830746,-1.26499,0,0.121205,0.832801,-1.33645,48.7613
15.512,0.141518,0.830746,-1.26499,0,0.115275,0.847068,-1.33737,48.7585
15.514,0.141518,0.830746,-1.26499,0,0.108935,0.861379,-1.33792,48.756
15.516,0.141518,0.830746,-1.26499,0,0.102258,0.875644,-1.33815,48.7537
15.518,0.141518,0.830746,-1.26499,0,0.0953072,0.889788,-1.3381,48.7516
15.52,0.141518,0.830746,-1.26499,0,0.0881309,0.90375,-1.33782,48.7498
15.522,0.141518,0.830746,-1.26499,0,0.0807669,0.917485,-1.33733,48.7483
15.524,0.141518,0.830746,-1.26499,0,0.0732442,0.930959,-1.33669,48.747
15.526,0.141518,0.830746,-1.26499,0,0.0655768,0.944154,-1.33591,48.7459
15.528,0.141518,0.830746,-1.26499,0,0.0577734,0.957063,-1.33502,48.7451
15.53,0.141518,0.830746,-1.26499,0,0.0498398,0.969677,-1.33404,48.7444
15.532,0.141518,0.830746,-1.26499,0,0.0417788,0.981987,-1.33296,48.7438
15.534,0.141518,0.830746,-1.26499,0,0.0335941,0.993988,-1.33177,48.7433
15.536,0.141518,0.830746,-1.26499,0,0.0252895,1.00567,-1.33048,48.7429
15.538,0.141518,0.830746,-1.26499,0,0.0168692,1.01705,-1.32908,48.7426
15.54,0.141518,0.830746,-1.26499,0,0.00833819,1.0281,-1.32756,48.7424
15.542,0.141518,0.830746,-1.26499,0,-0.000297515,1.03883,-1.32593,48.7422
15.544,0.141518,0.830746,-1.26499,0,-0.0090081,1.0491,-1.32414,48.742
15.546,0.141518,0.830746,-1.26499,0,-0.0177748,1.05885,-1.32218,48.7419
15.548,0.141518,0.830746,-1.26499,0,-0.02659,1.06812,-1.32006,48.7418
15.55,0.141518,0.830746,-1.26499,0,-0.0354463,1.07694,-1.3178,48.7417
15.552,0.141518,0.830746,-1.26499,0,-0.0443367,1.08534,-1.3154,48.7417
15.554,0.141518,0.830746,-1.26499,0,-0.0532546,1.09334,-1.31287,48.7417
15.556,0.141518,0.830746,-1.26499,0,-0.0621934,1.10096,-1.31023,48.7417
15.558,0.141518,0.830746,-1.26499,0,-0.0711472,1.10823,-1.30748,48.7416
15.56,0.141518,0.830746,-1.26499,0,-0.0801102,1.11516,-1.30462,48.7416
15.562,0.141518,0.830746,-1.26499,0,-0.0890768,1.12179,-1.30168,48.7417
15.564,0.141518,0.830746,-1.26499,0,-0.0980418,1.12811,-1.29864,48.7417
15.566,0.141518,0.830746,-1.26499,0,-0.107,1.13416,-1.29553,48.7417
15.568,0.141518,0.830746,-1.26499,0,-0.115947,1.13995,-1.29234,48.7417
15.57,0.141518,0.830746,-1.26499,0,-0.124879,1.1455,-1.28909,48.7417
15.572,0.141518,0.830746,-1.26499,0,-0.13379,1.15081,-1.28578,48.7418
15.574,0.141518,0.830746,-1.26499,0,-0.142677,1.15591,-1.28241,48.7418
15.576,0.141518,0.830746,-1.26499,0,-0.151536,1.1608,-1.27899,48.7418
15.578,0.141518,0.830746,-1.26499,0,-0.160363,1.16549,-1.27552,48.7418
15.58,0.141518,0.830746,-1.26499,0,-0.169155,1.17001,-1.27201,48.7419
15.582,0.141518,0.830746,-1.26499,0,-0.177909,1.17436,-1.26846,48.7419
15.584,0.141518,0.830746,-1.26499,0,-0.186622,1.17854,-1.26488,48.7419
15.586,0.141518,0.830746,-1.26499,0,-0.19529,1.18257,-1.26127,48.7419
15.588,0.141518,0.830746,-1.26499,0,-0.203911,1.18646,-1.25763,48.742
15.59,0.141518,0.830746,-1.26499,0,-0.212482,1.19022,-1.25397,48.742
15.592,0.141518,0.830746,-1.26499,0,-0.221001,1.19385,-1.25029,48.742
15.594,0.141518,0.830746,-1.26499,0,-0.229466,1.19736,-1.24659,48.742
15.596,0.141518,0.830746,-1.26499,0,-0.237874,1.20075,-1.24288,48.7421
15.598,0.141518,0.830746,-1.26499,0,-0.246223,1.20405,-1.23916,48.7421
15.6,0.141518,0.830746,-1.26499,0,-0.254512,1.20724,-1.23542,48.7421
15.602,0.141518,0.830746,-1.26499,0,-0.262738,1.21034,-1.23168,48.7422
15.604,0.141518,0.830746,-1.26499,0,-0.2709,1.21336,-1.22794,48.7422
15.606,0.141518,0.830746,-1.26499,0,-0.278997,1.21629,-1.2242,48.7422
15.608,0.141518,0.830746,-1.26499,0,-0.287026,1.21914,-1.22045,48.7422
15.61,0.141518,0.830746,-1.26499,0,-0.294987,1.22192,-1.21671,48.7422
15.612,0.141518,0.830746,-1.26499,0,-0.302878,1.22463,-1.21297,48.7423
15.614,0.141518,0.830746,-1.26499,0,-0.310699,1.22728,-1.20923,48.7423
15.616,0.141518,0.830746,-1.26499,0,-0.318446,1.22987,-1.2055,48.7423
15.618,0.141518,0.830746,-1.26499,0,-0.326121,1.2324,-1.20178,48.7423
15.62,0.141518,0.830746,-1.26499,0,-0.333722,1.23488,-1.19807,48.7424
15.622,0.141518,0.830746,-1.26499,0,-0.341247,1.2373,-1.19437,48.7424
15.624,0.141518,0.830746,-1.26499,0,-0.348697,1.23968,-1.19069,48.7424
15.626,0.141518,0.830746,-1.26499,0,-0.35607,1.24202,-1.18701,48.7424
15.628,0.141518,0.830746,-1.26499,0,-0.363365,1.24431,-1.18335,48.7424
15.63,0.141518,0.830746,-1.26499,0,-0.370583,1.24656,-1.17971,48.7425
15.632,0.141518,0.830746,-1.26499,0,-0.377722,1.24878,-1.17608,48.7425
15.634,0.141518,0.830746,-1.26499,0,-0.384781,1.25096,-1.17247,48.7425
15.636,0.141518,0.830746,-1.26499,0,-0.390907,1.25318,-1.16896,48.7425
15.638,0.141518,0.830746,-1.26499,0,-0.395831,1.25546,-1.16559,48.7426
15.64,0.141518,0.830746,-1.26499,0,-0.399731,1.25777,-1.16233,48.7426
15.642,0.141518,0.830746,-1.26499,0,-0.402761,1.26011,-1.15915,48.7426
15.644,0.141518,0.830746,-1.26499,0,-0.405054,1.26247,-1.15605,48.7426
15.646,0.141518,0.830746,-1.26499,0,-0.406725,1.26483,-1.153,48.7426
15.648,0.141518,0.830746,-1.26499,0,-0.407875,1.26718,-1.14999,48.7427
15.65,0.141518,0.830746,-1.26499,0,-0.408589,1.26951,-1.14701,48.7427
15.652,0.141518,0.830746,-1.26499,0,-0.408943,1.27183,-1.14405,48.7427
15.654,0.141518,0.830746,-1.26499,0,-0.408999,1.27412,-1.14111,48.7427
15.656,0.141518,0.830746,-1.26499,0,-0.408812,1.27638,-1.13817,48.7427
15.658,0.141518,0.830746,-1.26499,0,-0.408429,1.27861,-1.13524,48.7428
15.66,0.141518,0.830746,-1.26499,0,-0.40789,1.2808,-1.1323,48.7428
15.662,0.141518,0.830746,-1.26499,0,-0.407229,1.28296,-1.12936,48.7428
15.664,0.141518,0.830746,-1.26499,0,-0.406474,1.28508,-1.12642,48.7428
15.666,0.141518,0.830746,-1.26499,0,-0.405651,1.28717,-1.12347,48.7428
15.668,0.141518,0.830746,-1.26499,0,-0.404786,1.28885,-1.12032,48.7428
15.67,0.141518,0.830746,-1.26499,0,-0.403898,1.28992,-1.1169,48.7429
15.672,0.141518,0.830746,-1.26499,0,-0.403,1.29031,-1.11325,48.7429
15.674,0.141518,0.830746,-1.26499,0,-0.402101,1.29,-1.10937,48.7429
15.676,0.141518,0.830746,-1.26499,0,-0.40121,1.28899,-1.10532,48.7429
15.678,0.141518,0.830746,-1.26499,0,-0.400334,1.28728,-1.10112,48.7429
15.68,0.141518,0.830746,-1.26499,0,-0.399476,1.2849,-1.0968,48.7429
15.682,0.141518,0.830746,-1.26499,0,-0.398642,1.28189,-1.09239,48.743
15.684,0.141518,0.830746,-1.26499,0,-0.397834,1.2783,-1.08792,48.743
15.686,0.141518,0.830746,-1.26499,0,-0.397054,1.27419,-1.08341,48.743
15.688,0.141518,0.830746,-1.26499,0,-0.396304,1.26961,-1.07889,48.743
15.69,0.141518,0.830746,-1.26499,0,-0.395585,1.2646,-1.07437,48.743
15.692,0.141518,0.830746,-1.26499,0,-0.394897,1.25923,-1.06986,48.743
15.694,0.141518,0.830746,-1.26499,0,-0.394241,1.25353,-1.06539,48.743
15.696,0.141518,0.830746,-1.26499,0,-0.393616,1.24755,-1.06097,48.7431
15.698,0.141518,0.830746,-1.26499,0,-0.393022,1.24134,-1.05661,48.7431
15.7,0.141518,0.830746,-1.26499,0,-0.392458,1.23493,-1.05232,48.7431
15.702,0.141518,0.830746,-1.26499,0,-0.391925,1.22835,-1.04811,48.7431
15.704,0.141518,0.830746,-1.26499,0,-0.39142,1.22164,-1.04397,48.7431
15.706,0.141518,0.830746,-1.26499,0,-0.390943,1.21482,-1.03992,48.7431
15.708,0.141518,0.830746,-1.26499,0,-0.390494,1.20793,-1.03597,48.7431
15.71,0.141518,0.830746,-1.26499,0,-0.390071,1.20097,-1.0321,48.7431
15.712,0.141518,0.830746,-1.26499,0,-0.389673,1.19397,-1.02832,48.7431
15.714,0.141518,0.830746,-1.26499,0,-0.389299,1.18695,-1.02464,48.7431
15.716,0.141518,0.830746,-1.26499,0,-0.388948,1.17993,-1.02105,48.7431
15.718,0.141518,0.830746,-1.26499,0,-0.388618,1.17292,-1.01757,48.7431
15.72,0.141518,0.830746,-1.26499,0,-0.388309,1.16594,-1.01418,48.7431
15.722,0.141518,0.830746,-1.26499,0,-0.38802,1.159,-1.01088,48.7431
15.724,0.141518,0.830746,-1.26499,0,-0.387749,1.15211,-1.00769,48.743
15.726,0.141518,0.830746,-1.26499,0,-0.387495,1.14528,-1.00459,48.743
15.728,0.141518,0.830746,-1.26499,0,-0.387258,1.13852,-1.00159,48.743
15.73,0.141518,0.830746,-1.26499,0,-0.387036,1.13184,-0.998682,48.743
15.732,0.141518,0.830746,-1.26499,0,-0.386828,1.12526,-0.995866,48.743
15.734,0.141518,0.830746,-1.26499,0,-0.386634,1.11877,-0.99314,48.743
15.736,0.141518,0.830746,-1.26499,0,-0.386453,1.1124,-0.990502,48.743
15.738,0.141518,0.830746,-1.26499,0,-0.386283,1.10615,-0.98795,48.743
15.74,0.141518,0.830746,-1.26499,0,-0.386124,1.10002,-0.985482,48.743
15.742,0.141518,0.830746,-1.26499,0,-0.385976,1.09401,-0.983096,48.7429
15.744,0.141518,0.830746,-1.26499,0,-0.385838,1.08814,-0.980791,48.7429
15.746,0.141518,0.830746,-1.26499,0,-0.38571,1.08238,-0.978568,48.7429
15.748,0.141518,0.830746,-1.26499,0,-0.385592,1.07671,-0.976429,48.7429
15.75,0.141518,0.830746,-1.26499,0,-0.385482,1.07113,-0.97437,48.7429
15.752,0.141518,0.830746,-1.26499,0,-0.385381,1.06563,-0.97239,48.7429
15.754,0.141518,0.830746,-1.26499,0,-0.385288,1.0602,-0.970485,48.7429
15.756,0.141518,0.830746,-1.26499,0,-0.385202,1.05483,-0.968655,48.7428
15.758,0.141518,0.830746,-1.26499,0,-0.385122,1.04952,-0.966897,48.7428
15.76,0.141518,0.830746,-1.26499,0,-0.385048,1.04427,-0.965209,48.7428
15.762,0.141518,0.830746,-1.26499,0,-0.38498,1.03907,-0.963591,48.7428
15.764,0.141518,0.830746,-1.26499,0,-0.384918,1.03392,-0.96204,48.7428
15.766,0.141518,0.830746,-1.26499,0,-0.38486,1.02881,-0.960555,48.7428
15.768,0.141518,0.830746,-1.26499,0,-0.384806,1.02374,-0.959136,48.7428
15.77,0.141518,0.830746,-1.26499,0,-0.384757,1.01871,-0.95778,48.7427
15.772,0.141518,0.830746,-1.26499,0,-0.384711,1.01371,-0.956487,48.7427
15.774,0.141518,0.830746,-1.26499,0,-0.38467,1.00875,-0.955256,48.7427
15.776,0.141518,0.830746,-1.26499,0,-0.384632,1.00381,-0.954087,48.7427
15.778,0.141518,0.830746,-1.26499,0,-0.384597,0.998905,-0.952977,48.7427
15.78,0.141518,0.830746,-1.26499,0,-0.384565,0.99402,-0.951927,48.7427
15.782,0.141518,0.830746,-1.26499,0,-0.384536,0.989155,-0.950937,48.7426
15.784,0.141518,0.830746,-1.26499,0,-0.38451,0.984307,-0.950004,48.7426
15.786,0.141518,0.830746,-1.26499,0,-0.384487,0.979472,-0.949129,48.7426
15.788,0.141518,0.830746,-1.26499,0,-0.384466,0.974649,-0.948312,48.7426
15.79,0.141518,0.830746,-1.26499,0,-0.384447,0.969832,-0.947552,48.7426
15.792,0.141518,0.830746,-1.26499,0,-0.38443,0.96502,-0.946849,48.7426
15.794,0.141518,0.830746,-1.26499,0,-0.384416,0.960208,-0.946202,48.7425
15.796,0.141518,0.830746,-1.26499,0,-0.384403,0.955392,-0.945612,48.7425
15.798,0.141518,0.830746,-1.26499,0,-0.384391,0.95057,-0.945078,48.7425
15.8,0.141518,0.830746,-1.26499,0,-0.384395,0.944709,-0.944418,48.7425
15.802,0.141518,0.830746,-1.26499,0,-0.384414,0.937423,-0.943581,48.7425
15.804,0.141518,0.830746,-1.26499,0,-0.384442,0.928903,-0.942627,48.7425
15.806,0.141518,0.830746,-1.26499,0,-0.384474,0.919332,-0.941609,48.7425
15.808,0.141518,0.830746,-1.26499,0,-0.384505,0.908876,-0.940572,48.7425
15.81,0.141518,0.830746,-1.26499,0,-0.384532,0.897689,-0.939555,48.7425
15.812,0.141518,0.830746,-1.26499,0,-0.384554,0.885913,-0.938591,48.7425
15.814,0.141518,0.830746,-1.26499,0,-0.38457,0.873674,-0.937708,48.7426
15.816,0.141518,0.830746,-1.26499,0,-0.38458,0.861085,-0.936929,48.7426
15.818,0.141518,0.830746,-1.26499,0,-0.384582,0.84825,-0.936272,48.7426
15.82,0.141518,0.830746,-1.26499,0,-0.384569,0.835256,-0.935741,48.7426
15.822,0.141518,0.830746,-1.26499,0,-0.384531,0.82219,-0.935337,48.7426
15.824,0.141518,0.830746,-1.26499,0,-0.384457,0.809133,-0.93507,48.7426
15.826,0.141518,0.830746,-1.26499,0,-0.384341,0.796161,-0.934949,48.7426
15.828,0.141518,0.830746,-1.26499,0,-0.384176,0.783341,-0.934979,48.7426
15.83,0.141518,0.830746,-1.26499,0,-0.383959,0.770733,-0.935163,48.7426
15.832,0.141518,0.830746,-1.26499,0,-0.383688,0.758394,-0.935503,48.7426
15.834,0.141518,0.830746,-1.26499,0,-0.383361,0.746373,-0.935999,48.7426
15.836,0.141518,0.830746,-1.26499,0,-0.38298,0.734713,-0.936649,48.7426
15.838,0.141518,0.830746,-1.26499,0,-0.382541,0.723454,-0.937452,48.7426
15.84,0.141518,0.830746,-1.26499,0,-0.382044,0.712626,-0.938404,48.7426
15.842,0.141518,0.830746,-1.26499,0,-0.38147,0.702382,-0.939517,48.7425
15.844,0.141518,0.830746,-1.26499,0,-0.38082,0.692762,-0.940781,48.7425
15.846,0.141518,0.830746,-1.26499,0,-0.380103,0.683733,-0.942177,48.7425
15.848,0.141518,0.830746,-1.26499,0,-0.379329,0.675265,-0.943687,48.7425
15.85,0.141518,0.830746,-1.26499,0,-0.376341,0.665346,-0.94644,48.7442
15.852,0.141518,0.830746,-1.26499,0,-0.371466,0.656565,-0.95207,48.7481
15.854,0.141518,0.830746,-1.26499,0,-0.365473,0.650302,-0.960727,48.7535
15.856,0.141518,0.830746,-1.26499,0,-0.358524,0.646132,-0.971892,48.7598
15.858,0.141518,0.830746,-1.26499,0,-0.350779,0.643709,-0.985111,48.7665
15.86,0.141518,0.830746,-1.26499,0,-0.342311,0.642688,-0.999944,48.7732
15.862,0.141518,0.830746,-1.26499,0,-0.333196,0.642742,-1.01602,48.7798
15.864,0.141518,0.830746,-1.26499,0,-0.323495,0.643583,-1.03303,48.786
15.866,0.141518,0.830746,-1.26499,0,-0.313255,0.644963,-1.0507,48.7919
15.868,0.141518,0.830746,-1.26499,0,-0.302512,0.646671,-1.06879,48.7972
15.87,0.141518,0.830746,-1.26499,0,-0.291297,0.648526,-1.08712,48.802
15.872,0.141518,0.830746,-1.26499,0,-0.279637,0.650379,-1.10552,48.8064
15.874,0.141518,0.830746,-1.26499,0,-0.267555,0.652104,-1.12387,48.8102
15.876,0.141518,0.830746,-1.26499,0,-0.255072,0.653597,-1.14205,48.8135
15.878,0.141518,0.830746,-1.26499,0,-0.242205,0.654789,-1.15998,48.8164
15.88,0.141518,0.830746,-1.26499,0,-0.228969,0.655621,-1.17758,48.8189
15.882,0.141518,0.830746,-1.26499,0,-0.215377,0.65604,-1.19482,48.821
15.884,0.141518,0.830746,-1.26499,0,-0.201441,0.656006,-1.21163,48.8227
15.886,0.141518,0.830746,-1.26499,0,-0.187163,0.655485,-1.22798,48.8241
15.888,0.141518,0.830746,-1.26499,0,-0.172546,0.654454,-1.24386,48.8252
15.89,0.141518,0.830746,-1.26499,0,-0.157582,0.652856,-1.25923,48.8262
15.892,0.141518,0.830746,-1.26499,0,-0.142265,0.65061,-1.27407,48.8269
15.894,0.141518,0.830746,-1.26499,0,-0.126608,0.647739,-1.28839,48.8275
15.896,0.141518,0.830746,-1.26499,0,-0.11062,0.644276,-1.30217,48.828
15.898,0.141518,0.830746,-1.26499,0,-0.0943133,0.640262,-1.31542,48.8284
15.9,0.141518,0.830746,-1.26499,0,-0.0775936,0.635124,-1.32692,48.8284
15.902,0.141518,0.830746,-1.26499,0,-0.0604737,0.628757,-1.3363,48.8278
15.904,0.141518,0.830746,-1.26499,0,-0.0430334,0.621387,-1.34384,48.8269
15.906,0.141518,0.830746,-1.26499,0,-0.0253582,0.613196,-1.34978,48.8258
15.908,0.141518,0.830746,-1.26499,0,-0.00753091,0.604332,-1.35435,48.8245
15.91,0.141518,0.830746,-1.26499,0,0.0103777,0.594932,-1.35774,48.823
15.912,0.141518,0.830746,-1.26499,0,0.0283263,0.585144,-1.36013,48.8216
15.914,0.141518,0.830746,-1.26499,0,0.046294,0.575105,-1.36166,48.8201
15.916,0.141518,0.830746,-1.26499,0,0.0642955,0.564885,-1.36248,48.8186
15.918,0.141518,0.830746,-1.26499,0,0.0823549,0.554486,-1.3627,48.8172
15.92,0.141518,0.830746,-1.26499,0,0.100432,0.543989,-1.36243,48.8158
15.922,0.141518,0.830746,-1.26499,0,0.118499,0.533466,-1.36175,48.8145
15.924,0.141518,0.830746,-1.26499,0,0.136532,0.522976,-1.36073,48.8132
15.926,0.141518,0.830746,-1.26499,0,0.154514,0.512563,-1.35944,48.8121
15.928,0.141518,0.830746,-1.26499,0,0.172431,0.502268,-1.35793,48.811
15.93,0.141518,0.830746,-1.26499,0,0.190276,0.492127,-1.35625,48.8101
15.932,0.141518,0.830746,-1.26499,0,0.208043,0.482167,-1.35444,48.8092
15.934,0.141518,0.830746,-1.26499,0,0.225726,0.472397,-1.35252,48.8085
15.936,0.141518,0.830746,-1.26499,0,0.243323,0.462812,-1.35049,48.8078
15.938,0.141518,0.830746,-1.26499,0,0.26083,0.453409,-1.34834,48.8072
15.94,0.141518,0.830746,-1.26499,0,0.276946,0.445093,-1.3461,48.8061
15.942,0.141518,0.830746,-1.26499,0,0.291257,0.438145,-1.34383,48.8044
15.944,0.141518,0.830746,-1.26499,0,0.304039,0.432431,-1.34165,48.8023
15.946,0.141518,0.830746,-1.26499,0,0.315677,0.427878,-1.33959,48.7999
15.948,0.141518,0.830746,-1.26499,0,0.326357,0.424315,-1.33766,48.7971
15.95,0.141518,0.830746,-1.26499,0,0.336238,0.421589,-1.33585,48.794
15.952,0.141518,0.830746,-1.26499,0,0.345447,0.41957,-1.33415,48.7907
15.954,0.141518,0.830746,-1.26499,0,0.354091,0.418147,-1.33256,48.7872
15.956,0.141518,0.830746,-1.26499,0,0.362261,0.417223,-1.33107,48.7835
15.958,0.141518,0.830746,-1.26499,0,0.370028,0.416714,-1.32968,48.7798
15.96,0.141518,0.830746,-1.26499,0,0.377455,0.41655,-1.32838,48.776
15.962,0.141518,0.830746,-1.26499,0,0.384593,0.416671,-1.32716,48.7722
15.964,0.141518,0.830746,-1.26499,0,0.391483,0.417027,-1.32602,48.7685
15.966,0.141518,0.830746,-1.26499,0,0.39816,0.417575,-1.32496,48.7647
15.968,0.141518,0.830746,-1.26499,0,0.404655,0.418278,-1.32397,48.761
15.97,0.141518,0.830746,-1.26499,0,0.410991,0.419107,-1.32304,48.7573
15.972,0.141518,0.830746,-1.26499,0,0.41719,0.420041,-1.32218,48.7537
15.974,0.141518,0.830746,-1.26499,0,0.423271,0.421066,-1.32137,48.7502
15.976,0.141518,0.830746,-1.26499,0,0.429248,0.422167,-1.32061,48.7467
15.978,0.141518,0.830746,-1.26499,0,0.435133,0.423327,-1.31991,48.7434
15.98,0.141518,0.830746,-1.26499,0,0.440934,0.424537,-1.31925,48.7401
15.982,0.141518,0.830746,-1.26499,0,0.44666,0.425787,-1.31864,48.7369
15.984,0.141518,0.830746,-1.26499,0,0.452317,0.42707,-1.31806,48.7337
15.986,0.141518,0.830746,-1.26499,0,0.457993,0.428455,-1.31753,48.7306
15.988,0.141518,0.830746,-1.26499,0,0.463731,0.429957,-1.31703,48.7275
15.99,0.141518,0.830746,-1.26499,0,0.469533,0.431551,-1.31657,48.7244
15.992,0.141518,0.830746,-1.26499,0,0.475391,0.433217,-1.31614,48.7214
15.994,0.141518,0.830746,-1.26499,0,0.481212,0.435067,-1.31574,48.7184
15.996,0.141518,0.830746,-1.26499,0,0.486825,0.437295,-1.31537,48.7156
15.998,0.141518,0.830746,-1.26499,0,0.492244,0.439812,-1.31502,48.7129
16,0.141518,0.830746,-1.26499,0,0.497483,0.44254,-1.3147,48.7104
16.002,0.141518,0.830746,-1.26499,0,0.502563,0.44542,-1.31439,48.7082
16.004,0.141518,0.830746,-1.26499,0,0.507503,0.448404,-1.31411,48.706
16.006,0.141518,0.830746,-1.26499,0,0.512321,0.451457,-1.31384,48.704
16.008,0.141518,0.830746,-1.26499,0,0.517028,0.454548,-1.31358,48.7022
16.01,0.141518,0.830746,-1.26499,0,0.521635,0.457657,-1.31334,48.7004
16.012,0.141518,0.830746,-1.26499,0,0.525986,0.46066,-1.31311,48.6988
16.014,0.141518,0.830746,-1.26499,0,0.52978,0.463342,-1.3129,48.6974
16.016,0.141518,0.830746,-1.26499,0,0.533077,0.465723,-1.3127,48.6961
16.018,0.141518,0.830746,-1.26499,0,0.535933,0.467824,-1.31251,48.695
16.02,0.141518,0.830746,-1.26499,0,0.538398,0.469667,-1.31233,48.694
16.022,0.141518,0.830746,-1.26499,0,0.540513,0.471271,-1.31217,48.693
16.024,0.141518,0.830746,-1.26499,0,0.542314,0.472656,-1.31202,48.6922
16.026,0.141518,0.830746,-1.26499,0,0.543835,0.473842,-1.31187,48.6915
16.028,0.141518,0.830746,-1.26499,0,0.54511,0.474849,-1.31174,48.6908
16.03,0.141518,0.830746,-1.26499,0,0.546172,0.475703,-1.31161,48.6902
16.032,0.141518,0.830746,-1.26499,0,0.547055,0.476428,-1.31149,48.6897
16.034,0.141518,0.830746,-1.26499,0,0.547787,0.477066,-1.31137,48.6892
16.036,0.141518,0.830746,-1.26499,0,0.548395,0.477545,-1.31125,48.6887
16.038,0.141518,0.830746,-1.26499,0,0.548897,0.477696,-1.31107,48.6884
16.04,0.141518,0.830746,-1.26499,0,0.549313,0.477555,-1.31085,48.6881
16.042,0.141518,0.830746,-1.26499,0,0.549659,0.477154,-1.31057,48.688
16.044,0.141518,0.830746,-1.26499,0,0.549951,0.476521,-1.31025,48.6879
16.046,0.141518,0.830746,-1.26499,0,0.550201,0.475683,-1.30988,48.6879
16.048,0.141518,0.830746,-1.26499,0,0.550421,0.474663,-1.30947,48.688
16.05,0.141518,0.830746,-1.26499,0,0.55062,0.473481,-1.30902,48.6881
16.052,0.141518,0.830746,-1.26499,0,0.550807,0.472155,-1.30854,48.6882
16.054,0.141518,0.830746,-1.26499,0,0.550988,0.470702,-1.30802,48.6883
16.056,0.141518,0.830746,-1.26499,0,0.551169,0.469135,-1.30746,48.6885
16.058,0.141518,0.830746,-1.26499,0,0.551355,0.467467,-1.30688,48.6887
16.06,0.141518,0.830746,-1.26499,0,0.55155,0.465709,-1.30627,48.6889
16.062,0.141518,0.830746,-1.26499,0,0.551756,0.463872,-1.30563,48.6891
16.064,0.141518,0.830746,-1.26499,0,0.551977,0.461963,-1.30497,48.6893
16.066,0.141518,0.830746,-1.26499,0,0.552215,0.459991,-1.30428,48.6895
16.068,0.141518,0.830746,-1.26499,0,0.552471,0.457961,-1.30357,48.6897
16.07,0.141518,0.830746,-1.26499,0,0.552746,0.45588,-1.30284,48.6899
16.072,0.141518,0.830746,-1.26499,0,0.553041,0.453751,-1.3021,48.6901
16.074,0.141518,0.830746,-1.26499,0,0.553356,0.45158,-1.30133,48.6904
16.076,0.141518,0.830746,-1.26499,0,0.553692,0.449369,-1.30054,48.6906
16.078,0.141518,0.830746,-1.26499,0,0.55405,0.447124,-1.29974,48.6908
16.08,0.141518,0.830746,-1.26499,0,0.554431,0.444849,-1.29892,48.691
16.082,0.141518,0.830746,-1.26499,0,0.554835,0.442545,-1.29809,48.6912
16.084,0.141518,0.830746,-1.26499,0,0.55526,0.440214,-1.29725,48.6913
16.086,0.141518,0.830746,-1.26499,0,0.555706,0.437856,-1.29639,48.6915
16.088,0.141518,0.830746,-1.26499,0,0.556172,0.435475,-1.29552,48.6917
16.09,0.141518,0.830746,-1.26499,0,0.556658,0.433071,-1.29464,48.6919
16.092,0.141518,0.830746,-1.26499,0,0.557161,0.430648,-1.29375,48.6921
16.094,0.141518,0.830746,-1.26499,0,0.557681,0.428206,-1.29284,48.6922
16.096,0.141518,0.830746,-1.26499,0,0.558217,0.425746,-1.29193,48.6924
16.098,0.141518,0.830746,-1.26499,0,0.558768,0.42327,-1.29101,48.6926
16.1,0.141518,0.830746,-1.26499,0,0.559332,0.420778,-1.29008,48.6928
16.102,0.141518,0.830746,-1.26499,0,0.559909,0.41827,-1.28914,48.6929
16.104,0.141518,0.830746,-1.26499,0,0.560496,0.415746,-1.2882,48.6931
16.106,0.141518,0.830746,-1.26499,0,0.561092,0.413205,-1.28724,48.6933
16.108,0.141518,0.830746,-1.26499,0,0.561697,0.410646,-1.28628,48.6934
16.11,0.141518,0.830746,-1.26499,0,0.562308,0.408067,-1.28531,48.6936
16.112,0.141518,0.830746,-1.26499,0,0.562925,0.40547,-1.28433,48.6938
16.114,0.141518,0.830746,-1.26499,0,0.563552,0.40284,-1.28333,48.6939
16.116,0.141518,0.830746,-1.26499,0,0.564198,0.400153,-1.28232,48.6941
16.118,0.141518,0.830746,-1.26499,0,0.564862,0.397408,-1.28127,48.6943
16.12,0.141518,0.830746,-1.26499,0,0.565539,0.39461,-1.28021,48.6945
16.122,0.141518,0.830746,-1.26499,0,0.566228,0.39176,-1.27912,48.6946
16.124,0.141518,0.830746,-1.26499,0,0.566924,0.388861,-1.27801,48.6948
16.126,0.141518,0.830746,-1.26499,0,0.567625,0.385916,-1.27689,48.695
16.128,0.141518,0.830746,-1.26499,0,0.568329,0.382924,-1.27574,48.6952
16.13,0.141518,0.830746,-1.26499,0,0.569034,0.379889,-1.27458,48.6954
16.132,0.141518,0.830746,-1.26499,0,0.569738,0.37681,-1.27341,48.6956
16.134,0.141518,0.830746,-1.26499,0,0.570439,0.37369,-1.27222,48.6958
16.136,0.141518,0.830746,-1.26499,0,0.571136,0.370532,-1.27102,48.696
16.138,0.141518,0.830746,-1.26499,0,0.571827,0.367344,-1.2698,48.6962
16.14,0.141518,0.830746,-1.26499,0,0.572512,0.364125,-1.26857,48.6964
16.142,0.141518,0.830746,-1.26499,0,0.573189,0.360875,-1.26733,48.6966
16.144,0.141518,0.830746,-1.26499,0,0.573859,0.357593,-1.26608,48.6968
16.146,0.141518,0.830746,-1.26499,0,0.57452,0.35428,-1.26482,48.697
16.148,0.141518,0.830746,-1.26499,0,0.575171,0.350934,-1.26354,48.6972
16.15,0.141518,0.830746,-1.26499,0,0.575812,0.347555,-1.26226,48.6974
16.152,0.141518,0.830746,-1.26499,0,0.576375,0.344288,-1.26106,48.6977
16.154,0.141518,0.830746,-1.26499,0,0.576832,0.341197,-1.25998,48.6981
16.156,0.141518,0.830746,-1.26499,0,0.577185,0.338291,-1.25904,48.6986
16.158,0.141518,0.830746,-1.26499,0,0.577445,0.33556,-1.2582,48.6991
16.16,0.141518,0.830746,-1.26499,0,0.577634,0.332998,-1.25745,48.6996
16.162,0.141518,0.830746,-1.26499,0,0.577773,0.330598,-1.2568,48.7002
16.164,0.141518,0.830746,-1.26499,0,0.577851,0.328315,-1.25624,48.7007
16.166,0.141518,0.830746,-1.26499,0,0.577863,0.326118,-1.2558,48.7011
16.168,0.141518,0.830746,-1.26499,0,0.577813,0.323995,-1.25543,48.7015
16.17,0.141518,0.830746,-1.26499,0,0.577705,0.321938,-1.25515,48.7018
16.172,0.141518,0.830746,-1.26499,0,0.577539,0.319949,-1.25493,48.702
16.174,0.141518,0.830746,-1.26499,0,0.577326,0.318024,-1.25478,48.7022
16.176,0.141518,0.830746,-1.26499,0,0.577085,0.316165,-1.25469,48.7023
16.178,0.141518,0.830746,-1.26499,0,0.576844,0.314428,-1.25464,48.7025
16.18,0.141518,0.830746,-1.26499,0,0.576649,0.312915,-1.2546,48.7026
16.182,0.141518,0.830746,-1.26499,0,0.576491,0.311608,-1.25457,48.7028
16.184,0.141518,0.830746,-1.26499,0,0.576363,0.310484,-1.25455,48.7029
16.186,0.141518,0.830746,-1.26499,0,0.57626,0.309519,-1.25453,48.703
16.188,0.141518,0.830746,-1.26499,0,0.576166,0.308697,-1.25451,48.7031
16.19,0.141518,0.830746,-1.26499,0,0.576079,0.308004,-1.2545,48.7032
16.192,0.141518,0.830746,-1.26499,0,0.576004,0.30743,-1.25449,48.7032
16.194,0.141518,0.830746,-1.26499,0,0.575943,0.306962,-1.25449,48.7033
16.196,0.141518,0.830746,-1.26499,0,0.575892,0.306583,-1.25448,48.7033
16.198,0.141518,0.830746,-1.26499,0,0.57585,0.306284,-1.25449,48.7033
16.2,0.141518,0.830746,-1.26499,0,0.575815,0.306058,-1.25449,48.7033
16.202,0.141518,0.830746,-1.26499,0,0.575786,0.305906,-1.25451,48.7033
16.204,0.141518,0.830746,-1.26499,0,0.575761,0.305826,-1.25453,48.7033
16.206,0.141518,0.830746,-1.26499,0,0.575738,0.305819,-1.25457,48.7033
16.208,0.141518,0.830746,-1.26499,0,0.575717,0.305883,-1.25462,48.7032
16.21,0.141518,0.830746,-1.26499,0,0.575696,0.306017,-1.25469,48.7031
16.212,0.141518,0.830746,-1.26499,0,0.575677,0.306221,-1.25476,48.703
16.214,0.141518,0.830746,-1.26499,0,0.575659,0.306493,-1.25485,48.7029
16.216,0.141518,0.830746,-1.26499,0,0.575642,0.306831,-1.25496,48.7027
16.218,0.141518,0.830746,-1.26499,0,0.575626,0.307236,-1.25508,48.7025
16.22,0.141518,0.830746,-1.26499,0,0.575609,0.307705,-1.25522,48.7023
16.222,0.141518,0.830746,-1.26499,0,0.575592,0.308238,-1.25537,48.7021
16.224,0.141518,0.830746,-1.26499,0,0.575573,0.308832,-1.25554,48.7018
16.226,0.141518,0.830746,-1.26499,0,0.575552,0.309488,-1.25572,48.7015
16.228,0.141518,0.830746,-1.26499,0,0.575528,0.310204,-1.25592,48.7012
16.23,0.141518,0.830746,-1.26499,0,0.575503,0.31098,-1.25614,48.7009
16.232,0.141518,0.830746,-1.26499,0,0.575474,0.311813,-1.25637,48.7005
16.234,0.141518,0.830746,-1.26499,0,0.575441,0.312704,-1.25661,48.7002
16.236,0.141518,0.830746,-1.26499,0,0.575406,0.313651,-1.25688,48.6998
16.238,0.141518,0.830746,-1.26499,0,0.575366,0.314653,-1.25715,48.6993
16.24,0.141518,0.830746,-1.26499,0,0.575322,0.31571,-1.25745,48.6989
16.242,0.141518,0.830746,-1.26499,0,0.575274,0.316819,-1.25775,48.6985
16.244,0.141518,0.830746,-1.26499,0,0.575222,0.317981,-1.25808,48.698
16.246,0.141518,0.830746,-1.26499,0,0.575164,0.319196,-1.25841,48.6975
16.248,0.141518,0.830746,-1.26499,0,0.575102,0.320465,-1.25877,48.697
16.25,0.141518,0.830746,-1.26499,0,0.575033,0.321791,-1.25914,48.6965
16.252,0.141518,0.830746,-1.26499,0,0.574958,0.323176,-1.25953,48.6959
16.254,0.141518,0.830746,-1.26499,0,0.574877,0.324617,-1.25994,48.6954
16.256,0.141518,0.830746,-1.26499,0,0.57479,0.326114,-1.26036,48.6948
16.258,0.141518,0.830746,-1.26499,0,0.574696,0.327667,-1.2608,48.6943
16.26,0.141518,0.830746,-1.26499,0,0.574596,0.329276,-1.26126,48.6937
16.262,0.141518,0.830746,-1.26499,0,0.574488,0.330942,-1.26174,48.6931
16.264,0.141518,0.830746,-1.26499,0,0.574373,0.332665,-1.26223,48.6925
16.266,0.141518,0.830746,-1.26499,0,0.57425,0.334445,-1.26274,48.6918
16.268,0.141518,0.830746,-1.26499,0,0.57412,0.336282,-1.26327,48.6912
16.27,0.141518,0.830746,-1.26499,0,0.573983,0.338178,-1.26382,48.6905
16.272,0.141518,0.830746,-1.26499,0,0.573837,0.340131,-1.26439,48.6899
16.274,0.141518,0.830746,-1.26499,0,0.573683,0.342141,-1.26497,48.6892
16.276,0.141518,0.830746,-1.26499,0,0.573522,0.34421,-1.26558,48.6885
16.278,0.141518,0.830746,-1.26499,0,0.573352,0.346336,-1.2662,48.6878
16.28,0.141518,0.830746,-1.26499,0,0.573173,0.348519,-1.26684,48.6871
16.282,0.141518,0.830746,-1.26499,0,0.572986,0.350757,-1.26749,48.6864
16.284,0.141518,0.830746,-1.26499,0,0.572791,0.353051,-1.26816,48.6856
16.286,0.141518,0.830746,-1.26499,0,0.572603,0.355076,-1.26876,48.685
16.288,0.141518,0.830746,-1.26499,0,0.572431,0.356717,-1.26925,48.6845
16.29,0.141518,0.830746,-1.26499,0,0.572276,0.358031,-1.26965,48.684
16.292,0.141518,0.830746,-1.26499,0,0.572137,0.35906,-1.26997,48.6837
16.294,0.141518,0.830746,-1.26499,0,0.572012,0.359839,-1.27022,48.6835
16.296,0.141518,0.830746,-1.26499,0,0.571902,0.360401,-1.27039,48.6832
16.298,0.141518,0.830746,-1.26499,0,0.571804,0.360774,-1.27051,48.6831
16.3,0.141518,0.830746,-1.26499,0,0.571718,0.360985,-1.27058,48.683
16.302,0.141518,0.830746,-1.26499,0,0.571644,0.361058,-1.2706,48.6829
16.304,0.141518,0.830746,-1.26499,0,0.571582,0.361016,-1.27058,48.6828
16.306,0.141518,0.830746,-1.26499,0,0.57153,0.360873,-1.27053,48.6828
16.308,0.141518,0.830746,-1.26499,0,0.571487,0.360644,-1.27045,48.6827
16.31,0.141518,0.830746,-1.26499,0,0.571452,0.360339,-1.27034,48.6827
16.312,0.141518,0.830746,-1.26499,0,0.571424,0.359969,-1.27021,48.6827
16.314,0.141518,0.830746,-1.26499,0,0.571401,0.359541,-1.27005,48.6827
16.316,0.141518,0.830746,-1.26499,0,0.571382,0.359063,-1.26988,48.6827
16.318,0.141518,0.830746,-1.26499,0,0.571367,0.358539,-1.26969,48.6827
16.32,0.141518,0.830746,-1.26499,0,0.571355,0.357974,-1.26949,48.6827
16.322,0.141518,0.830746,-1.26499,0,0.571345,0.357373,-1.26927,48.6827
16.324,0.141518,0.830746,-1.26499,0,0.571338,0.356737,-1.26904,48.6827
16.326,0.141518,0.830746,-1.26499,0,0.571333,0.356065,-1.2688,48.6827
16.328,0.141518,0.830746,-1.26499,0,0.571329,0.355355,-1.26854,48.6827
16.33,0.141518,0.830746,-1.26499,0,0.571327,0.354606,-1.26826,48.6828
16.332,0.141518,0.830746,-1.26499,0,0.571327,0.353819,-1.26797,48.6828
16.334,0.141518,0.830746,-1.26499,0,0.571327,0.353071,-1.2677,48.6828
16.336,0.141518,0.830746,-1.26499,0,0.571327,0.352394,-1.26745,48.6828
16.338,0.141518,0.830746,-1.26499,0,0.571328,0.351783,-1.26722,48.6828
16.34,0.141518,0.830746,-1.26499,0,0.571329,0.351231,-1.26702,48.6828
16.342,0.141518,0.830746,-1.26499,0,0.57133,0.350734,-1.26683,48.6829
16.344,0.141518,0.830746,-1.26499,0,0.57133,0.350287,-1.26667,48.6829
